image_filename,opencv_haar,insightface,mtcnn,yolo_face,face_detection,face_detection_tflite
haan_ghil_muulnaat_1780561024785.png,1,1,1,1,1,0
haan_ghil_muulnaat_1780561038944.png,1,1,1,1,1,1
haan_ghil_muulnaat_1780561076876.png,1,1,1,0,1,0
haan_ghil_muulnaat_1780561079937.png,0,0,1,1,0,1
haan_ghil_muulnaat_1780561087853.png,0,0,1,0,0,1
haan_ghil_muulnaat_1780561090415.png,0,0,1,1,0,0
haan_ghil_muulnaat_1780561092793.png,0,1,1,1,1,0
haan_ghil_muulnaat_1780561094434.png,0,1,1,1,1,0
haan_ghil_muulnaat_1780561098743.png,0,1,1,1,1,0
haan_ghil_muulnaat_1780561104805.png,1,1,1,1,1,0
haan_ghil_muulnaat_1780561106265.png,0,1,1,0,0,0
haan_ghil_muulnaat_1780561107623.png,0,0,1,1,1,0
haan_ghil_muulnaat_1780561109210.png,0,0,1,1,1,1
_0 (1).png,0,1,1,1,0,0
_0 (10).png,1,1,1,1,0,1
_0 (11).png,0,1,1,1,0,1
_0 (12).png,0,0,0,0,0,0
_0 (13).png,1,1,1,1,1,1
_0 (14).png,0,1,1,1,0,1
_0 (15).png,0,1,1,1,0,1
_0 (16).png,0,1,1,1,0,0
_0 (17).png,1,1,1,1,1,0
_0 (18).png,0,0,1,1,0,0
_0 (19).png,0,1,1,1,0,0
_0 (2).png,0,1,1,1,0,1
_0 (20).png,1,1,1,1,0,1
_0 (3).png,0,1,0,1,0,0
_0 (4).png,0,0,0,1,0,0
_0 (5).png,0,1,1,1,0,0
_0 (6).png,0,0,0,1,0,0
_0 (7).png,0,1,1,1,0,0
_0 (8).png,0,1,1,1,0,0
_0 (9).png,0,1,1,1,0,1
haan_ghil_muulnaat_1780561380761.png,1,1,1,1,1,1
haan_ghil_muulnaat_1780561381312.png,0,1,1,1,0,1
haan_ghil_muulnaat_1780561381787.png,0,1,1,1,1,1
haan_ghil_muulnaat_1780561382802.png,0,1,1,1,1,1
haan_ghil_muulnaat_1780561383291.png,0,1,1,1,0,0
haan_ghil_muulnaat_1780561383883.png,0,0,0,1,0,0
haan_ghil_muulnaat_1780561384390.png,1,1,1,1,0,1
haan_ghil_muulnaat_1780561384957.png,0,1,1,1,0,0
haan_ghil_muulnaat_1780561385604.png,1,1,1,1,1,1
haan_ghil_muulnaat_1780561386210.png,0,1,1,0,0,0
haan_ghil_muulnaat_1780561386876.png,0,1,1,0,0,0
haan_ghil_muulnaat_1780561387353.png,0,1,1,1,0,1
haan_ghil_muulnaat_1780561387938.png,0,1,1,1,0,1
haan_ghil_muulnaat_1780561388557.png,0,0,1,0,0,0
haan_ghil_muulnaat_1780561389232.png,0,1,1,1,1,0
haan_ghil_muulnaat_1780561389786.png,1,1,1,1,1,1
haan_ghil_muulnaat_1780561390389.png,0,1,1,1,0,1
haan_ghil_muulnaat_1780561390874.png,0,1,1,0,0,1
haan_ghil_muulnaat_1780561391358.png,0,1,1,1,0,1
haan_ghil_muulnaat_1780561391915.png,1,1,1,1,0,0
haan_ghil_muulnaat_1780561392379.png,0,1,1,1,1,0
haan_ghil_muulnaat_1780561392879.png,0,1,1,1,0,1
haan_ghil_muulnaat_1780561393532.png,0,0,1,1,0,0
haan_ghil_muulnaat_1780561394019.png,1,1,1,1,0,0
haan_ghil_muulnaat_1780561394685.png,0,1,1,1,1,1
haan_ghil_muulnaat_1780561395178.png,0,0,0,0,0,1
haan_ghil_muulnaat_1780561395695.png,0,0,1,0,0,1
haan_ghil_muulnaat_1780561396174.png,1,1,1,1,0,0
haan_ghil_muulnaat_1780561396705.png,0,1,1,1,0,0
haan_ghil_muulnaat_1780561397301.png,0,1,0,1,1,1
haan_ghil_muulnaat_1780561397809.png,0,1,1,1,0,1
haan_ghil_muulnaat_1780561398406.png,0,1,1,1,1,0
haan_ghil_muulnaat_1780561398877.png,0,1,1,1,0,1
haan_ghil_muulnaat_1780561399512.png,1,1,1,1,0,1
haan_ghil_muulnaat_1780561399995.png,0,1,1,1,0,1
haan_ghil_muulnaat_1780561400689.png,0,1,1,1,0,0
haan_ghil_muulnaat_1780561401229.png,0,1,1,1,0,1
haan_ghil_muulnaat_1780561401736.png,0,1,1,1,1,1
haan_ghil_muulnaat_1780561402411.png,1,1,1,1,1,0
haan_ghil_muulnaat_1780561402920.png,0,1,1,1,1,0
haan_ghil_muulnaat_1780561403415.png,0,1,1,1,0,1
haan_ghil_muulnaat_1780561403846.png,0,0,0,0,1,1
haan_ghil_muulnaat_1780561404318.png,0,1,1,1,0,1
haan_ghil_muulnaat_1780561404806.png,0,1,1,1,1,1
haan_ghil_muulnaat_1780561405483.png,0,1,1,1,0,1
haan_ghil_muulnaat_1780561405962.png,0,1,1,1,0,1
haan_ghil_muulnaat_1780561406629.png,0,1,1,1,1,1
haan_ghil_muulnaat_1780561407110.png,1,1,1,1,1,0
haan_ghil_muulnaat_1780561407719.png,0,1,1,1,0,0
haan_ghil_muulnaat_1780561408305.png,0,1,1,1,0,0
haan_ghil_muulnaat_1780561408832.png,0,0,0,0,1,0
haan_ghil_muulnaat_1780561409436.png,0,1,1,0,0,1
haan_ghil_muulnaat_1780561410117.png,0,1,1,1,0,0
haan_ghil_muulnaat_1780561410799.png,1,1,1,1,0,1
haan_ghil_muulnaat_1780561411444.png,1,1,1,1,0,1
haan_ghil_muulnaat_1780561411965.png,0,1,1,1,0,0
haan_ghil_muulnaat_1780561412572.png,0,1,0,1,0,0
haan_ghil_muulnaat_1780561413163.png,0,0,0,1,0,0
haan_ghil_muulnaat_1780561413662.png,0,1,1,1,0,0
haan_ghil_muulnaat_1780561414126.png,0,1,1,1,0,1
haan_ghil_muulnaat_1780561414644.png,0,0,0,0,0,0
haan_ghil_muulnaat_1780561415268.png,1,1,1,1,1,1
haan_ghil_muulnaat_1780561415891.png,0,1,1,0,0,0
haan_ghil_muulnaat_1780561416528.png,1,1,1,1,1,1
haan_ghil_muulnaat_1780561416996.png,0,1,1,1,1,1
haan_ghil_muulnaat_1780561417448.png,0,1,1,1,0,1
haan_ghil_muulnaat_1780561417942.png,1,1,1,1,1,0
haan_ghil_muulnaat_1780561418434.png,0,1,1,1,1,1
haan_ghil_muulnaat_1780561418848.png,0,1,1,1,1,1
haan_ghil_muulnaat_1780561419344.png,1,1,1,1,1,1
haan_ghil_muulnaat_1780561419986.png,0,1,1,1,1,1
haan_ghil_muulnaat_1780561420652.png,0,0,0,1,0,0
haan_ghil_muulnaat_1780561421200.png,0,1,1,1,0,0
haan_ghil_muulnaat_1780561421691.png,0,1,1,1,0,1
haan_ghil_muulnaat_1780561422296.png,0,1,1,1,1,1
haan_ghil_muulnaat_1780561422910.png,0,1,0,1,0,0
haan_ghil_muulnaat_1780561423538.png,0,1,1,1,0,0
haan_ghil_muulnaat_1780561424143.png,0,0,0,1,0,0
haan_ghil_muulnaat_1780561424799.png,0,1,1,1,0,1
haan_ghil_muulnaat_1780561425430.png,0,1,1,1,0,0
haan_ghil_muulnaat_1780561425931.png,0,1,1,1,0,0
haan_ghil_muulnaat_1780561426531.png,0,1,0,1,0,0
haan_ghil_muulnaat_1780561427166.png,1,0,0,0,0,0
haan_ghil_muulnaat_1780561427789.png,1,1,1,1,1,1
haan_ghil_muulnaat_1780561428265.png,0,0,1,1,0,1
haan_ghil_muulnaat_1780561428731.png,0,1,1,1,0,1
haan_ghil_muulnaat_1780561429187.png,0,0,1,1,1,1
haan_ghil_muulnaat_1780561429803.png,0,0,1,1,1,1
haan_ghil_muulnaat_1780561430315.png,0,1,1,1,0,1
haan_ghil_muulnaat_1780561431004.png,0,1,0,0,0,0
haan_ghil_muulnaat_1780561431506.png,0,1,1,1,0,1
haan_ghil_muulnaat_1780561432166.png,0,1,1,1,0,0
haan_ghil_muulnaat_1780561432831.png,0,1,1,1,1,0
haan_ghil_muulnaat_1780561433406.png,0,1,1,1,0,1
haan_ghil_muulnaat_1780561434016.png,0,1,1,1,0,0
haan_ghil_muulnaat_1780561434513.png,0,1,1,1,0,1
haan_ghil_muulnaat_1780561435157.png,0,1,1,1,0,1
haan_ghil_muulnaat_1780561435739.png,0,0,0,1,0,0
haan_ghil_muulnaat_1780561436245.png,0,1,1,1,1,1
haan_ghil_muulnaat_1780561436913.png,0,1,1,1,0,1
haan_ghil_muulnaat_1780561437506.png,1,1,1,1,0,1
haan_ghil_muulnaat_1780561437947.png,0,1,1,1,0,1
haan_ghil_muulnaat_1780561438451.png,0,1,1,0,1,0
haan_ghil_muulnaat_1780561439098.png,0,0,0,1,0,0
haan_ghil_muulnaat_1780561439584.png,0,1,1,1,0,0
haan_ghil_muulnaat_1780561440220.png,1,1,1,1,1,0
haan_ghil_muulnaat_1780561440867.png,0,1,1,1,0,1
haan_ghil_muulnaat_1780561441540.png,0,1,0,1,0,0
haan_ghil_muulnaat_1780561442246.png,0,1,1,0,0,0
haan_ghil_muulnaat_1780561442877.png,0,1,1,1,0,0
haan_ghil_muulnaat_1780561443377.png,0,1,1,1,0,1
haan_ghil_muulnaat_1780561443892.png,0,1,1,1,1,1
haan_ghil_muulnaat_1780561444426.png,0,1,1,1,0,1
haan_ghil_muulnaat_1780561445069.png,0,1,1,1,0,0
haan_ghil_muulnaat_1780561445533.png,0,0,1,1,1,0
haan_ghil_muulnaat_1780561446036.png,0,1,1,1,1,1
haan_ghil_muulnaat_1780561446552.png,0,1,1,1,1,1
haan_ghil_muulnaat_1780561447153.png,1,1,1,1,0,1
haan_ghil_muulnaat_1780561447646.png,0,1,1,1,0,1
haan_ghil_muulnaat_1780561448262.png,0,1,1,1,0,0
haan_ghil_muulnaat_1780561448751.png,1,1,1,1,1,0
haan_ghil_muulnaat_1780561449344.png,0,1,1,1,0,1
haan_ghil_muulnaat_1780561449852.png,0,1,1,1,0,1
haan_ghil_muulnaat_1780561450467.png,0,1,1,1,0,1
haan_ghil_muulnaat_1780561451152.png,0,1,1,1,0,1
haan_ghil_muulnaat_1780561451753.png,0,1,0,1,0,0
haan_ghil_muulnaat_1780561452420.png,0,0,0,1,0,0
haan_ghil_muulnaat_1780561452936.png,1,1,1,1,0,1
haan_ghil_muulnaat_1780561453423.png,0,1,1,1,0,1
haan_ghil_muulnaat_1780561454081.png,0,0,0,0,0,0
haan_ghil_muulnaat_1780561454594.png,1,1,1,1,0,1
haan_ghil_muulnaat_1780561455089.png,1,1,1,1,0,0
haan_ghil_muulnaat_1780561455777.png,0,1,0,1,0,0
haan_ghil_muulnaat_1780561456303.png,0,1,1,1,0,1
haan_ghil_muulnaat_1780561456865.png,0,1,1,1,0,1
haan_ghil_muulnaat_1780561457408.png,1,1,1,1,1,0
haan_ghil_muulnaat_1780561457908.png,0,1,1,1,1,0
haan_ghil_muulnaat_1780561458431.png,0,1,1,1,0,1
haan_ghil_muulnaat_1780561458948.png,0,1,1,1,1,0
haan_ghil_muulnaat_1780561459460.png,0,0,0,0,0,0
haan_ghil_muulnaat_1780561459999.png,0,1,1,0,0,1
haan_ghil_muulnaat_1780561460624.png,0,1,1,1,0,0
haan_ghil_muulnaat_1780561461155.png,0,1,1,1,1,1
haan_ghil_muulnaat_1780561461828.png,0,1,1,1,0,1
haan_ghil_muulnaat_1780561462321.png,1,1,1,1,0,1
haan_ghil_muulnaat_1780561463025.png,0,1,1,1,1,1
haan_ghil_muulnaat_1780561463680.png,0,1,1,0,0,1
haan_ghil_muulnaat_1780561464318.png,0,1,0,1,0,1
haan_ghil_muulnaat_1780561464993.png,1,1,1,1,0,0
haan_ghil_muulnaat_1780561465491.png,0,1,1,1,0,1
haan_ghil_muulnaat_1780561466020.png,0,1,1,1,0,0
haan_ghil_muulnaat_1780561466694.png,1,1,1,1,1,1
haan_ghil_muulnaat_1780561467308.png,0,1,1,1,0,1
haan_ghil_muulnaat_1780561467833.png,1,1,1,1,1,1
haan_ghil_muulnaat_1780561468880.png,0,0,1,1,0,0
haan_ghil_muulnaat_1780561469547.png,0,0,0,0,0,0
haan_ghil_muulnaat_1780561470198.png,0,1,0,1,0,0
haan_ghil_muulnaat_1780561470704.png,0,1,1,1,0,0
haan_ghil_muulnaat_1780561471226.png,0,1,1,1,0,1
haan_ghil_muulnaat_1780561471844.png,0,1,0,1,1,1
haan_ghil_muulnaat_1780561472392.png,1,1,1,1,0,0
haan_ghil_muulnaat_1780561473057.png,0,1,1,1,1,1
haan_ghil_muulnaat_1780561473565.png,0,1,1,1,0,0
haan_ghil_muulnaat_1780561474099.png,0,0,1,1,0,1
haan_ghil_muulnaat_1780561474596.png,0,1,1,1,0,0
haan_ghil_muulnaat_1780561475255.png,0,1,1,1,0,0
haan_ghil_muulnaat_1780561475870.png,0,1,1,0,0,0
haan_ghil_muulnaat_1780561476371.png,1,1,1,1,0,1
haan_ghil_muulnaat_1780561476886.png,0,1,1,1,0,1
haan_ghil_muulnaat_1780561477384.png,0,1,0,1,1,0
haan_ghil_muulnaat_1780561478076.png,0,0,1,1,0,1
haan_ghil_muulnaat_1780561478767.png,1,1,1,1,1,1
haan_ghil_muulnaat_1780561479427.png,0,1,1,1,0,0
haan_ghil_muulnaat_1780561480104.png,0,1,0,0,0,0
haan_ghil_muulnaat_1780561480828.png,0,1,1,1,0,1
haan_ghil_muulnaat_1780561481333.png,0,1,1,1,0,1
haan_ghil_muulnaat_1780561481949.png,0,1,1,1,0,1
haan_ghil_muulnaat_1780561483291.png,0,1,1,1,1,1
haan_ghil_muulnaat_1780561483847.png,1,1,0,1,1,1
haan_ghil_muulnaat_1780561484407.png,0,1,1,1,0,0
haan_ghil_muulnaat_1780561485136.png,0,1,1,1,0,1
haan_ghil_muulnaat_1780561485689.png,0,1,1,1,0,0
haan_ghil_muulnaat_1780561486239.png,0,1,1,1,0,1
haan_ghil_muulnaat_1780561486927.png,1,1,1,1,0,1
haan_ghil_muulnaat_1780561487602.png,1,0,0,1,0,0
haan_ghil_muulnaat_1780561488245.png,0,1,0,1,0,1
haan_ghil_muulnaat_1780561488954.png,0,1,1,1,0,1
haan_ghil_muulnaat_1780561489517.png,1,1,1,1,0,1
haan_ghil_muulnaat_1780561490282.png,0,1,1,1,0,0
haan_ghil_muulnaat_1780561491002.png,0,1,1,1,0,0
haan_ghil_muulnaat_1780561491532.png,1,1,1,0,0,1
haan_ghil_muulnaat_1780561492066.png,0,0,0,0,0,0
haan_ghil_muulnaat_1780561492635.png,0,1,1,1,1,1
haan_ghil_muulnaat_1780561493243.png,1,1,1,1,1,0
haan_ghil_muulnaat_1780561493951.png,0,0,0,1,0,0
haan_ghil_muulnaat_1780561494507.png,1,1,1,1,1,1
haan_ghil_muulnaat_1780561495060.png,0,0,1,1,0,0
haan_ghil_muulnaat_1780561495797.png,0,1,1,0,0,1
haan_ghil_muulnaat_1780561496304.png,0,1,1,1,0,1
haan_ghil_muulnaat_1780561496873.png,0,1,1,1,0,1
haan_ghil_muulnaat_1780561497592.png,0,1,1,1,1,1
haan_ghil_muulnaat_1780561498129.png,1,1,1,1,0,1
haan_ghil_muulnaat_1780561498673.png,1,1,1,1,1,1
haan_ghil_muulnaat_1780561499243.png,1,0,1,1,0,1
haan_ghil_muulnaat_1780561500012.png,0,1,1,1,0,1
haan_ghil_muulnaat_1780561500763.png,0,1,1,1,1,1
haan_ghil_muulnaat_1780561501306.png,0,1,1,1,1,1
haan_ghil_muulnaat_1780561502024.png,0,1,1,1,0,0
haan_ghil_muulnaat_1780561502762.png,0,1,1,1,0,1
haan_ghil_muulnaat_1780561503523.png,0,1,1,1,0,1
haan_ghil_muulnaat_1780561504297.png,0,1,1,1,0,0
haan_ghil_muulnaat_1780561504874.png,0,1,0,1,0,1
haan_ghil_muulnaat_1780561505471.png,0,0,1,1,0,0
haan_ghil_muulnaat_1780561506033.png,0,1,1,1,1,1
haan_ghil_muulnaat_1780561506747.png,1,0,1,0,0,1
haan_ghil_muulnaat_1780561507297.png,0,1,1,1,1,1
haan_ghil_muulnaat_1780561507830.png,0,1,1,1,1,1
haan_ghil_muulnaat_1780561508413.png,0,0,0,0,0,1
haan_ghil_muulnaat_1780561509013.png,1,1,1,1,0,1
haan_ghil_muulnaat_1780561509564.png,0,1,1,1,0,0
haan_ghil_muulnaat_1780561510302.png,0,1,0,1,0,0
haan_ghil_muulnaat_1780561510887.png,0,1,1,1,0,1
haan_ghil_muulnaat_1780561511633.png,0,1,0,1,0,0
haan_ghil_muulnaat_1780561512193.png,0,1,1,1,0,1
haan_ghil_muulnaat_1780561512808.png,0,1,1,1,0,1
haan_ghil_muulnaat_1780561513417.png,1,1,1,1,0,0
haan_ghil_muulnaat_1780561514023.png,1,1,1,1,0,1
haan_ghil_muulnaat_1780561514661.png,1,1,1,1,0,1
haan_ghil_muulnaat_1780561515424.png,1,1,1,1,1,1
haan_ghil_muulnaat_1780561516175.png,0,1,1,1,1,1
haan_ghil_muulnaat_1780561516736.png,0,1,1,1,0,0
haan_ghil_muulnaat_1780561517361.png,1,1,1,1,0,1
haan_ghil_muulnaat_1780561518075.png,0,1,1,1,0,1
haan_ghil_muulnaat_1780561518811.png,0,0,1,1,0,1
haan_ghil_muulnaat_1780561519392.png,1,1,1,1,0,1
haan_ghil_muulnaat_1780561520004.png,1,1,1,1,1,1
haan_ghil_muulnaat_1780561520843.png,1,1,0,1,0,0
haan_ghil_muulnaat_1780561521666.png,0,1,1,1,0,1
haan_ghil_muulnaat_1780561522494.png,0,1,1,1,0,1
haan_ghil_muulnaat_1780561523266.png,0,1,1,1,0,0
haan_ghil_muulnaat_1780561524029.png,0,0,0,1,0,0
haan_ghil_muulnaat_1780561524815.png,0,1,1,1,0,0
haan_ghil_muulnaat_1780561525441.png,0,1,1,1,0,1
haan_ghil_muulnaat_1780561526189.png,0,1,1,1,0,1
haan_ghil_muulnaat_1780561526936.png,0,1,1,1,0,0
haan_ghil_muulnaat_1780561527722.png,1,1,1,1,1,1
haan_ghil_muulnaat_1780561528261.png,0,1,1,1,0,1
haan_ghil_muulnaat_1780561528976.png,1,1,1,1,1,1
haan_ghil_muulnaat_1780561529549.png,1,1,1,1,0,1
haan_ghil_muulnaat_1780561530117.png,0,1,1,1,0,1
haan_ghil_muulnaat_1780561530905.png,1,1,1,1,0,1
haan_ghil_muulnaat_1780561531705.png,0,1,0,0,0,0
haan_ghil_muulnaat_1780561532315.png,0,1,0,1,0,1
haan_ghil_muulnaat_1780561532906.png,0,1,1,1,0,0
haan_ghil_muulnaat_1780561533625.png,0,0,0,1,0,0
haan_ghil_muulnaat_1780561534373.png,0,1,1,1,1,1
haan_ghil_muulnaat_1780561535136.png,1,0,0,0,0,1
haan_ghil_muulnaat_1780561535742.png,0,1,1,1,0,1
haan_ghil_muulnaat_1780561536360.png,1,1,1,1,0,1
haan_ghil_muulnaat_1780561537133.png,0,1,1,1,1,1
haan_ghil_muulnaat_1780561537765.png,1,1,1,1,0,1
haan_ghil_muulnaat_1780561538348.png,0,1,1,1,1,1
haan_ghil_muulnaat_1780561539133.png,1,1,1,1,1,1
haan_ghil_muulnaat_1780561539792.png,1,1,1,1,1,1
haan_ghil_muulnaat_1780561540393.png,1,1,1,1,1,1
haan_ghil_muulnaat_1780561541143.png,0,1,1,1,0,1
haan_ghil_muulnaat_1780561541923.png,1,1,1,1,0,0
haan_ghil_muulnaat_1780561542695.png,1,1,1,1,0,0
haan_ghil_muulnaat_1780561543232.png,0,1,1,1,0,0
haan_ghil_muulnaat_1780561543819.png,0,1,1,1,1,1
haan_ghil_muulnaat_1780561544438.png,0,1,1,1,0,1
haan_ghil_muulnaat_1780561545205.png,0,1,1,1,0,0
haan_ghil_muulnaat_1780561545800.png,1,1,1,0,1,1
haan_ghil_muulnaat_1780561546554.png,1,1,1,1,0,1
haan_ghil_muulnaat_1780561547317.png,1,1,1,1,1,1
haan_ghil_muulnaat_1780561547947.png,0,1,1,1,0,1
haan_ghil_muulnaat_1780561548578.png,0,0,0,0,0,0
haan_ghil_muulnaat_1780561549383.png,0,1,0,1,0,0
haan_ghil_muulnaat_1780561549990.png,1,1,1,1,0,1
haan_ghil_muulnaat_1780561550589.png,0,1,1,1,0,0
haan_ghil_muulnaat_1780561551365.png,1,1,1,1,0,0
haan_ghil_muulnaat_1780561551964.png,0,1,1,1,0,1
haan_ghil_muulnaat_1780561552698.png,0,1,1,1,0,1
haan_ghil_muulnaat_1780561553413.png,0,1,1,1,0,1
haan_ghil_muulnaat_1780561553917.png,1,0,1,1,0,0
haan_ghil_muulnaat_1780561554531.png,1,1,1,1,0,0
haan_ghil_muulnaat_1780561555096.png,0,1,1,1,0,0
haan_ghil_muulnaat_1780561555699.png,1,1,1,1,0,0
haan_ghil_muulnaat_1780561556259.png,0,1,1,1,0,1
haan_ghil_muulnaat_1780561556990.png,0,1,1,1,0,0
haan_ghil_muulnaat_1780561557714.png,0,1,1,1,1,0
haan_ghil_muulnaat_1780561558317.png,0,1,1,1,0,0
haan_ghil_muulnaat_1780561559055.png,0,1,1,1,0,1
haan_ghil_muulnaat_1780561559771.png,0,1,1,1,0,0
haan_ghil_muulnaat_1780561560315.png,0,1,1,1,1,1
haan_ghil_muulnaat_1780561560870.png,1,1,1,1,0,1
haan_ghil_muulnaat_1780561561663.png,1,1,1,1,0,0
haan_ghil_muulnaat_1780561562248.png,0,1,0,1,0,1
haan_ghil_muulnaat_1780561563030.png,1,1,1,1,1,1
haan_ghil_muulnaat_1780561563595.png,0,1,1,1,1,1
haan_ghil_muulnaat_1780561564171.png,0,1,1,1,0,1
haan_ghil_muulnaat_1780561564802.png,0,1,1,1,1,1
haan_ghil_muulnaat_1780561565539.png,0,1,1,1,0,0
haan_ghil_muulnaat_1780561566319.png,0,1,1,1,0,0
haan_ghil_muulnaat_1780561566929.png,0,0,1,0,0,0
haan_ghil_muulnaat_1780561567706.png,1,1,1,1,0,0
haan_ghil_muulnaat_1780561568306.png,1,1,1,1,0,1
haan_ghil_muulnaat_1780561569108.png,0,1,1,1,0,0
haan_ghil_muulnaat_1780561569860.png,0,1,0,1,0,0
haan_ghil_muulnaat_1780561570570.png,0,1,1,1,0,1
haan_ghil_muulnaat_1780561571157.png,0,1,1,1,1,1
haan_ghil_muulnaat_1780561571963.png,0,1,1,1,0,0
haan_ghil_muulnaat_1780561572781.png,1,0,1,1,0,0
haan_ghil_muulnaat_1780561573399.png,1,1,1,1,0,1
haan_ghil_muulnaat_1780561574124.png,0,1,1,1,1,1
haan_ghil_muulnaat_1780561574882.png,0,1,1,1,0,0
haan_ghil_muulnaat_1780561575665.png,0,0,0,0,0,0
haan_ghil_muulnaat_1780561576274.png,0,1,1,1,0,1
haan_ghil_muulnaat_1780561577084.png,0,1,0,1,0,0
haan_ghil_muulnaat_1780561577827.png,1,1,1,1,1,1
haan_ghil_muulnaat_1780561578450.png,0,1,1,1,0,1
haan_ghil_muulnaat_1780561579241.png,1,1,1,1,0,1
haan_ghil_muulnaat_1780561580049.png,0,1,1,1,0,1
haan_ghil_muulnaat_1780561580660.png,0,1,1,1,0,1
haan_ghil_muulnaat_1780561581401.png,1,1,1,1,1,1
haan_ghil_muulnaat_1780561582013.png,0,1,1,1,1,1
haan_ghil_muulnaat_1780561582862.png,0,1,1,1,0,1
haan_ghil_muulnaat_1780561583633.png,0,0,0,1,0,0
haan_ghil_muulnaat_1780561584233.png,0,1,1,0,1,1
haan_ghil_muulnaat_1780561584853.png,0,1,1,1,1,1
haan_ghil_muulnaat_1780561585604.png,0,1,1,1,0,1
haan_ghil_muulnaat_1780561586391.png,0,1,1,1,0,0
haan_ghil_muulnaat_1780561587150.png,0,1,0,1,0,0
haan_ghil_muulnaat_1780561587770.png,0,1,1,1,0,1
haan_ghil_muulnaat_1780561588327.png,0,1,1,1,1,1
haan_ghil_muulnaat_1780561589001.png,1,1,1,0,1,1
haan_ghil_muulnaat_1780561590195.png,0,0,0,1,0,1
haan_ghil_muulnaat_1780561590938.png,0,1,1,1,0,1
haan_ghil_muulnaat_1780561591710.png,0,1,1,1,0,0
haan_ghil_muulnaat_1780561592301.png,1,1,1,1,1,0
haan_ghil_muulnaat_1780561593133.png,0,0,0,1,0,0
haan_ghil_muulnaat_1780561593880.png,0,0,1,0,0,1
haan_ghil_muulnaat_1780561594668.png,0,1,0,1,0,0
haan_ghil_muulnaat_1780561595253.png,0,1,1,1,0,1
haan_ghil_muulnaat_1780561595846.png,0,0,1,1,0,1
haan_ghil_muulnaat_1780561596616.png,0,1,1,1,0,0
haan_ghil_muulnaat_1780561597438.png,0,1,0,1,0,0
haan_ghil_muulnaat_1780561598219.png,0,1,1,1,0,0
haan_ghil_muulnaat_1780561598928.png,0,1,1,1,0,1
haan_ghil_muulnaat_1780561599701.png,0,1,1,1,0,0
haan_ghil_muulnaat_1780561600261.png,0,1,1,1,0,1
haan_ghil_muulnaat_1780561600876.png,1,1,1,1,1,0
haan_ghil_muulnaat_1780561601468.png,1,1,1,1,0,1
haan_ghil_muulnaat_1780561602238.png,0,1,1,1,0,0
haan_ghil_muulnaat_1780561602846.png,0,1,1,1,0,1
haan_ghil_muulnaat_1780561603463.png,0,1,1,1,0,0
haan_ghil_muulnaat_1780561604077.png,0,1,1,1,1,1
haan_ghil_muulnaat_1780561604842.png,0,1,1,1,0,1
haan_ghil_muulnaat_1780561606242.png,0,1,1,0,0,0
haan_ghil_muulnaat_1780561606840.png,0,1,1,1,0,0
haan_ghil_muulnaat_1780561607476.png,0,0,0,0,0,0
haan_ghil_muulnaat_1780561608290.png,0,1,1,0,0,1
haan_ghil_muulnaat_1780561609051.png,0,1,1,1,0,1
haan_ghil_muulnaat_1780561609856.png,0,0,0,1,0,0
haan_ghil_muulnaat_1780561610634.png,0,1,1,1,0,1
haan_ghil_muulnaat_1780561611272.png,0,1,1,1,0,0
haan_ghil_muulnaat_1780561611861.png,1,1,1,1,1,0
haan_ghil_muulnaat_1780561612440.png,0,0,0,1,0,0
haan_ghil_muulnaat_1780561613005.png,1,1,1,1,1,1
haan_ghil_muulnaat_1780561613628.png,1,1,1,1,0,1
haan_ghil_muulnaat_1780561614330.png,0,1,1,1,0,1
haan_ghil_muulnaat_1780561614908.png,0,1,1,1,0,1
haan_ghil_muulnaat_1780561615459.png,1,1,1,1,0,0
haan_ghil_muulnaat_1780561616260.png,0,1,0,1,0,0
haan_ghil_muulnaat_1780561617059.png,0,1,1,1,0,0
haan_ghil_muulnaat_1780561617815.png,0,1,1,1,0,1
haan_ghil_muulnaat_1780561618394.png,0,1,1,1,0,0
haan_ghil_muulnaat_1780561619006.png,1,1,1,1,1,1
haan_ghil_muulnaat_1780561619782.png,1,1,1,1,0,1
haan_ghil_muulnaat_1780561620574.png,0,1,0,1,0,0
haan_ghil_muulnaat_1780561621213.png,0,1,1,1,0,1
haan_ghil_muulnaat_1780561622014.png,0,1,1,1,0,1
haan_ghil_muulnaat_1780561622791.png,0,0,1,0,0,1
haan_ghil_muulnaat_1780561623540.png,0,1,1,1,0,0
haan_ghil_muulnaat_1780561624277.png,0,1,1,1,0,1
haan_ghil_muulnaat_1780561625011.png,1,1,1,1,0,1
haan_ghil_muulnaat_1780561625570.png,1,1,1,1,0,1
haan_ghil_muulnaat_1780561626276.png,0,1,0,1,0,0
haan_ghil_muulnaat_1780561627010.png,0,1,1,1,0,1
haan_ghil_muulnaat_1780561627785.png,0,1,1,1,0,1
haan_ghil_muulnaat_1780561628358.png,0,1,1,1,1,0
haan_ghil_muulnaat_1780561628956.png,1,1,1,1,1,1
haan_ghil_muulnaat_1780561629525.png,0,1,1,0,1,1
haan_ghil_muulnaat_1780561630234.png,0,1,1,1,0,0
haan_ghil_muulnaat_1780561630950.png,0,0,0,0,0,0
haan_ghil_muulnaat_1780561631530.png,0,1,1,1,0,1
haan_ghil_muulnaat_1780561632280.png,0,1,1,1,0,0
haan_ghil_muulnaat_1780561632892.png,0,1,1,1,1,1
haan_ghil_muulnaat_1780561633682.png,0,1,0,1,0,0
haan_ghil_muulnaat_1780561634447.png,0,0,1,0,0,0
haan_ghil_muulnaat_1780561635057.png,0,1,1,1,0,1
haan_ghil_muulnaat_1780561635682.png,1,1,1,1,0,1
haan_ghil_muulnaat_1780561636282.png,1,1,1,1,0,0
haan_ghil_muulnaat_1780561637058.png,0,1,1,1,0,1
haan_ghil_muulnaat_1780561637657.png,1,1,1,1,0,0
haan_ghil_muulnaat_1780561638442.png,0,1,0,1,0,0
haan_ghil_muulnaat_1780561639047.png,0,1,1,1,0,0
haan_ghil_muulnaat_1780561639685.png,0,1,1,1,0,1
haan_ghil_muulnaat_1780561640473.png,0,1,1,1,0,1
haan_ghil_muulnaat_1780561641080.png,1,1,1,1,0,0
haan_ghil_muulnaat_1780561641692.png,0,1,1,1,0,0
haan_ghil_muulnaat_1780561642459.png,0,1,0,1,0,0
haan_ghil_muulnaat_1780561643100.png,0,1,1,1,0,1
haan_ghil_muulnaat_1780561643915.png,0,1,1,1,0,1
haan_ghil_muulnaat_1780561644727.png,1,1,1,1,0,0
haan_ghil_muulnaat_1780561645564.png,0,1,1,1,0,0
haan_ghil_muulnaat_1780561646197.png,1,1,1,1,1,1
haan_ghil_muulnaat_1780561646804.png,0,1,1,1,0,1
haan_ghil_muulnaat_1780561647643.png,0,1,1,1,0,0
haan_ghil_muulnaat_1780561648284.png,0,1,1,1,1,1
haan_ghil_muulnaat_1780561649102.png,0,0,1,0,1,1
haan_ghil_muulnaat_1780561649761.png,0,0,1,0,0,1
haan_ghil_muulnaat_1780561650405.png,0,1,1,1,0,1
haan_ghil_muulnaat_1780561651206.png,0,0,0,1,0,0
haan_ghil_muulnaat_1780561651785.png,0,1,1,0,0,1
haan_ghil_muulnaat_1780561652683.png,0,1,1,0,0,0
haan_ghil_muulnaat_1780561653352.png,0,1,1,1,0,1
haan_ghil_muulnaat_1780561654143.png,0,1,1,1,0,1
haan_ghil_muulnaat_1780561654751.png,0,1,1,1,1,1
haan_ghil_muulnaat_1780561655348.png,0,1,1,1,0,1
haan_ghil_muulnaat_1780561656147.png,0,1,1,1,0,1
haan_ghil_muulnaat_1780561656777.png,0,1,1,0,0,0
haan_ghil_muulnaat_1780561657571.png,1,1,0,1,0,0
haan_ghil_muulnaat_1780561658235.png,0,1,1,1,0,0
haan_ghil_muulnaat_1780561658995.png,0,1,0,1,0,1
haan_ghil_muulnaat_1780561659785.png,0,1,1,0,0,1
haan_ghil_muulnaat_1780561660430.png,1,1,1,1,0,0
haan_ghil_muulnaat_1780561661049.png,0,1,1,1,0,1
haan_ghil_muulnaat_1780561661645.png,0,0,0,0,0,0
haan_ghil_muulnaat_1780561662476.png,0,1,1,1,0,1
haan_ghil_muulnaat_1780561663215.png,0,1,1,1,0,0
haan_ghil_muulnaat_1780561663869.png,1,1,1,1,1,1
haan_ghil_muulnaat_1780561664636.png,0,1,1,1,1,1
haan_ghil_muulnaat_1780561665243.png,0,1,1,1,0,0
haan_ghil_muulnaat_1780561665817.png,1,1,1,1,1,1
haan_ghil_muulnaat_1780561666549.png,0,1,1,1,0,1
haan_ghil_muulnaat_1780561667116.png,0,1,1,1,1,1
haan_ghil_muulnaat_1780561667712.png,0,1,1,1,0,1
haan_ghil_muulnaat_1780561668479.png,0,1,1,1,0,1
haan_ghil_muulnaat_1780561669287.png,0,1,1,1,0,0
haan_ghil_muulnaat_1780561669891.png,0,1,1,1,0,1
haan_ghil_muulnaat_1780561670470.png,1,1,1,1,0,0
haan_ghil_muulnaat_1780561671091.png,0,1,1,1,0,1
haan_ghil_muulnaat_1780561671853.png,0,1,1,1,1,1
haan_ghil_muulnaat_1780561672588.png,0,1,1,1,0,0
haan_ghil_muulnaat_1780561673136.png,0,1,1,1,0,1
haan_ghil_muulnaat_1780561673729.png,0,1,1,1,1,1
haan_ghil_muulnaat_1780561674476.png,0,1,1,1,0,0
haan_ghil_muulnaat_1780561675260.png,0,1,1,1,0,0
haan_ghil_muulnaat_1780561676063.png,0,1,1,1,0,0
haan_ghil_muulnaat_1780561676669.png,0,1,0,1,0,0
haan_ghil_muulnaat_1780561677432.png,0,1,1,1,0,0
haan_ghil_muulnaat_1780561678223.png,0,1,1,1,0,0
haan_ghil_muulnaat_1780561678798.png,0,1,1,1,1,0
haan_ghil_muulnaat_1780561679394.png,0,1,1,1,1,0
haan_ghil_muulnaat_1780561680190.png,0,0,0,1,0,0
haan_ghil_muulnaat_1780561680812.png,0,1,1,0,0,1
haan_ghil_muulnaat_1780561681389.png,0,1,1,1,1,1
haan_ghil_muulnaat_1780561682169.png,0,1,1,1,1,1
haan_ghil_muulnaat_1780561682932.png,0,1,1,1,1,1
haan_ghil_muulnaat_1780561683677.png,0,1,1,1,0,0
haan_ghil_muulnaat_1780561684277.png,0,1,0,1,0,1
haan_ghil_muulnaat_1780561685072.png,0,1,1,1,0,1
haan_ghil_muulnaat_1780561685662.png,0,1,1,1,0,1
haan_ghil_muulnaat_1780561686272.png,0,1,1,1,1,1
haan_ghil_muulnaat_1780561686893.png,0,1,1,1,1,1
haan_ghil_muulnaat_1780561688140.png,0,1,1,1,0,0
haan_ghil_muulnaat_1780561689344.png,0,1,1,1,0,1
haan_ghil_muulnaat_1780561689941.png,0,1,1,1,0,1
haan_ghil_muulnaat_1780561690538.png,0,1,1,1,0,0
haan_ghil_muulnaat_1780561691173.png,1,1,1,0,1,1
haan_ghil_muulnaat_1780561691801.png,0,1,1,1,0,1
haan_ghil_muulnaat_1780561692400.png,0,1,1,1,1,0
haan_ghil_muulnaat_1780561693189.png,0,1,0,1,0,0
haan_ghil_muulnaat_1780561693743.png,0,1,1,1,1,1
haan_ghil_muulnaat_1780561694333.png,0,1,1,1,0,1
haan_ghil_muulnaat_1780561695093.png,0,1,1,1,1,1
haan_ghil_muulnaat_1780561695845.png,1,1,0,1,0,0
haan_ghil_muulnaat_1780561696541.png,1,0,0,1,1,0
haan_ghil_muulnaat_1780561697058.png,0,0,0,1,0,1
haan_ghil_muulnaat_1780561697601.png,0,0,1,1,0,0
haan_ghil_muulnaat_1780561698348.png,0,0,1,0,0,1
haan_ghil_muulnaat_1780562316367.png,0,1,0,1,0,0
haan_ghil_muulnaat_1780562317056.png,0,1,1,1,0,1
haan_ghil_muulnaat_1780562317753.png,0,1,1,1,0,1
haan_ghil_muulnaat_1780562318426.png,0,1,1,1,1,1
haan_ghil_muulnaat_1780562318892.png,0,0,1,1,1,1
haan_ghil_muulnaat_1780562319536.png,0,1,1,1,1,1
haan_ghil_muulnaat_1780562320043.png,0,0,1,1,0,0
haan_ghil_muulnaat_1780562320515.png,0,1,1,1,0,1
haan_ghil_muulnaat_1780562321208.png,0,0,0,1,0,0
haan_ghil_muulnaat_1780562321805.png,0,1,1,1,1,0
haan_ghil_muulnaat_1780562322457.png,0,1,1,1,0,0
haan_ghil_muulnaat_1780562323011.png,0,1,1,1,1,1
haan_ghil_muulnaat_1780562323486.png,0,1,1,1,0,1
haan_ghil_muulnaat_1780562323958.png,0,1,1,1,0,0
haan_ghil_muulnaat_1780562324580.png,0,1,1,1,0,0
haan_ghil_muulnaat_1780562325160.png,0,0,1,1,0,0
haan_ghil_muulnaat_1780562325612.png,0,1,1,0,0,0
haan_ghil_muulnaat_1780562326206.png,1,0,0,1,0,1
haan_ghil_muulnaat_1780562326688.png,0,1,1,1,1,0
haan_ghil_muulnaat_1780562327373.png,0,1,1,1,0,0
haan_ghil_muulnaat_1780562327839.png,0,1,1,1,1,1
haan_ghil_muulnaat_1780562328289.png,0,1,1,1,0,1
haan_ghil_muulnaat_1780562328872.png,1,1,0,1,0,0
haan_ghil_muulnaat_1780562329361.png,1,1,1,1,0,1
haan_ghil_muulnaat_1780562329993.png,0,1,1,1,0,1
haan_ghil_muulnaat_1780562330473.png,0,1,1,1,1,1
haan_ghil_muulnaat_1780562331073.png,0,1,1,1,1,1
haan_ghil_muulnaat_1780562331520.png,0,1,1,1,0,1
haan_ghil_muulnaat_1780562332115.png,0,1,1,1,0,0
haan_ghil_muulnaat_1780562332698.png,0,1,0,1,0,0
haan_ghil_muulnaat_1780562333199.png,0,1,1,1,1,1
haan_ghil_muulnaat_1780562333857.png,1,1,1,1,1,1
haan_ghil_muulnaat_1780562334365.png,1,1,1,1,1,1
haan_ghil_muulnaat_1780562335044.png,1,1,1,1,0,1
haan_ghil_muulnaat_1780562335494.png,1,1,1,1,0,1
haan_ghil_muulnaat_1780562336146.png,0,1,1,1,0,1
haan_ghil_muulnaat_1780562336807.png,0,1,1,1,0,1
haan_ghil_muulnaat_1780562337443.png,1,1,1,1,0,1
haan_ghil_muulnaat_1780562338086.png,0,1,1,1,0,1
haan_ghil_muulnaat_1780562338736.png,1,1,1,1,1,1
haan_ghil_muulnaat_1780562339352.png,0,0,1,0,0,0
haan_ghil_muulnaat_1780562339840.png,0,1,1,1,1,0
haan_ghil_muulnaat_1780562340376.png,0,1,1,1,0,1
haan_ghil_muulnaat_1780562340862.png,0,1,1,1,0,1
haan_ghil_muulnaat_1780562341363.png,0,1,1,1,0,0
haan_ghil_muulnaat_1780562341887.png,0,1,1,1,0,1
haan_ghil_muulnaat_1780562342401.png,0,1,1,1,1,1
haan_ghil_muulnaat_1780562343036.png,0,1,1,1,0,0
haan_ghil_muulnaat_1780562343668.png,0,1,0,1,0,0
haan_ghil_muulnaat_1780562344172.png,1,1,1,1,1,0
haan_ghil_muulnaat_1780562344847.png,0,1,1,1,1,1
haan_ghil_muulnaat_1780562345335.png,0,1,1,1,0,0
haan_ghil_muulnaat_1780562346014.png,0,1,1,1,1,1
haan_ghil_muulnaat_1780562346519.png,0,1,1,1,0,1
haan_ghil_muulnaat_1780562346975.png,0,1,1,1,0,0
haan_ghil_muulnaat_1780562347593.png,0,1,0,1,0,0
haan_ghil_muulnaat_1780562348215.png,1,1,1,1,0,0
haan_ghil_muulnaat_1780562348872.png,0,1,0,0,0,0
haan_ghil_muulnaat_1780562349499.png,0,1,0,1,1,1
haan_ghil_muulnaat_1780562350171.png,0,1,1,1,0,1
haan_ghil_muulnaat_1780562350803.png,0,1,1,1,0,0
haan_ghil_muulnaat_1780562351297.png,0,1,1,1,0,1
haan_ghil_muulnaat_1780562351835.png,1,1,1,1,0,1
haan_ghil_muulnaat_1780562352314.png,0,1,1,1,0,0
haan_ghil_muulnaat_1780562352922.png,0,1,1,1,0,0
haan_ghil_muulnaat_1780562353568.png,0,1,1,1,1,1
haan_ghil_muulnaat_1780562354057.png,1,1,1,1,0,1
haan_ghil_muulnaat_1780562354520.png,0,1,1,1,0,1
haan_ghil_muulnaat_1780562355202.png,0,1,1,1,0,1
haan_ghil_muulnaat_1780562355707.png,1,1,1,1,1,1
haan_ghil_muulnaat_1780562356335.png,0,0,0,1,0,1
haan_ghil_muulnaat_1780562356833.png,1,1,1,1,1,1
haan_ghil_muulnaat_1780562357328.png,0,1,1,1,0,1
haan_ghil_muulnaat_1780562357958.png,0,1,1,1,1,1
haan_ghil_muulnaat_1780562358447.png,0,0,0,1,0,0
haan_ghil_muulnaat_1780562359140.png,0,1,0,1,0,1
haan_ghil_muulnaat_1780562359586.png,0,1,1,1,0,1
haan_ghil_muulnaat_1780562360278.png,0,1,1,1,0,0
haan_ghil_muulnaat_1780562360731.png,0,1,1,1,0,0
haan_ghil_muulnaat_1780562361214.png,0,1,1,1,0,1
haan_ghil_muulnaat_1780562361713.png,1,1,1,1,0,1
haan_ghil_muulnaat_1780562362216.png,0,1,1,1,0,1
haan_ghil_muulnaat_1780562362684.png,0,1,1,1,0,0
haan_ghil_muulnaat_1780562363340.png,0,1,1,0,0,1
haan_ghil_muulnaat_1780562363829.png,0,1,0,1,1,1
haan_ghil_muulnaat_1780562364295.png,0,1,1,1,1,0
haan_ghil_muulnaat_1780562364773.png,0,1,1,1,1,0
haan_ghil_muulnaat_1780562365465.png,0,1,1,1,0,0
haan_ghil_muulnaat_1780562365979.png,0,1,1,1,1,1
haan_ghil_muulnaat_1780562366688.png,1,1,1,1,1,0
haan_ghil_muulnaat_1780562367295.png,0,1,1,1,0,0
haan_ghil_muulnaat_1780562367807.png,1,1,1,1,0,0
haan_ghil_muulnaat_1780562368458.png,1,1,1,1,0,1
haan_ghil_muulnaat_1780562369099.png,0,1,1,1,0,0
haan_ghil_muulnaat_1780562369758.png,0,1,1,1,0,0
haan_ghil_muulnaat_1780562370464.png,0,1,1,1,1,1
haan_ghil_muulnaat_1780562370933.png,0,0,0,0,0,0
haan_ghil_muulnaat_1780562371585.png,0,0,1,1,0,1
haan_ghil_muulnaat_1780562372261.png,0,1,1,1,0,0
haan_ghil_muulnaat_1780562372776.png,0,1,1,1,0,1
haan_ghil_muulnaat_1780562373439.png,1,1,0,1,0,1
haan_ghil_muulnaat_1780562374040.png,0,1,1,1,0,1
haan_ghil_muulnaat_1780562374528.png,0,1,1,1,1,1
haan_ghil_muulnaat_1780562375220.png,0,0,0,1,0,0
haan_ghil_muulnaat_1780562375709.png,1,0,1,1,1,1
haan_ghil_muulnaat_1780562376393.png,1,1,1,1,1,1
haan_ghil_muulnaat_1780562377119.png,0,1,1,1,0,0
haan_ghil_muulnaat_1780562377602.png,1,1,1,1,0,1
haan_ghil_muulnaat_1780562378093.png,1,1,1,1,0,1
haan_ghil_muulnaat_1780562378567.png,1,1,1,1,0,0
haan_ghil_muulnaat_1780562379017.png,0,1,1,1,0,0
haan_ghil_muulnaat_1780562379695.png,0,1,0,1,0,0
haan_ghil_muulnaat_1780562380182.png,1,1,1,1,1,1
haan_ghil_muulnaat_1780562380682.png,1,1,1,1,1,1
haan_ghil_muulnaat_1780562381175.png,0,1,1,1,0,0
haan_ghil_muulnaat_1780562381787.png,1,1,1,1,1,0
haan_ghil_muulnaat_1780562382294.png,1,1,1,1,1,0
haan_ghil_muulnaat_1780562382965.png,1,1,1,1,0,1
haan_ghil_muulnaat_1780562383478.png,1,1,1,1,0,0
haan_ghil_muulnaat_1780562383970.png,1,1,1,1,0,1
haan_ghil_muulnaat_1780562384611.png,0,1,1,1,0,0
haan_ghil_muulnaat_1780562385215.png,0,1,1,1,0,0
haan_ghil_muulnaat_1780562385719.png,1,1,1,1,0,0
haan_ghil_muulnaat_1780562386220.png,0,1,1,1,0,1
haan_ghil_muulnaat_1780562386916.png,0,1,1,1,0,0
haan_ghil_muulnaat_1780562387537.png,1,1,1,1,1,1
haan_ghil_muulnaat_1780562388183.png,0,1,1,1,0,1
haan_ghil_muulnaat_1780562388847.png,0,0,1,1,0,0
haan_ghil_muulnaat_1780562389478.png,0,1,1,1,0,0
haan_ghil_muulnaat_1780562390103.png,0,1,1,1,1,1
haan_ghil_muulnaat_1780562390774.png,0,1,0,1,0,1
haan_ghil_muulnaat_1780562391293.png,1,1,1,1,0,1
haan_ghil_muulnaat_1780562391893.png,1,1,1,1,0,1
haan_ghil_muulnaat_1780562392375.png,0,1,1,1,0,1
haan_ghil_muulnaat_1780562393035.png,0,1,1,1,0,0
haan_ghil_muulnaat_1780562393563.png,0,0,0,0,0,1
haan_ghil_muulnaat_1780562394101.png,0,1,1,1,0,1
haan_ghil_muulnaat_1780562394604.png,0,1,1,1,0,0
haan_ghil_muulnaat_1780562395159.png,1,1,1,1,1,1
haan_ghil_muulnaat_1780562395705.png,0,1,1,1,0,0
haan_ghil_muulnaat_1780562396241.png,0,1,1,1,0,1
haan_ghil_muulnaat_1780562396794.png,0,1,1,1,1,0
haan_ghil_muulnaat_1780562397490.png,0,0,1,0,0,0
haan_ghil_muulnaat_1780562398200.png,0,1,1,1,1,1
haan_ghil_muulnaat_1780562398889.png,0,1,1,0,0,0
haan_ghil_muulnaat_1780562399403.png,0,1,1,1,0,1
haan_ghil_muulnaat_1780562399947.png,1,1,1,1,1,1
haan_ghil_muulnaat_1780562400644.png,0,1,0,1,1,1
haan_ghil_muulnaat_1780562401304.png,0,1,1,1,1,1
haan_ghil_muulnaat_1780562402028.png,0,1,0,1,0,0
haan_ghil_muulnaat_1780562402730.png,0,1,1,1,0,1
haan_ghil_muulnaat_1780562403289.png,0,1,1,1,1,1
haan_ghil_muulnaat_1780562403834.png,0,1,1,1,0,0
haan_ghil_muulnaat_1780562404529.png,0,1,1,1,0,0
haan_ghil_muulnaat_1780562405238.png,1,1,1,1,0,1
haan_ghil_muulnaat_1780562405753.png,1,1,1,1,0,1
haan_ghil_muulnaat_1780562406309.png,0,1,1,1,0,0
haan_ghil_muulnaat_1780562407014.png,1,1,1,1,0,0
haan_ghil_muulnaat_1780562407705.png,0,1,1,1,0,0
haan_ghil_muulnaat_1780562408438.png,0,1,1,1,0,0
haan_ghil_muulnaat_1780562409018.png,0,1,1,1,0,1
haan_ghil_muulnaat_1780562409564.png,0,1,1,1,0,0
haan_ghil_muulnaat_1780562410240.png,0,1,0,1,0,0
haan_ghil_muulnaat_1780562410921.png,0,0,1,1,1,1
haan_ghil_muulnaat_1780562411453.png,1,1,1,1,0,1
haan_ghil_muulnaat_1780562411991.png,0,1,1,0,0,1
haan_ghil_muulnaat_1780562412522.png,0,1,1,1,0,1
haan_ghil_muulnaat_1780562413224.png,1,1,1,1,1,1
haan_ghil_muulnaat_1780562413959.png,0,1,1,1,0,0
haan_ghil_muulnaat_1780562414531.png,0,1,1,1,1,1
haan_ghil_muulnaat_1780562415215.png,1,1,1,1,0,0
haan_ghil_muulnaat_1780562415910.png,0,0,0,0,0,0
haan_ghil_muulnaat_1780562416636.png,0,1,1,1,0,1
haan_ghil_muulnaat_1780562417370.png,0,0,1,1,0,0
haan_ghil_muulnaat_1780562418088.png,0,0,0,1,0,0
haan_ghil_muulnaat_1780562418791.png,0,0,1,1,1,1
haan_ghil_muulnaat_1780562419480.png,1,1,1,1,0,1
haan_ghil_muulnaat_1780562420248.png,1,0,0,0,0,0
haan_ghil_muulnaat_1780562420990.png,0,1,0,1,0,0
haan_ghil_muulnaat_1780562421512.png,1,1,1,1,1,1
haan_ghil_muulnaat_1780562422098.png,0,1,1,1,0,1
haan_ghil_muulnaat_1780562422713.png,1,0,1,1,0,1
haan_ghil_muulnaat_1780562423285.png,0,1,1,1,0,0
haan_ghil_muulnaat_1780562424049.png,0,1,1,1,1,1
haan_ghil_muulnaat_1780562424639.png,0,1,1,1,0,1
haan_ghil_muulnaat_1780562425363.png,0,1,1,1,1,1
haan_ghil_muulnaat_1780562425996.png,1,1,1,1,1,1
haan_ghil_muulnaat_1780562426721.png,0,1,1,1,0,1
haan_ghil_muulnaat_1780562427444.png,0,1,1,1,0,0
haan_ghil_muulnaat_1780562428194.png,0,0,1,0,0,0
haan_ghil_muulnaat_1780562428780.png,0,1,1,1,0,0
haan_ghil_muulnaat_1780562429543.png,0,0,0,0,0,0
haan_ghil_muulnaat_1780562430115.png,0,1,1,1,0,1
haan_ghil_muulnaat_1780562430680.png,0,0,1,1,0,0
haan_ghil_muulnaat_1780562431419.png,0,1,1,1,1,1
haan_ghil_muulnaat_1780562432168.png,0,1,1,0,0,1
haan_ghil_muulnaat_1780562432912.png,1,1,1,1,0,1
haan_ghil_muulnaat_1780562433495.png,1,1,1,1,1,1
haan_ghil_muulnaat_1780562434062.png,1,1,1,1,1,1
haan_ghil_muulnaat_1780562434837.png,0,1,0,1,0,0
haan_ghil_muulnaat_1780562435594.png,0,1,1,1,1,0
haan_ghil_muulnaat_1780562436381.png,1,1,1,1,1,1
haan_ghil_muulnaat_1780562437152.png,0,0,0,1,0,0
haan_ghil_muulnaat_1780562437776.png,0,1,1,1,0,0
haan_ghil_muulnaat_1780562438539.png,0,0,0,1,0,0
haan_ghil_muulnaat_1780562439325.png,0,0,0,1,0,0
haan_ghil_muulnaat_1780562440111.png,1,1,1,1,0,1
haan_ghil_muulnaat_1780562440820.png,0,1,0,1,0,0
haan_ghil_muulnaat_1780562441445.png,0,1,1,1,0,1
haan_ghil_muulnaat_1780562442087.png,0,1,1,1,0,0
haan_ghil_muulnaat_1780562442882.png,0,1,1,0,0,1
haan_ghil_muulnaat_1780562443625.png,0,1,1,1,0,0
haan_ghil_muulnaat_1780562444198.png,0,1,1,1,0,1
haan_ghil_muulnaat_1780562445551.png,0,1,1,1,1,1
haan_ghil_muulnaat_1780562446129.png,0,0,1,1,0,0
haan_ghil_muulnaat_1780562446899.png,0,1,0,1,0,0
haan_ghil_muulnaat_1780562447481.png,0,1,1,1,0,0
haan_ghil_muulnaat_1780562448228.png,0,1,1,1,0,0
haan_ghil_muulnaat_1780562448956.png,0,1,0,1,0,0
haan_ghil_muulnaat_1780562449535.png,0,1,1,1,0,1
haan_ghil_muulnaat_1780562450302.png,0,1,1,1,0,1
haan_ghil_muulnaat_1780562451046.png,0,0,1,0,0,1
haan_ghil_muulnaat_1780562451809.png,0,1,1,1,0,1
haan_ghil_muulnaat_1780562452427.png,0,1,1,1,1,1
haan_ghil_muulnaat_1780562453171.png,1,1,1,1,0,1
haan_ghil_muulnaat_1780562453984.png,0,1,1,1,1,1
haan_ghil_muulnaat_1780562454789.png,0,1,1,1,0,1
haan_ghil_muulnaat_1780562455398.png,0,1,1,1,0,0
haan_ghil_muulnaat_1780562455998.png,1,1,1,1,1,1
haan_ghil_muulnaat_1780562456595.png,0,1,1,1,0,0
haan_ghil_muulnaat_1780562457408.png,1,1,1,1,0,1
haan_ghil_muulnaat_1780562457998.png,0,1,1,1,1,1
haan_ghil_muulnaat_1780562458610.png,0,1,1,1,1,0
haan_ghil_muulnaat_1780562459218.png,0,1,1,1,0,1
haan_ghil_muulnaat_1780562460015.png,0,1,0,1,0,0
haan_ghil_muulnaat_1780562460636.png,0,1,1,1,0,1
haan_ghil_muulnaat_1780562461284.png,0,1,1,1,0,0
haan_ghil_muulnaat_1780562462073.png,1,0,1,0,0,0
haan_ghil_muulnaat_1780562462680.png,0,0,1,1,1,1
haan_ghil_muulnaat_1780562463444.png,1,0,0,0,0,1
haan_ghil_muulnaat_1780562464216.png,1,1,1,1,1,1
haan_ghil_muulnaat_1780562464851.png,0,1,1,1,0,0
haan_ghil_muulnaat_1780562465627.png,0,1,1,1,0,0
haan_ghil_muulnaat_1780562466199.png,1,1,1,1,1,1
haan_ghil_muulnaat_1780562466840.png,0,1,1,1,0,1
haan_ghil_muulnaat_1780562467672.png,1,1,1,1,1,1
haan_ghil_muulnaat_1780562468460.png,0,1,1,1,0,0
haan_ghil_muulnaat_1780562469223.png,0,1,0,1,0,0
haan_ghil_muulnaat_1780562469815.png,0,1,1,0,0,1
haan_ghil_muulnaat_1780562470644.png,0,1,1,1,0,0
haan_ghil_muulnaat_1780562471263.png,0,0,0,0,0,0
haan_ghil_muulnaat_1780562471984.png,1,1,1,1,0,0
haan_ghil_muulnaat_1780562472796.png,0,0,0,1,0,0
haan_ghil_muulnaat_1780562473523.png,0,1,1,1,0,0
haan_ghil_muulnaat_1780562474112.png,1,1,1,1,1,1
haan_ghil_muulnaat_1780562474826.png,0,1,1,1,0,1
haan_ghil_muulnaat_1780562475569.png,0,1,1,1,0,1
haan_ghil_muulnaat_1780562476305.png,0,0,0,0,0,0
haan_ghil_muulnaat_1780562476858.png,0,0,0,0,0,0
haan_ghil_muulnaat_1780562477654.png,0,0,0,1,0,0
haan_ghil_muulnaat_1780562478216.png,1,1,1,1,1,1
haan_ghil_muulnaat_1780562478781.png,1,1,1,1,0,0
haan_ghil_muulnaat_1780562479523.png,0,0,0,0,0,0
haan_ghil_muulnaat_1780562480268.png,0,0,0,1,0,0
haan_ghil_muulnaat_1780562480855.png,0,1,1,1,0,1
haan_ghil_muulnaat_1780562481626.png,1,1,1,1,0,1
haan_ghil_muulnaat_1780562482388.png,1,1,1,1,1,1
haan_ghil_muulnaat_1780562482989.png,0,1,1,1,0,0
haan_ghil_muulnaat_1780562483764.png,1,1,1,1,1,1
haan_ghil_muulnaat_1780562484548.png,0,1,0,1,0,0
haan_ghil_muulnaat_1780562485156.png,0,1,1,1,0,1
haan_ghil_muulnaat_1780562485981.png,0,1,1,1,0,1
haan_ghil_muulnaat_1780562486714.png,0,1,1,1,0,1
haan_ghil_muulnaat_1780562487479.png,0,1,1,1,1,0
haan_ghil_muulnaat_1780562488072.png,0,1,1,1,0,1
haan_ghil_muulnaat_1780562488674.png,1,1,1,1,1,1
haan_ghil_muulnaat_1780562489448.png,0,1,1,1,0,0
haan_ghil_muulnaat_1780562490196.png,0,1,1,1,0,0
haan_ghil_muulnaat_1780562490757.png,0,1,1,1,0,1
haan_ghil_muulnaat_1780562491531.png,0,0,0,1,0,0
haan_ghil_muulnaat_1780562492124.png,0,1,1,1,0,1
haan_ghil_muulnaat_1780562492725.png,0,1,1,1,0,1
haan_ghil_muulnaat_1780562493580.png,0,1,1,1,0,0
haan_ghil_muulnaat_1780562494357.png,0,1,1,1,0,0
haan_ghil_muulnaat_1780562494952.png,0,1,1,1,1,1
haan_ghil_muulnaat_1780562495566.png,0,1,1,1,0,0
haan_ghil_muulnaat_1780562496315.png,1,1,1,1,1,0
haan_ghil_muulnaat_1780562496939.png,0,1,1,1,1,0
haan_ghil_muulnaat_1780562497552.png,0,1,1,1,1,1
haan_ghil_muulnaat_1780562498166.png,0,1,1,1,0,1
haan_ghil_muulnaat_1780562498723.png,0,0,1,0,0,1
haan_ghil_muulnaat_1780562499574.png,0,1,1,1,1,1
haan_ghil_muulnaat_1780562500162.png,0,0,1,0,0,1
haan_ghil_muulnaat_1780562500988.png,0,1,1,1,0,0
haan_ghil_muulnaat_1780562501584.png,0,1,1,1,0,1
haan_ghil_muulnaat_1780562502218.png,0,1,1,1,0,1
haan_ghil_muulnaat_1780562502819.png,1,1,1,1,1,0
haan_ghil_muulnaat_1780562503603.png,1,1,1,1,1,0
haan_ghil_muulnaat_1780562504240.png,0,1,1,1,1,0
haan_ghil_muulnaat_1780562505028.png,0,1,1,1,0,1
haan_ghil_muulnaat_1780562505615.png,1,1,1,1,1,0
haan_ghil_muulnaat_1780562506399.png,0,1,1,0,1,1
haan_ghil_muulnaat_1780562507226.png,0,1,1,1,1,1
haan_ghil_muulnaat_1780562507812.png,0,1,1,1,1,1
haan_ghil_muulnaat_1780562508446.png,0,1,1,1,0,1
haan_ghil_muulnaat_1780562509203.png,1,0,0,0,0,0
haan_ghil_muulnaat_1780562509931.png,0,0,1,1,0,1
haan_ghil_muulnaat_1780562510701.png,0,0,0,1,0,0
haan_ghil_muulnaat_1780562511526.png,1,1,1,1,0,1
haan_ghil_muulnaat_1780562512334.png,0,1,0,1,0,0
haan_ghil_muulnaat_1780562512928.png,0,1,1,0,0,1
haan_ghil_muulnaat_1780562513692.png,0,1,1,1,0,1
haan_ghil_muulnaat_1780562514474.png,0,1,0,1,0,0
haan_ghil_muulnaat_1780562515085.png,1,0,1,0,0,0
haan_ghil_muulnaat_1780562515898.png,0,1,1,1,0,1
haan_ghil_muulnaat_1780562516719.png,0,0,0,1,0,0
haan_ghil_muulnaat_1780562517496.png,0,0,1,1,0,0
haan_ghil_muulnaat_1780562518268.png,0,0,0,1,0,0
haan_ghil_muulnaat_1780562518843.png,0,0,0,0,0,0
haan_ghil_muulnaat_1780562519626.png,0,1,0,1,0,1
haan_ghil_muulnaat_1780562520383.png,0,1,1,1,0,1
haan_ghil_muulnaat_1780562521188.png,0,1,1,1,1,1
haan_ghil_muulnaat_1780562521929.png,0,0,0,1,0,0
haan_ghil_muulnaat_1780562522702.png,0,0,0,1,0,0
haan_ghil_muulnaat_1780562523303.png,0,1,0,1,0,1
haan_ghil_muulnaat_1780562523865.png,1,0,0,0,0,1
haan_ghil_muulnaat_1780562524625.png,0,1,1,1,0,1
haan_ghil_muulnaat_1780562525158.png,0,1,1,1,1,0
haan_ghil_muulnaat_1780562525708.png,0,0,0,0,0,0
haan_ghil_muulnaat_1780562526485.png,0,1,1,0,0,0
haan_ghil_muulnaat_1780562527081.png,0,1,1,1,1,0
haan_ghil_muulnaat_1780562527656.png,0,1,0,1,0,0
haan_ghil_muulnaat_1780562528198.png,0,0,0,0,0,1
haan_ghil_muulnaat_1780562528992.png,0,1,0,1,0,0
haan_ghil_muulnaat_1780562529591.png,1,1,1,1,1,1
haan_ghil_muulnaat_1780562530146.png,1,1,1,1,1,1
haan_ghil_muulnaat_1780562530719.png,0,1,1,1,0,1
haan_ghil_muulnaat_1780562531475.png,0,0,0,0,0,0
haan_ghil_muulnaat_1780562532055.png,0,1,1,1,0,0
haan_ghil_muulnaat_1780562532796.png,0,0,0,1,0,0
haan_ghil_muulnaat_1780562533391.png,0,1,1,1,1,0
haan_ghil_muulnaat_1780562534244.png,1,1,1,0,1,1
haan_ghil_muulnaat_1780562534856.png,0,1,1,1,1,1
haan_ghil_muulnaat_1780562535460.png,0,1,1,1,0,1
haan_ghil_muulnaat_1780562536094.png,0,1,1,1,1,0
haan_ghil_muulnaat_1780562536839.png,1,1,1,1,0,1
haan_ghil_muulnaat_1780562537602.png,0,1,1,1,0,1
haan_ghil_muulnaat_1780562538361.png,0,1,1,1,1,1
haan_ghil_muulnaat_1780562538993.png,0,1,1,1,1,1
haan_ghil_muulnaat_1780562539782.png,0,1,1,1,0,1
haan_ghil_muulnaat_1780562540389.png,0,0,0,0,0,0
haan_ghil_muulnaat_1780562540988.png,0,1,1,0,1,1
haan_ghil_muulnaat_1780562541590.png,1,1,1,1,1,1
haan_ghil_muulnaat_1780562542386.png,0,1,1,1,0,1
haan_ghil_muulnaat_1780562543189.png,0,1,1,1,1,1
haan_ghil_muulnaat_1780562543801.png,0,1,1,1,0,0
haan_ghil_muulnaat_1780562544572.png,0,1,1,1,0,1
haan_ghil_muulnaat_1780562545167.png,1,1,1,1,0,1
haan_ghil_muulnaat_1780562545916.png,0,1,1,1,0,0
haan_ghil_muulnaat_1780562546504.png,0,1,1,1,0,0
haan_ghil_muulnaat_1780562547289.png,0,1,1,1,1,1
haan_ghil_muulnaat_1780562548108.png,0,1,1,1,0,0
haan_ghil_muulnaat_1780562548702.png,0,1,1,1,1,1
haan_ghil_muulnaat_1780562549487.png,0,1,1,1,0,0
haan_ghil_muulnaat_1780562550072.png,0,1,1,1,0,1
haan_ghil_muulnaat_1780562550892.png,0,1,1,1,0,0
haan_ghil_muulnaat_1780562551478.png,0,1,1,1,1,1
haan_ghil_muulnaat_1780562552022.png,0,1,1,1,0,0
haan_ghil_muulnaat_1780562552727.png,0,1,1,1,1,0
haan_ghil_muulnaat_1780562553224.png,1,0,1,1,1,0
haan_ghil_muulnaat_1780562553931.png,0,1,1,1,1,1
haan_ghil_muulnaat_1780562554748.png,0,1,0,1,0,0
haan_ghil_muulnaat_1780562555615.png,0,0,0,1,0,0
haan_ghil_muulnaat_1780562556181.png,1,1,1,1,0,0
haan_ghil_muulnaat_1780562556958.png,0,1,1,0,0,0
haan_ghil_muulnaat_1780562557566.png,1,1,1,1,1,1
haan_ghil_muulnaat_1780562558116.png,0,1,1,1,0,1
haan_ghil_muulnaat_1780562558840.png,0,1,1,0,0,1
haan_ghil_muulnaat_1780562559448.png,0,1,1,1,0,0
haan_ghil_muulnaat_1780562560223.png,0,0,1,1,0,1
haan_ghil_muulnaat_1780562560839.png,0,1,1,1,1,1
haan_ghil_muulnaat_1780562561412.png,1,1,1,1,1,1
haan_ghil_muulnaat_1780562562195.png,1,1,1,1,1,1
haan_ghil_muulnaat_1780562562988.png,0,1,1,1,1,1
haan_ghil_muulnaat_1780562563832.png,0,1,1,1,0,0
haan_ghil_muulnaat_1780562564429.png,0,0,1,1,0,1
haan_ghil_muulnaat_1780562565665.png,0,1,1,1,1,0
haan_ghil_muulnaat_1780562566259.png,0,1,1,1,0,1
haan_ghil_muulnaat_1780562567051.png,0,0,0,1,0,0
haan_ghil_muulnaat_1780562567806.png,1,1,1,1,1,0
haan_ghil_muulnaat_1780562568454.png,0,1,1,1,1,1
haan_ghil_muulnaat_1780562569206.png,0,1,1,1,1,0
haan_ghil_muulnaat_1780562569811.png,0,1,1,1,0,1
haan_ghil_muulnaat_1780562570610.png,0,1,1,1,0,0
haan_ghil_muulnaat_1780562571205.png,1,1,1,1,1,1
haan_ghil_muulnaat_1780562571985.png,0,1,0,1,0,0
haan_ghil_muulnaat_1780562572727.png,0,1,1,1,0,1
haan_ghil_muulnaat_1780562573394.png,0,1,1,1,0,0
haan_ghil_muulnaat_1780562574206.png,0,1,1,1,0,0
haan_ghil_muulnaat_1780562575059.png,1,1,1,1,1,0
haan_ghil_muulnaat_1780562575687.png,0,1,1,1,0,1
haan_ghil_muulnaat_1780562576517.png,0,0,0,0,0,0
haan_ghil_muulnaat_1780562577190.png,0,1,1,1,0,1
haan_ghil_muulnaat_1780562577974.png,0,1,1,1,0,1
haan_ghil_muulnaat_1780562578773.png,0,1,1,1,0,1
haan_ghil_muulnaat_1780562579387.png,0,1,1,1,0,1
haan_ghil_muulnaat_1780562579956.png,0,1,1,1,0,0
haan_ghil_muulnaat_1780562580610.png,0,1,1,1,1,1
haan_ghil_muulnaat_1780562581419.png,0,1,1,1,0,0
haan_ghil_muulnaat_1780562582224.png,0,1,1,1,0,1
haan_ghil_muulnaat_1780562582993.png,0,1,1,1,0,0
haan_ghil_muulnaat_1780562583767.png,1,1,1,1,1,1
haan_ghil_muulnaat_1780562584555.png,0,1,1,1,0,0
haan_ghil_muulnaat_1780562585097.png,0,1,1,1,1,0
haan_ghil_muulnaat_1780562585855.png,0,1,0,1,0,0
haan_ghil_muulnaat_1780562586589.png,0,1,0,1,0,0
haan_ghil_muulnaat_1780562587173.png,0,1,1,1,0,1
haan_ghil_muulnaat_1780562587899.png,0,1,1,1,0,1
haan_ghil_muulnaat_1780562588482.png,1,1,1,1,0,1
haan_ghil_muulnaat_1780562589045.png,0,1,1,1,0,1
haan_ghil_muulnaat_1780562589619.png,0,1,1,1,0,1
haan_ghil_muulnaat_1780562590383.png,0,0,0,1,0,0
haan_ghil_muulnaat_1780562590936.png,0,1,1,1,0,1
haan_ghil_muulnaat_1780562591691.png,0,1,1,1,0,0
haan_ghil_muulnaat_1780562592250.png,0,1,1,1,0,0
haan_ghil_muulnaat_1780562593065.png,0,1,1,1,0,0
haan_ghil_muulnaat_1780562593667.png,0,1,1,1,0,1
haan_ghil_muulnaat_1780562594399.png,0,1,1,1,0,1
haan_ghil_muulnaat_1780562594994.png,0,1,1,0,0,1
haan_ghil_muulnaat_1780562595761.png,0,1,0,1,0,0
haan_ghil_muulnaat_1780562596347.png,1,0,1,1,0,1
haan_ghil_muulnaat_1780562597148.png,0,1,1,1,0,0
haan_ghil_muulnaat_1780562597720.png,0,1,0,1,0,0
haan_ghil_muulnaat_1780562598292.png,0,1,1,1,0,0
haan_ghil_muulnaat_1780562598907.png,0,1,1,1,1,0
haan_ghil_muulnaat_1780562599538.png,0,1,1,1,0,1
haan_ghil_muulnaat_1780562600143.png,1,0,1,1,0,0
haan_ghil_muulnaat_1780562600915.png,1,1,1,1,1,1
haan_ghil_muulnaat_1780562601546.png,0,1,1,1,1,0
haan_ghil_muulnaat_1780562602149.png,0,1,1,1,1,0
haan_ghil_muulnaat_1780562602949.png,0,1,1,1,0,1
haan_ghil_muulnaat_1780562603584.png,0,0,1,1,0,1
haan_ghil_muulnaat_1780562604367.png,0,1,1,1,0,0
haan_ghil_muulnaat_1780562605143.png,0,1,1,0,0,1
haan_ghil_muulnaat_1780562605694.png,0,1,1,1,0,0
haan_ghil_muulnaat_1780562606472.png,0,1,1,1,0,1
haan_ghil_muulnaat_1780562607061.png,1,1,1,1,1,1
haan_ghil_muulnaat_1780562607845.png,0,1,1,1,0,1
haan_ghil_muulnaat_1780562608474.png,1,0,1,0,0,1
haan_ghil_muulnaat_1780562609123.png,0,1,1,1,1,0
haan_ghil_muulnaat_1780562609741.png,0,1,1,1,0,1
haan_ghil_muulnaat_1780562610538.png,0,1,1,1,0,1
haan_ghil_muulnaat_1780562611146.png,0,1,1,1,0,0
haan_ghil_muulnaat_1780562611741.png,0,1,1,0,0,1
haan_ghil_muulnaat_1780562612363.png,0,1,1,1,1,1
haan_ghil_muulnaat_1780562612980.png,0,1,1,1,0,1
haan_ghil_muulnaat_1780562613576.png,0,1,1,1,0,1
haan_ghil_muulnaat_1780562614165.png,0,1,1,1,0,0
haan_ghil_muulnaat_1780562614970.png,0,0,0,1,0,0
haan_ghil_muulnaat_1780562615754.png,0,1,1,1,0,0
haan_ghil_muulnaat_1780562616368.png,0,1,1,1,0,1
haan_ghil_muulnaat_1780562616949.png,0,1,1,1,1,1
haan_ghil_muulnaat_1780562617586.png,0,1,1,1,0,1
haan_ghil_muulnaat_1780562618181.png,0,1,1,1,0,1
haan_ghil_muulnaat_1780562618750.png,0,1,1,1,0,1
haan_ghil_muulnaat_1780562619547.png,0,1,0,1,0,0
haan_ghil_muulnaat_1780562620165.png,0,1,1,1,0,1
haan_ghil_muulnaat_1780562620820.png,1,1,1,1,1,1
haan_ghil_muulnaat_1780562621615.png,1,1,1,1,1,0
haan_ghil_muulnaat_1780562622223.png,0,1,1,1,1,0
haan_ghil_muulnaat_1780562622854.png,1,1,1,1,0,1
haan_ghil_muulnaat_1780562623571.png,0,1,1,1,0,0
haan_ghil_muulnaat_1780562624355.png,0,1,1,1,0,0
haan_ghil_muulnaat_1780562624934.png,1,1,1,1,1,1
haan_ghil_muulnaat_1780562626069.png,1,1,1,1,0,1
haan_ghil_muulnaat_1780562626737.png,0,1,1,1,0,1
haan_ghil_muulnaat_1780562627343.png,0,0,1,1,1,1
haan_ghil_muulnaat_1780562627965.png,0,1,1,1,1,0
haan_ghil_muulnaat_1780562628683.png,0,1,1,1,0,0
haan_ghil_muulnaat_1780562629389.png,0,1,1,1,1,1
haan_ghil_muulnaat_1780562629969.png,0,1,1,1,1,1
haan_ghil_muulnaat_1780562630549.png,0,1,1,1,0,0
haan_ghil_muulnaat_1780562631163.png,0,1,1,1,1,1
haan_ghil_muulnaat_1780562631756.png,0,1,1,1,0,0
haan_ghil_muulnaat_1780562632353.png,0,1,1,1,0,1
haan_ghil_muulnaat_1780562632947.png,1,1,1,1,1,1
haan_ghil_muulnaat_1780562633559.png,1,1,1,1,0,0
haan_ghil_muulnaat_1780562634147.png,0,1,1,1,0,0
haan_ghil_muulnaat_1780562634988.png,0,1,1,1,0,0
haan_ghil_muulnaat_1780562635784.png,0,1,1,1,0,1
haan_ghil_muulnaat_1780562636576.png,0,1,1,1,0,1
haan_ghil_muulnaat_1780562637195.png,0,1,1,1,0,0
haan_ghil_muulnaat_1780562637806.png,0,1,1,1,1,1
haan_ghil_muulnaat_1780562638607.png,0,1,0,1,0,1
haan_ghil_muulnaat_1780563311539.png,0,0,1,0,1,0
haan_ghil_muulnaat_1780563312200.png,1,1,1,1,1,1
haan_ghil_muulnaat_1780563312814.png,0,1,1,1,0,0
haan_ghil_muulnaat_1780563313303.png,1,1,1,1,0,1
haan_ghil_muulnaat_1780563313912.png,0,1,1,1,1,0
haan_ghil_muulnaat_1780563314430.png,0,1,1,1,1,1
haan_ghil_muulnaat_1780563315118.png,0,1,1,1,0,0
haan_ghil_muulnaat_1780563315613.png,0,1,1,0,0,1
haan_ghil_muulnaat_1780563316271.png,0,1,1,1,0,0
haan_ghil_muulnaat_1780563316731.png,1,1,1,1,1,1
haan_ghil_muulnaat_1780563317399.png,0,1,1,1,0,0
haan_ghil_muulnaat_1780563318027.png,0,1,1,1,0,1
haan_ghil_muulnaat_1780563318510.png,1,1,0,1,1,1
haan_ghil_muulnaat_1780563319127.png,0,1,1,1,0,0
haan_ghil_muulnaat_1780563319764.png,0,1,1,1,0,1
haan_ghil_muulnaat_1780563320232.png,0,1,1,1,1,0
haan_ghil_muulnaat_1780563320937.png,0,1,1,1,1,1
haan_ghil_muulnaat_1780563321511.png,0,1,1,1,1,1
haan_ghil_muulnaat_1780563322057.png,0,1,1,1,0,0
haan_ghil_muulnaat_1780563322520.png,0,1,1,1,0,1
haan_ghil_muulnaat_1780563323011.png,0,1,1,1,0,0
haan_ghil_muulnaat_1780563323629.png,0,1,1,1,0,1
haan_ghil_muulnaat_1780563324143.png,0,1,1,1,0,0
haan_ghil_muulnaat_1780563324738.png,0,0,0,1,0,0
haan_ghil_muulnaat_1780563325415.png,0,1,0,1,0,0
haan_ghil_muulnaat_1780563325897.png,0,1,1,1,0,1
haan_ghil_muulnaat_1780563326352.png,0,1,1,0,1,1
haan_ghil_muulnaat_1780563326993.png,1,1,1,1,1,0
haan_ghil_muulnaat_1780563327607.png,0,1,1,1,1,1
haan_ghil_muulnaat_1780563328273.png,1,1,1,1,0,1
haan_ghil_muulnaat_1780563328764.png,1,1,1,1,0,1
haan_ghil_muulnaat_1780563329196.png,1,1,1,1,1,1
haan_ghil_muulnaat_1780563329824.png,0,0,0,1,0,0
haan_ghil_muulnaat_1780563330522.png,0,1,1,1,0,1
haan_ghil_muulnaat_1780563331010.png,1,1,1,1,1,1
haan_ghil_muulnaat_1780563331588.png,0,1,1,1,0,1
haan_ghil_muulnaat_1780563332273.png,0,1,1,1,0,0
haan_ghil_muulnaat_1780563332754.png,0,1,1,1,0,1
haan_ghil_muulnaat_1780563333222.png,0,1,1,1,1,1
haan_ghil_muulnaat_1780563333693.png,0,1,0,1,0,0
haan_ghil_muulnaat_1780563334200.png,0,1,1,1,0,1
haan_ghil_muulnaat_1780563334801.png,0,1,1,0,0,1
haan_ghil_muulnaat_1780563335442.png,1,1,1,1,1,1
haan_ghil_muulnaat_1780563335877.png,1,1,1,1,1,1
haan_ghil_muulnaat_1780563336371.png,0,1,1,1,0,1
haan_ghil_muulnaat_1780563337064.png,0,1,1,1,1,1
haan_ghil_muulnaat_1780563337575.png,0,1,1,1,1,1
haan_ghil_muulnaat_1780563338202.png,0,0,1,1,0,1
haan_ghil_muulnaat_1780563338858.png,0,1,1,1,0,0
haan_ghil_muulnaat_1780563339373.png,0,1,1,1,1,1
haan_ghil_muulnaat_1780563340030.png,0,1,1,1,0,1
haan_ghil_muulnaat_1780563340502.png,0,1,1,1,0,1
haan_ghil_muulnaat_1780563340996.png,0,1,1,1,1,1
haan_ghil_muulnaat_1780563341467.png,0,1,1,1,0,0
haan_ghil_muulnaat_1780563342155.png,0,1,1,1,0,0
haan_ghil_muulnaat_1780563342796.png,1,1,1,1,1,1
haan_ghil_muulnaat_1780563343308.png,0,1,1,1,0,1
haan_ghil_muulnaat_1780563343913.png,0,1,1,1,0,1
haan_ghil_muulnaat_1780563344527.png,1,1,1,1,1,1
haan_ghil_muulnaat_1780563345026.png,0,1,1,0,0,1
haan_ghil_muulnaat_1780563345511.png,0,1,1,1,0,1
haan_ghil_muulnaat_1780563346100.png,0,0,0,1,0,0
haan_ghil_muulnaat_1780563346779.png,0,1,1,1,0,0
haan_ghil_muulnaat_1780563347398.png,0,1,1,1,0,1
haan_ghil_muulnaat_1780563347887.png,0,1,1,1,0,0
haan_ghil_muulnaat_1780563348500.png,0,1,1,1,0,1
haan_ghil_muulnaat_1780563349019.png,0,1,1,1,0,1
haan_ghil_muulnaat_1780563349659.png,0,1,1,1,0,0
haan_ghil_muulnaat_1780563350161.png,0,1,1,1,1,0
haan_ghil_muulnaat_1780563350674.png,0,1,1,1,0,1
haan_ghil_muulnaat_1780563351320.png,0,1,1,1,0,0
haan_ghil_muulnaat_1780563351856.png,0,1,1,1,0,1
haan_ghil_muulnaat_1780563352488.png,0,1,1,1,0,0
haan_ghil_muulnaat_1780563353005.png,1,1,1,0,0,1
haan_ghil_muulnaat_1780563353618.png,0,1,0,1,0,0
haan_ghil_muulnaat_1780563354111.png,1,1,1,1,0,1
haan_ghil_muulnaat_1780563354647.png,0,1,1,1,1,1
haan_ghil_muulnaat_1780563355138.png,0,1,1,1,1,1
haan_ghil_muulnaat_1780563355820.png,0,0,0,1,0,0
haan_ghil_muulnaat_1780563356467.png,0,1,0,1,0,0
haan_ghil_muulnaat_1780563357125.png,0,1,1,1,0,1
haan_ghil_muulnaat_1780563357622.png,0,1,1,1,1,1
haan_ghil_muulnaat_1780563358146.png,0,1,1,1,0,0
haan_ghil_muulnaat_1780563358848.png,0,1,1,1,1,1
haan_ghil_muulnaat_1780563359469.png,0,1,1,1,1,1
haan_ghil_muulnaat_1780563359956.png,0,1,1,1,0,1
haan_ghil_muulnaat_1780563360637.png,0,1,1,1,0,1
haan_ghil_muulnaat_1780563361146.png,0,1,1,1,1,0
haan_ghil_muulnaat_1780563361657.png,0,1,0,1,0,1
haan_ghil_muulnaat_1780563362652.png,0,1,1,0,0,0
haan_ghil_muulnaat_1780563363186.png,0,1,1,1,0,0
haan_ghil_muulnaat_1780563363686.png,0,1,1,1,0,1
haan_ghil_muulnaat_1780563364189.png,0,1,1,1,1,0
haan_ghil_muulnaat_1780563364834.png,0,0,0,1,0,0
haan_ghil_muulnaat_1780563365466.png,0,1,0,1,0,0
haan_ghil_muulnaat_1780563366118.png,1,1,1,1,0,1
haan_ghil_muulnaat_1780563366646.png,0,1,1,1,1,1
haan_ghil_muulnaat_1780563367150.png,1,1,1,1,0,1
haan_ghil_muulnaat_1780563367801.png,0,0,0,1,0,0
haan_ghil_muulnaat_1780563368378.png,1,1,1,1,1,1
haan_ghil_muulnaat_1780563368834.png,0,1,1,1,1,1
haan_ghil_muulnaat_1780563369351.png,0,1,1,1,1,1
haan_ghil_muulnaat_1780563369806.png,0,1,1,1,0,1
haan_ghil_muulnaat_1780563370353.png,0,1,1,1,0,0
haan_ghil_muulnaat_1780563370994.png,0,1,1,1,0,0
haan_ghil_muulnaat_1780563371520.png,0,1,1,1,0,1
haan_ghil_muulnaat_1780563372006.png,0,1,1,1,0,0
haan_ghil_muulnaat_1780563372512.png,0,0,0,0,0,0
haan_ghil_muulnaat_1780563373235.png,0,0,0,0,0,0
haan_ghil_muulnaat_1780563373888.png,0,1,0,1,0,0
haan_ghil_muulnaat_1780563374521.png,0,1,1,1,0,0
haan_ghil_muulnaat_1780563375225.png,0,1,1,1,1,1
haan_ghil_muulnaat_1780563375767.png,0,1,1,1,0,0
haan_ghil_muulnaat_1780563376417.png,1,1,1,1,0,0
haan_ghil_muulnaat_1780563377089.png,1,1,1,1,0,1
haan_ghil_muulnaat_1780563377757.png,0,1,1,1,0,0
haan_ghil_muulnaat_1780563378436.png,0,1,1,1,0,0
haan_ghil_muulnaat_1780563379080.png,0,1,1,1,1,1
haan_ghil_muulnaat_1780563379747.png,0,1,1,0,0,0
haan_ghil_muulnaat_1780563380384.png,0,0,0,1,0,0
haan_ghil_muulnaat_1780563381041.png,0,1,1,1,0,0
haan_ghil_muulnaat_1780563381532.png,0,1,1,1,0,1
haan_ghil_muulnaat_1780563382194.png,0,1,0,1,0,0
haan_ghil_muulnaat_1780563382733.png,0,1,1,1,0,1
haan_ghil_muulnaat_1780563383271.png,0,1,1,1,0,0
haan_ghil_muulnaat_1780563384020.png,0,1,1,1,0,0
haan_ghil_muulnaat_1780563384590.png,1,1,1,1,0,1
haan_ghil_muulnaat_1780563385326.png,0,1,0,0,0,0
haan_ghil_muulnaat_1780563385882.png,0,1,1,1,0,1
haan_ghil_muulnaat_1780563386602.png,0,1,0,0,0,0
haan_ghil_muulnaat_1780563387329.png,0,0,1,1,0,0
haan_ghil_muulnaat_1780563388017.png,1,1,1,1,0,1
haan_ghil_muulnaat_1780563388536.png,0,1,1,1,0,1
haan_ghil_muulnaat_1780563389263.png,1,0,0,1,0,0
haan_ghil_muulnaat_1780563389814.png,0,1,1,1,0,0
haan_ghil_muulnaat_1780563390481.png,0,1,1,1,0,0
haan_ghil_muulnaat_1780563391203.png,1,1,1,1,1,1
haan_ghil_muulnaat_1780563391904.png,0,1,0,1,0,0
haan_ghil_muulnaat_1780563392648.png,0,0,1,0,0,0
haan_ghil_muulnaat_1780563393342.png,1,1,1,1,1,0
haan_ghil_muulnaat_1780563393878.png,1,1,1,1,0,0
haan_ghil_muulnaat_1780563394575.png,0,0,0,1,0,0
haan_ghil_muulnaat_1780563395241.png,1,1,1,1,1,1
haan_ghil_muulnaat_1780563395918.png,0,1,1,0,0,0
haan_ghil_muulnaat_1780563396495.png,0,1,1,1,1,1
haan_ghil_muulnaat_1780563397045.png,0,0,1,1,0,1
haan_ghil_muulnaat_1780563397723.png,0,1,1,1,0,1
haan_ghil_muulnaat_1780563398257.png,0,1,1,1,0,1
haan_ghil_muulnaat_1780563398810.png,1,1,1,1,1,1
haan_ghil_muulnaat_1780563399351.png,0,1,1,1,0,1
haan_ghil_muulnaat_1780563399896.png,1,1,1,1,0,0
haan_ghil_muulnaat_1780563400460.png,0,0,1,0,1,1
haan_ghil_muulnaat_1780563401164.png,0,0,0,1,0,0
haan_ghil_muulnaat_1780563401887.png,0,1,1,1,0,1
haan_ghil_muulnaat_1780563402571.png,0,1,0,1,0,0
haan_ghil_muulnaat_1780563403268.png,1,1,1,1,1,0
haan_ghil_muulnaat_1780563403976.png,0,1,1,1,1,1
haan_ghil_muulnaat_1780563404525.png,0,1,1,1,0,1
haan_ghil_muulnaat_1780563405080.png,0,1,1,1,0,1
haan_ghil_muulnaat_1780563405678.png,0,1,1,1,1,0
haan_ghil_muulnaat_1780563406439.png,0,1,1,1,1,1
haan_ghil_muulnaat_1780563407161.png,0,1,1,1,1,0
haan_ghil_muulnaat_1780563407768.png,0,1,0,1,0,1
haan_ghil_muulnaat_1780563408521.png,0,1,0,1,0,0
haan_ghil_muulnaat_1780563409092.png,1,1,1,1,1,0
haan_ghil_muulnaat_1780563409827.png,0,0,0,1,0,0
haan_ghil_muulnaat_1780563410552.png,0,1,1,1,0,0
haan_ghil_muulnaat_1780563411308.png,0,1,1,1,0,1
haan_ghil_muulnaat_1780563411871.png,0,1,1,1,1,1
haan_ghil_muulnaat_1780563412470.png,0,1,1,1,0,0
haan_ghil_muulnaat_1780563413250.png,0,1,1,1,1,1
haan_ghil_muulnaat_1780563413832.png,0,1,1,1,0,1
haan_ghil_muulnaat_1780563414610.png,1,1,1,1,0,0
haan_ghil_muulnaat_1780563415187.png,0,1,1,1,1,0
haan_ghil_muulnaat_1780563416019.png,0,1,1,1,0,0
haan_ghil_muulnaat_1780563416804.png,0,1,1,1,0,1
haan_ghil_muulnaat_1780563417379.png,1,0,0,0,0,1
haan_ghil_muulnaat_1780563418101.png,0,1,1,1,0,0
haan_ghil_muulnaat_1780563418704.png,1,1,1,1,0,1
haan_ghil_muulnaat_1780563419461.png,0,0,1,0,0,1
haan_ghil_muulnaat_1780563420061.png,1,1,1,1,0,1
haan_ghil_muulnaat_1780563420662.png,0,1,1,1,1,1
haan_ghil_muulnaat_1780563421437.png,0,1,1,1,0,1
haan_ghil_muulnaat_1780563422031.png,0,0,0,1,0,1
haan_ghil_muulnaat_1780563422794.png,1,1,1,1,1,0
haan_ghil_muulnaat_1780563423401.png,0,1,1,1,1,1
haan_ghil_muulnaat_1780563423995.png,0,1,1,1,1,1
haan_ghil_muulnaat_1780563425258.png,0,1,1,1,1,1
haan_ghil_muulnaat_1780563425894.png,0,1,1,1,1,1
haan_ghil_muulnaat_1780563426667.png,1,1,1,1,1,1
haan_ghil_muulnaat_1780563427441.png,0,0,1,1,1,1
haan_ghil_muulnaat_1780563428191.png,1,0,1,1,1,1
haan_ghil_muulnaat_1780563428816.png,0,0,1,1,1,1
haan_ghil_muulnaat_1780563430314.png,0,0,0,1,0,0
haan_ghil_muulnaat_1780563431084.png,0,1,1,1,1,1
haan_ghil_muulnaat_1780563431879.png,0,1,1,1,0,1
haan_ghil_muulnaat_1780563432641.png,0,0,0,1,0,1
haan_ghil_muulnaat_1780563433231.png,1,0,0,0,0,0
haan_ghil_muulnaat_1780563433845.png,0,1,1,1,0,1
haan_ghil_muulnaat_1780563434582.png,0,1,1,1,0,1
haan_ghil_muulnaat_1780563435167.png,0,0,1,1,0,1
haan_ghil_muulnaat_1780563435745.png,0,1,1,1,1,1
haan_ghil_muulnaat_1780563436325.png,0,1,1,1,0,1
haan_ghil_muulnaat_1780563436934.png,1,1,1,1,0,1
haan_ghil_muulnaat_1780563437511.png,0,1,1,1,0,1
haan_ghil_muulnaat_1780563438287.png,0,1,0,1,0,0
haan_ghil_muulnaat_1780563438836.png,1,1,1,0,1,1
haan_ghil_muulnaat_1780563439419.png,1,1,1,1,0,0
haan_ghil_muulnaat_1780563440122.png,0,0,0,0,0,0
haan_ghil_muulnaat_1780563440689.png,1,1,1,1,1,0
haan_ghil_muulnaat_1780563441279.png,0,1,0,1,0,1
haan_ghil_muulnaat_1780563441878.png,1,1,1,1,1,0
haan_ghil_muulnaat_1780563442417.png,0,1,1,1,0,1
haan_ghil_muulnaat_1780563443191.png,0,0,0,1,0,0
haan_ghil_muulnaat_1780563443797.png,0,1,1,1,1,1
haan_ghil_muulnaat_1780563444519.png,0,1,1,1,0,0
haan_ghil_muulnaat_1780563445352.png,0,0,0,1,0,0
haan_ghil_muulnaat_1780563445942.png,0,1,1,1,1,1
haan_ghil_muulnaat_1780563446689.png,0,1,1,1,0,0
haan_ghil_muulnaat_1780563447264.png,0,1,1,1,1,1
haan_ghil_muulnaat_1780563448001.png,0,1,0,1,0,0
haan_ghil_muulnaat_1780563448781.png,1,1,1,1,0,1
haan_ghil_muulnaat_1780563449534.png,0,1,1,1,0,1
haan_ghil_muulnaat_1780563450119.png,0,1,1,1,1,1
haan_ghil_muulnaat_1780563450692.png,0,1,1,1,0,1
haan_ghil_muulnaat_1780563451466.png,0,0,1,0,0,1
haan_ghil_muulnaat_1780563452086.png,1,1,1,1,1,1
haan_ghil_muulnaat_1780563452656.png,0,1,1,1,1,1
haan_ghil_muulnaat_1780563453225.png,1,1,1,0,0,1
haan_ghil_muulnaat_1780563453971.png,0,0,0,1,0,0
haan_ghil_muulnaat_1780563455448.png,0,1,1,1,1,1
haan_ghil_muulnaat_1780563456034.png,0,0,0,1,1,1
haan_ghil_muulnaat_1780563456676.png,1,1,1,1,1,1
haan_ghil_muulnaat_1780563457304.png,0,1,1,1,1,1
haan_ghil_muulnaat_1780563457921.png,0,0,1,1,0,1
haan_ghil_muulnaat_1780563458690.png,0,1,1,1,0,0
haan_ghil_muulnaat_1780563459509.png,0,1,1,1,0,1
haan_ghil_muulnaat_1780563460240.png,0,1,1,1,0,0
haan_ghil_muulnaat_1780563460834.png,1,1,1,1,0,1
haan_ghil_muulnaat_1780563461602.png,0,1,1,1,0,1
haan_ghil_muulnaat_1780563462366.png,1,1,1,1,0,1
haan_ghil_muulnaat_1780563462964.png,1,1,0,1,0,0
haan_ghil_muulnaat_1780563463755.png,0,1,1,1,0,1
haan_ghil_muulnaat_1780563464356.png,0,1,1,1,0,1
haan_ghil_muulnaat_1780563465125.png,0,1,1,1,0,0
haan_ghil_muulnaat_1780563465915.png,0,1,0,1,0,0
haan_ghil_muulnaat_1780563466704.png,0,1,0,1,0,0
haan_ghil_muulnaat_1780563467478.png,1,1,1,1,1,1
haan_ghil_muulnaat_1780563468111.png,0,1,1,1,0,1
haan_ghil_muulnaat_1780563468705.png,0,1,1,1,0,1
haan_ghil_muulnaat_1780563469298.png,0,1,1,0,0,1
haan_ghil_muulnaat_1780563469901.png,1,1,1,1,0,1
haan_ghil_muulnaat_1780563470669.png,0,1,0,1,0,0
haan_ghil_muulnaat_1780563471292.png,0,1,1,1,0,0
haan_ghil_muulnaat_1780563471886.png,0,1,1,1,0,1
haan_ghil_muulnaat_1780563472679.png,1,1,1,1,1,1
haan_ghil_muulnaat_1780563473435.png,0,1,1,1,0,1
haan_ghil_muulnaat_1780563474001.png,0,1,1,1,0,1
haan_ghil_muulnaat_1780563474582.png,0,1,1,1,0,1
haan_ghil_muulnaat_1780563475349.png,0,1,1,1,0,1
haan_ghil_muulnaat_1780563476131.png,0,1,0,1,0,0
haan_ghil_muulnaat_1780563476740.png,0,1,1,1,0,1
haan_ghil_muulnaat_1780563477312.png,0,1,1,1,0,1
haan_ghil_muulnaat_1780563477960.png,0,1,1,1,0,1
haan_ghil_muulnaat_1780563478711.png,0,1,1,1,0,0
haan_ghil_muulnaat_1780563479469.png,1,1,0,1,1,1
haan_ghil_muulnaat_1780563480927.png,1,1,1,1,0,0
haan_ghil_muulnaat_1780563481536.png,0,1,1,1,0,1
haan_ghil_muulnaat_1780563482168.png,0,1,1,0,1,1
haan_ghil_muulnaat_1780563482931.png,0,0,1,1,0,0
haan_ghil_muulnaat_1780563483526.png,0,1,1,1,0,0
haan_ghil_muulnaat_1780563484282.png,1,1,1,1,1,0
haan_ghil_muulnaat_1780563485081.png,0,1,1,1,0,0
haan_ghil_muulnaat_1780563485854.png,0,1,1,1,1,0
haan_ghil_muulnaat_1780563486563.png,0,1,0,1,0,0
haan_ghil_muulnaat_1780563487148.png,0,1,1,1,0,0
haan_ghil_muulnaat_1780563487750.png,1,1,1,1,1,1
haan_ghil_muulnaat_1780563488336.png,0,1,1,1,0,1
haan_ghil_muulnaat_1780563488922.png,1,1,1,1,0,0
haan_ghil_muulnaat_1780563489697.png,1,1,1,1,1,1
haan_ghil_muulnaat_1780563490340.png,0,1,1,1,1,1
haan_ghil_muulnaat_1780563490950.png,1,0,0,1,0,0
haan_ghil_muulnaat_1780563491773.png,0,1,0,1,0,0
haan_ghil_muulnaat_1780563492409.png,0,1,1,1,0,1
haan_ghil_muulnaat_1780563493071.png,1,1,1,1,0,1
haan_ghil_muulnaat_1780563493855.png,1,1,1,1,0,1
haan_ghil_muulnaat_1780563494468.png,1,1,1,1,1,1
haan_ghil_muulnaat_1780563495216.png,0,1,0,1,0,0
haan_ghil_muulnaat_1780563496002.png,0,1,1,1,0,0
haan_ghil_muulnaat_1780563496739.png,1,1,1,1,0,1
haan_ghil_muulnaat_1780563497349.png,1,1,1,1,1,1
haan_ghil_muulnaat_1780563498128.png,1,1,0,1,0,0
haan_ghil_muulnaat_1780563498859.png,0,1,1,1,0,1
haan_ghil_muulnaat_1780563499445.png,1,1,1,1,0,1
haan_ghil_muulnaat_1780563500046.png,1,1,1,1,1,1
haan_ghil_muulnaat_1780563500753.png,0,1,1,1,0,0
haan_ghil_muulnaat_1780563501516.png,1,1,1,1,1,1
haan_ghil_muulnaat_1780563502082.png,1,1,1,1,1,0
haan_ghil_muulnaat_1780563502842.png,0,1,1,1,1,1
haan_ghil_muulnaat_1780563503396.png,1,1,1,1,1,1
haan_ghil_muulnaat_1780563503923.png,1,1,1,1,0,0
haan_ghil_muulnaat_1780563504653.png,0,1,1,1,0,1
haan_ghil_muulnaat_1780563505423.png,0,1,1,1,0,0
haan_ghil_muulnaat_1780563506185.png,1,1,1,1,1,1
haan_ghil_muulnaat_1780563506981.png,1,1,1,1,0,1
haan_ghil_muulnaat_1780563507591.png,1,1,1,1,0,1
haan_ghil_muulnaat_1780563508397.png,1,1,1,1,1,0
haan_ghil_muulnaat_1780563508965.png,0,1,1,1,1,1
haan_ghil_muulnaat_1780563509782.png,1,0,0,0,0,0
haan_ghil_muulnaat_1780563510381.png,1,1,1,1,1,1
haan_ghil_muulnaat_1780563511149.png,0,1,1,1,0,1
haan_ghil_muulnaat_1780563511917.png,1,1,1,1,0,0
haan_ghil_muulnaat_1780563512512.png,1,1,1,1,1,1
haan_ghil_muulnaat_1780563513296.png,0,0,0,1,0,0
haan_ghil_muulnaat_1780563514049.png,0,1,1,1,0,0
haan_ghil_muulnaat_1780563514726.png,1,1,1,1,1,1
haan_ghil_muulnaat_1780563515367.png,1,1,1,1,0,1
haan_ghil_muulnaat_1780563516022.png,0,1,1,1,0,0
haan_ghil_muulnaat_1780563516679.png,1,1,1,1,1,1
haan_ghil_muulnaat_1780563517335.png,1,1,1,1,1,1
haan_ghil_muulnaat_1780563518119.png,1,1,0,1,0,0
haan_ghil_muulnaat_1780563518729.png,0,1,1,1,1,1
haan_ghil_muulnaat_1780563519341.png,1,0,1,1,1,1
haan_ghil_muulnaat_1780563520155.png,1,1,1,1,1,1
haan_ghil_muulnaat_1780563520819.png,1,1,1,1,1,1
haan_ghil_muulnaat_1780563521637.png,0,1,1,1,0,1
haan_ghil_muulnaat_1780563522443.png,1,1,1,1,1,1
haan_ghil_muulnaat_1780563523032.png,1,1,1,1,0,0
haan_ghil_muulnaat_1780563523867.png,1,1,1,1,0,0
haan_ghil_muulnaat_1780563524468.png,1,1,1,1,1,1
haan_ghil_muulnaat_1780563525115.png,1,1,1,1,0,1
haan_ghil_muulnaat_1780563525732.png,1,1,1,1,1,1
haan_ghil_muulnaat_1780563526534.png,0,1,1,1,0,0
haan_ghil_muulnaat_1780563527151.png,1,1,1,1,0,0
haan_ghil_muulnaat_1780563527801.png,1,1,1,1,1,0
haan_ghil_muulnaat_1780563528568.png,0,1,1,1,0,0
haan_ghil_muulnaat_1780563529343.png,1,0,1,1,1,1
haan_ghil_muulnaat_1780563530141.png,1,1,1,1,1,1
haan_ghil_muulnaat_1780563530911.png,0,1,0,1,0,0
haan_ghil_muulnaat_1780563531520.png,1,1,1,1,0,1
haan_ghil_muulnaat_1780563532253.png,0,1,0,1,0,0
haan_ghil_muulnaat_1780563532995.png,0,1,1,1,1,1
haan_ghil_muulnaat_1780563534262.png,0,1,1,1,0,0
haan_ghil_muulnaat_1780563534781.png,0,1,0,1,0,1
haan_ghil_muulnaat_1780563535335.png,1,1,1,1,1,1
haan_ghil_muulnaat_1780563536029.png,1,1,1,1,1,1
haan_ghil_muulnaat_1780563536628.png,0,1,1,1,1,1
haan_ghil_muulnaat_1780563537225.png,1,1,1,1,0,1
haan_ghil_muulnaat_1780563537800.png,0,0,0,0,0,1
haan_ghil_muulnaat_1780563538386.png,0,1,1,1,1,1
haan_ghil_muulnaat_1780563538970.png,0,1,1,1,0,1
haan_ghil_muulnaat_1780563539745.png,0,1,1,1,0,1
haan_ghil_muulnaat_1780563540470.png,1,0,1,1,1,1
haan_ghil_muulnaat_1780563541204.png,0,1,1,1,0,0
haan_ghil_muulnaat_1780563541789.png,0,1,1,1,1,1
haan_ghil_muulnaat_1780563542372.png,0,0,1,1,0,0
haan_ghil_muulnaat_1780563542947.png,0,1,1,1,1,0
haan_ghil_muulnaat_1780563543709.png,1,1,1,1,0,1
haan_ghil_muulnaat_1780563544459.png,0,1,1,1,0,1
haan_ghil_muulnaat_1780563545241.png,1,1,1,1,0,0
haan_ghil_muulnaat_1780563545991.png,1,1,1,1,0,1
haan_ghil_muulnaat_1780563546755.png,0,1,1,1,0,0
haan_ghil_muulnaat_1780563547511.png,0,1,1,1,1,1
haan_ghil_muulnaat_1780563548090.png,0,1,1,1,0,1
haan_ghil_muulnaat_1780563548827.png,0,1,1,1,0,0
haan_ghil_muulnaat_1780563549407.png,0,1,1,1,0,1
haan_ghil_muulnaat_1780563550217.png,1,1,1,1,1,1
haan_ghil_muulnaat_1780563551004.png,1,1,1,1,0,1
haan_ghil_muulnaat_1780563551576.png,1,1,1,1,0,1
haan_ghil_muulnaat_1780563552367.png,0,1,0,1,0,0
haan_ghil_muulnaat_1780563552966.png,0,1,1,1,0,1
haan_ghil_muulnaat_1780563553563.png,0,1,1,1,0,1
haan_ghil_muulnaat_1780563554107.png,1,1,1,1,0,0
haan_ghil_muulnaat_1780563554941.png,0,1,1,1,0,0
haan_ghil_muulnaat_1780563555555.png,0,1,1,1,0,1
haan_ghil_muulnaat_1780563556206.png,0,1,1,1,0,1
haan_ghil_muulnaat_1780563556849.png,0,1,1,1,0,1
haan_ghil_muulnaat_1780563557662.png,0,1,1,1,1,1
haan_ghil_muulnaat_1780563558433.png,0,1,1,1,1,1
haan_ghil_muulnaat_1780563559303.png,1,1,1,1,1,1
haan_ghil_muulnaat_1780563560101.png,0,0,0,0,0,0
haan_ghil_muulnaat_1780563560959.png,1,1,1,0,0,0
haan_ghil_muulnaat_1780563561771.png,0,1,1,1,0,0
haan_ghil_muulnaat_1780563562364.png,0,1,1,1,0,0
haan_ghil_muulnaat_1780563562987.png,0,1,1,1,0,1
haan_ghil_muulnaat_1780563563597.png,0,1,1,1,0,0
haan_ghil_muulnaat_1780563564399.png,0,1,1,1,0,0
haan_ghil_muulnaat_1780563564988.png,0,1,1,1,1,0
haan_ghil_muulnaat_1780563565771.png,0,1,1,1,1,1
haan_ghil_muulnaat_1780563566395.png,0,1,1,1,0,1
haan_ghil_muulnaat_1780563567032.png,0,1,1,1,0,1
haan_ghil_muulnaat_1780563567801.png,0,0,0,1,0,0
haan_ghil_muulnaat_1780563568424.png,0,1,1,1,0,1
haan_ghil_muulnaat_1780563569143.png,0,1,1,1,0,1
haan_ghil_muulnaat_1780563569920.png,1,1,1,1,1,0
haan_ghil_muulnaat_1780563570536.png,0,1,1,1,0,1
haan_ghil_muulnaat_1780563571329.png,0,1,1,1,0,1
haan_ghil_muulnaat_1780563572122.png,1,1,1,1,1,1
haan_ghil_muulnaat_1780563572739.png,0,0,0,1,0,0
haan_ghil_muulnaat_1780563573327.png,0,1,1,1,0,1
haan_ghil_muulnaat_1780563574149.png,1,1,1,1,1,1
haan_ghil_muulnaat_1780563574714.png,1,1,1,1,1,1
haan_ghil_muulnaat_1780563575292.png,0,1,1,1,0,1
haan_ghil_muulnaat_1780563576073.png,0,1,1,1,0,0
haan_ghil_muulnaat_1780563576834.png,0,0,0,1,0,0
haan_ghil_muulnaat_1780563577618.png,1,1,1,1,0,1
haan_ghil_muulnaat_1780563578419.png,0,1,1,1,0,0
haan_ghil_muulnaat_1780563579050.png,1,1,0,1,0,0
haan_ghil_muulnaat_1780563579701.png,1,1,1,1,1,1
haan_ghil_muulnaat_1780563580319.png,0,1,1,1,1,1
haan_ghil_muulnaat_1780563581087.png,0,1,0,0,0,1
haan_ghil_muulnaat_1780563581719.png,0,0,0,1,0,1
haan_ghil_muulnaat_1780563582354.png,0,0,1,0,0,1
haan_ghil_muulnaat_1780563582995.png,1,1,1,1,0,1
haan_ghil_muulnaat_1780563583779.png,0,1,1,1,1,1
haan_ghil_muulnaat_1780563584398.png,0,1,1,1,1,1
haan_ghil_muulnaat_1780563585199.png,0,1,1,1,0,0
haan_ghil_muulnaat_1780563585814.png,0,1,1,1,0,1
haan_ghil_muulnaat_1780563586548.png,0,1,1,1,0,0
haan_ghil_muulnaat_1780563587175.png,0,1,1,1,1,1
haan_ghil_muulnaat_1780563587753.png,0,1,1,0,1,1
haan_ghil_muulnaat_1780563588389.png,1,1,1,1,1,0
haan_ghil_muulnaat_1780563588996.png,1,1,1,1,1,1
haan_ghil_muulnaat_1780563589828.png,0,1,1,1,1,1
haan_ghil_muulnaat_1780563590396.png,0,1,1,1,1,1
haan_ghil_muulnaat_1780563591004.png,0,1,1,1,0,1
haan_ghil_muulnaat_1780563591816.png,0,1,0,1,0,0
haan_ghil_muulnaat_1780563592413.png,0,1,1,1,1,1
haan_ghil_muulnaat_1780563593047.png,0,0,0,0,0,0
haan_ghil_muulnaat_1780563593670.png,0,1,1,1,1,1
haan_ghil_muulnaat_1780563594474.png,0,1,1,1,0,0
haan_ghil_muulnaat_1780563595097.png,0,1,1,1,0,1
haan_ghil_muulnaat_1780563595733.png,0,1,1,0,1,1
haan_ghil_muulnaat_1780563596390.png,0,1,1,0,0,1
haan_ghil_muulnaat_1780563597246.png,0,1,1,1,0,0
haan_ghil_muulnaat_1780563598095.png,0,1,1,1,0,1
haan_ghil_muulnaat_1780563598716.png,0,1,0,1,0,1
haan_ghil_muulnaat_1780563599531.png,0,1,1,1,0,1
haan_ghil_muulnaat_1780563600363.png,0,0,0,1,0,0
haan_ghil_muulnaat_1780563601165.png,0,0,0,0,0,1
haan_ghil_muulnaat_1780563602000.png,0,0,0,0,0,1
haan_ghil_muulnaat_1780563602825.png,0,1,0,1,0,0
haan_ghil_muulnaat_1780563603439.png,0,1,1,1,0,1
haan_ghil_muulnaat_1780563604075.png,1,0,0,0,0,1
haan_ghil_muulnaat_1780563604833.png,0,1,1,1,0,1
haan_ghil_muulnaat_1780563605585.png,0,1,1,1,1,0
haan_ghil_muulnaat_1780563606314.png,0,1,1,1,0,0
haan_ghil_muulnaat_1780563607017.png,0,1,1,1,0,1
haan_ghil_muulnaat_1780563607793.png,0,1,1,1,1,1
haan_ghil_muulnaat_1780563608583.png,0,1,0,1,0,0
haan_ghil_muulnaat_1780563609135.png,0,1,1,1,1,1
haan_ghil_muulnaat_1780563609871.png,1,1,1,1,1,1
haan_ghil_muulnaat_1780563610605.png,0,0,0,1,0,0
haan_ghil_muulnaat_1780563611207.png,0,1,1,0,0,1
haan_ghil_muulnaat_1780563611793.png,0,1,1,1,0,1
haan_ghil_muulnaat_1780563612407.png,1,1,1,1,0,0
haan_ghil_muulnaat_1780563613053.png,1,1,1,0,0,1
haan_ghil_muulnaat_1780563613822.png,1,1,1,1,1,0
haan_ghil_muulnaat_1780563614563.png,0,1,1,1,0,0
haan_ghil_muulnaat_1780563615151.png,0,1,1,1,0,1
haan_ghil_muulnaat_1780563615716.png,0,1,1,1,0,1
haan_ghil_muulnaat_1780563616464.png,0,0,0,1,0,0
haan_ghil_muulnaat_1780563617196.png,0,1,1,1,0,1
haan_ghil_muulnaat_1780563617743.png,0,1,1,1,0,1
haan_ghil_muulnaat_1780563618298.png,0,1,1,1,0,1
haan_ghil_muulnaat_1780563619038.png,0,0,0,1,0,0
haan_ghil_muulnaat_1780563619779.png,0,1,1,1,0,1
haan_ghil_muulnaat_1780563620319.png,0,0,0,0,0,0
haan_ghil_muulnaat_1780563620843.png,0,1,1,1,0,0
haan_ghil_muulnaat_1780563621392.png,0,1,1,1,0,0
haan_ghil_muulnaat_1780563621971.png,0,1,1,0,0,1
haan_ghil_muulnaat_1780563622722.png,0,1,1,0,0,1
haan_ghil_muulnaat_1780563623324.png,0,0,0,0,0,0
haan_ghil_muulnaat_1780563623939.png,0,1,1,1,0,1
haan_ghil_muulnaat_1780563624771.png,0,0,0,0,0,0
haan_ghil_muulnaat_1780563625411.png,1,1,0,1,0,1
haan_ghil_muulnaat_1780563626061.png,0,0,0,0,0,0
haan_ghil_muulnaat_1780563626839.png,0,1,1,1,0,1
haan_ghil_muulnaat_1780563627439.png,1,1,1,1,1,1
haan_ghil_muulnaat_1780563628231.png,0,1,1,1,1,1
haan_ghil_muulnaat_1780563628781.png,0,0,0,0,0,0
haan_ghil_muulnaat_1780563629411.png,0,1,1,1,0,0
haan_ghil_muulnaat_1780563630014.png,0,1,1,1,0,1
haan_ghil_muulnaat_1780563630584.png,0,1,1,1,0,0
haan_ghil_muulnaat_1780563631372.png,0,0,1,1,1,1
haan_ghil_muulnaat_1780563632012.png,0,0,1,0,1,1
haan_ghil_muulnaat_1780563632582.png,0,0,1,0,1,1
haan_ghil_muulnaat_1780563633206.png,0,1,1,1,1,1
haan_ghil_muulnaat_1780563633812.png,0,1,1,1,1,1
haan_ghil_muulnaat_1780563634400.png,0,1,1,1,1,1
haan_ghil_muulnaat_1780564003949.png,0,1,1,1,1,1
haan_ghil_muulnaat_1780564004627.png,0,1,1,1,0,0
haan_ghil_muulnaat_1780564005293.png,0,1,1,1,0,1
haan_ghil_muulnaat_1780564005762.png,0,1,1,1,1,1
haan_ghil_muulnaat_1780564006246.png,0,1,1,1,1,1
haan_ghil_muulnaat_1780564006882.png,0,1,1,1,1,0
haan_ghil_muulnaat_1780564007370.png,0,1,1,1,0,1
haan_ghil_muulnaat_1780564008010.png,0,1,1,1,0,1
haan_ghil_muulnaat_1780564008705.png,1,1,1,1,0,0
haan_ghil_muulnaat_1780564009356.png,1,1,1,1,0,0
haan_ghil_muulnaat_1780564009819.png,0,1,1,1,1,1
haan_ghil_muulnaat_1780564010440.png,0,1,1,1,0,1
haan_ghil_muulnaat_1780564011036.png,0,1,1,1,0,1
haan_ghil_muulnaat_1780564011624.png,0,1,1,1,0,0
haan_ghil_muulnaat_1780564012273.png,0,1,1,1,1,1
haan_ghil_muulnaat_1780564012927.png,0,1,0,1,0,0
haan_ghil_muulnaat_1780564013414.png,0,0,1,0,0,0
haan_ghil_muulnaat_1780564014069.png,0,0,0,1,0,0
haan_ghil_muulnaat_1780564014532.png,0,1,1,1,0,1
haan_ghil_muulnaat_1780564015017.png,0,1,1,1,0,1
haan_ghil_muulnaat_1780564015591.png,0,1,1,1,0,1
haan_ghil_muulnaat_1780564016253.png,1,1,1,1,0,0
haan_ghil_muulnaat_1780564016786.png,0,1,1,0,0,1
haan_ghil_muulnaat_1780564017438.png,0,1,0,1,0,0
haan_ghil_muulnaat_1780564017865.png,0,1,1,1,0,1
haan_ghil_muulnaat_1780564018338.png,0,1,1,0,1,1
haan_ghil_muulnaat_1780564018962.png,0,1,1,1,0,0
haan_ghil_muulnaat_1780564019449.png,0,1,1,1,0,0
haan_ghil_muulnaat_1780564019942.png,1,1,1,1,1,1
haan_ghil_muulnaat_1780564020583.png,1,1,1,1,1,1
haan_ghil_muulnaat_1780564021081.png,0,1,1,1,0,1
haan_ghil_muulnaat_1780564021679.png,1,1,1,1,0,0
haan_ghil_muulnaat_1780564022283.png,0,1,1,1,0,1
haan_ghil_muulnaat_1780564022784.png,0,1,1,1,0,0
haan_ghil_muulnaat_1780564023466.png,0,1,1,1,0,0
haan_ghil_muulnaat_1780564023947.png,0,1,1,1,0,0
haan_ghil_muulnaat_1780564024464.png,0,1,1,1,1,1
haan_ghil_muulnaat_1780564025147.png,0,1,1,1,1,1
haan_ghil_muulnaat_1780564025806.png,1,1,1,1,1,1
haan_ghil_muulnaat_1780564026420.png,0,1,0,1,0,0
haan_ghil_muulnaat_1780564026906.png,0,1,1,1,0,0
haan_ghil_muulnaat_1780564027559.png,0,1,1,1,0,1
haan_ghil_muulnaat_1780564028151.png,0,1,1,1,0,1
haan_ghil_muulnaat_1780564028752.png,0,1,1,1,0,1
haan_ghil_muulnaat_1780564029248.png,0,1,1,1,0,0
haan_ghil_muulnaat_1780564029745.png,0,1,1,1,0,0
haan_ghil_muulnaat_1780564030210.png,0,1,1,1,0,0
haan_ghil_muulnaat_1780564030683.png,0,1,1,1,0,1
haan_ghil_muulnaat_1780564031362.png,0,1,1,1,0,0
haan_ghil_muulnaat_1780564031816.png,1,1,1,1,0,0
haan_ghil_muulnaat_1780564032452.png,0,0,0,1,0,0
haan_ghil_muulnaat_1780564033064.png,1,0,1,1,0,0
haan_ghil_muulnaat_1780564033675.png,0,1,1,1,0,0
haan_ghil_muulnaat_1780564034180.png,0,1,1,1,0,1
haan_ghil_muulnaat_1780564034649.png,0,1,1,1,0,1
haan_ghil_muulnaat_1780564035278.png,1,1,1,1,1,1
haan_ghil_muulnaat_1780564035880.png,0,1,1,1,0,0
haan_ghil_muulnaat_1780564036536.png,0,1,1,1,0,1
haan_ghil_muulnaat_1780564037000.png,0,1,1,1,0,1
haan_ghil_muulnaat_1780564037633.png,0,0,0,1,0,0
haan_ghil_muulnaat_1780564038120.png,0,0,1,0,0,0
haan_ghil_muulnaat_1780564038723.png,0,1,1,1,0,0
haan_ghil_muulnaat_1780564039201.png,1,1,1,1,1,1
haan_ghil_muulnaat_1780564039823.png,0,1,0,1,0,0
haan_ghil_muulnaat_1780564040469.png,0,1,1,1,0,1
haan_ghil_muulnaat_1780564040934.png,0,1,1,1,0,1
haan_ghil_muulnaat_1780564041412.png,0,0,0,0,0,0
haan_ghil_muulnaat_1780564041984.png,0,1,0,1,0,0
haan_ghil_muulnaat_1780564042670.png,0,1,1,0,0,1
haan_ghil_muulnaat_1780564043143.png,0,1,1,1,0,1
haan_ghil_muulnaat_1780564043754.png,0,1,1,1,0,1
haan_ghil_muulnaat_1780564044240.png,0,1,1,1,0,1
haan_ghil_muulnaat_1780564044741.png,0,1,1,1,0,0
haan_ghil_muulnaat_1780564045341.png,0,1,1,1,1,1
haan_ghil_muulnaat_1780564045811.png,0,1,1,1,0,1
haan_ghil_muulnaat_1780564046490.png,1,1,1,1,0,0
haan_ghil_muulnaat_1780564046989.png,1,1,1,1,0,1
haan_ghil_muulnaat_1780564047616.png,0,0,1,1,0,1
haan_ghil_muulnaat_1780564048189.png,1,1,1,1,0,1
haan_ghil_muulnaat_1780564048806.png,0,1,1,1,1,1
haan_ghil_muulnaat_1780564049263.png,0,1,1,1,0,1
haan_ghil_muulnaat_1780564049880.png,0,0,0,1,0,0
haan_ghil_muulnaat_1780564050372.png,0,1,1,1,0,0
haan_ghil_muulnaat_1780564050877.png,0,1,1,1,1,1
haan_ghil_muulnaat_1780564051386.png,1,1,1,1,1,1
haan_ghil_muulnaat_1780564051871.png,1,1,1,1,0,0
haan_ghil_muulnaat_1780564052465.png,0,1,1,1,0,1
haan_ghil_muulnaat_1780564053040.png,0,0,1,0,0,1
haan_ghil_muulnaat_1780564054001.png,0,1,1,0,0,1
haan_ghil_muulnaat_1780564054463.png,0,1,1,1,0,0
haan_ghil_muulnaat_1780564055110.png,0,1,1,1,0,0
haan_ghil_muulnaat_1780564055599.png,0,1,1,1,0,0
haan_ghil_muulnaat_1780564056239.png,0,1,1,1,0,0
haan_ghil_muulnaat_1780564056683.png,1,1,1,1,1,1
haan_ghil_muulnaat_1780564057292.png,0,0,0,1,0,0
haan_ghil_muulnaat_1780564057801.png,0,0,0,0,0,0
haan_ghil_muulnaat_1780564058453.png,1,1,1,0,0,0
haan_ghil_muulnaat_1780564059133.png,1,1,1,1,1,1
haan_ghil_muulnaat_1780564059786.png,0,1,1,1,1,0
haan_ghil_muulnaat_1780564060427.png,0,0,0,1,0,0
haan_ghil_muulnaat_1780564060936.png,0,1,1,1,1,1
haan_ghil_muulnaat_1780564061584.png,0,1,0,1,0,0
haan_ghil_muulnaat_1780564062234.png,0,0,0,1,0,0
haan_ghil_muulnaat_1780564062692.png,0,1,1,1,0,1
haan_ghil_muulnaat_1780564063342.png,0,1,0,1,0,0
haan_ghil_muulnaat_1780564063992.png,0,1,1,1,0,0
haan_ghil_muulnaat_1780564064666.png,0,1,1,1,1,0
haan_ghil_muulnaat_1780564065321.png,0,1,1,1,1,1
haan_ghil_muulnaat_1780564065840.png,0,1,1,1,0,0
haan_ghil_muulnaat_1780564066356.png,0,1,1,1,0,1
haan_ghil_muulnaat_1780564066983.png,1,0,1,0,0,1
haan_ghil_muulnaat_1780564067689.png,0,1,0,1,0,0
haan_ghil_muulnaat_1780564068201.png,1,1,1,1,0,0
haan_ghil_muulnaat_1780564068723.png,1,1,1,1,0,1
haan_ghil_muulnaat_1780564069386.png,0,1,1,1,0,1
haan_ghil_muulnaat_1780564070083.png,0,1,1,1,0,0
haan_ghil_muulnaat_1780564070792.png,0,1,1,1,1,1
haan_ghil_muulnaat_1780564071322.png,1,0,1,1,0,0
haan_ghil_muulnaat_1780564071949.png,1,1,1,1,1,1
haan_ghil_muulnaat_1780564072422.png,0,1,1,1,1,0
haan_ghil_muulnaat_1780564073111.png,0,1,1,1,0,0
haan_ghil_muulnaat_1780564073802.png,1,1,1,1,0,1
haan_ghil_muulnaat_1780564074468.png,1,1,1,1,0,0
haan_ghil_muulnaat_1780564075171.png,0,1,1,1,0,0
haan_ghil_muulnaat_1780564075692.png,0,1,1,1,0,0
haan_ghil_muulnaat_1780564076241.png,0,1,1,1,0,1
haan_ghil_muulnaat_1780564076935.png,0,1,0,1,0,0
haan_ghil_muulnaat_1780564077448.png,0,1,1,1,1,1
haan_ghil_muulnaat_1780564077996.png,1,1,1,1,0,1
haan_ghil_muulnaat_1780564078710.png,0,1,0,1,0,0
haan_ghil_muulnaat_1780564079388.png,1,1,1,1,0,1
haan_ghil_muulnaat_1780564080026.png,0,1,1,1,0,1
haan_ghil_muulnaat_1780564080703.png,0,1,1,1,0,0
haan_ghil_muulnaat_1780564081391.png,0,1,1,1,0,1
haan_ghil_muulnaat_1780564082051.png,0,1,1,1,0,0
haan_ghil_muulnaat_1780564082586.png,0,1,1,1,0,1
haan_ghil_muulnaat_1780564083253.png,0,1,1,1,0,0
haan_ghil_muulnaat_1780564083768.png,1,1,1,1,1,0
haan_ghil_muulnaat_1780564084434.png,0,1,1,1,0,0
haan_ghil_muulnaat_1780564084974.png,0,1,1,1,1,0
haan_ghil_muulnaat_1780564085558.png,1,1,1,1,1,1
haan_ghil_muulnaat_1780564086278.png,0,1,1,1,0,0
haan_ghil_muulnaat_1780564086837.png,1,1,1,1,1,1
haan_ghil_muulnaat_1780564087565.png,0,0,0,1,0,0
haan_ghil_muulnaat_1780564088286.png,0,0,1,0,0,0
haan_ghil_muulnaat_1780564088963.png,0,0,1,0,0,0
haan_ghil_muulnaat_1780564089488.png,0,1,1,1,0,0
haan_ghil_muulnaat_1780564090006.png,0,1,1,0,0,0
haan_ghil_muulnaat_1780564090533.png,0,1,1,1,0,0
haan_ghil_muulnaat_1780564091085.png,0,1,1,1,0,0
haan_ghil_muulnaat_1780564091774.png,1,1,1,1,0,0
haan_ghil_muulnaat_1780564092280.png,0,1,1,1,0,1
haan_ghil_muulnaat_1780564092975.png,1,1,1,1,1,1
haan_ghil_muulnaat_1780564093484.png,0,1,1,1,1,1
haan_ghil_muulnaat_1780564094151.png,0,1,1,0,0,1
haan_ghil_muulnaat_1780564094703.png,1,1,1,1,0,1
haan_ghil_muulnaat_1780564095270.png,0,1,1,1,0,0
haan_ghil_muulnaat_1780564095994.png,0,1,1,0,1,0
haan_ghil_muulnaat_1780564096569.png,1,1,1,1,0,1
haan_ghil_muulnaat_1780564097264.png,0,1,1,1,0,0
haan_ghil_muulnaat_1780564097986.png,0,1,1,1,0,1
haan_ghil_muulnaat_1780564098739.png,0,1,1,1,1,1
haan_ghil_muulnaat_1780564099300.png,1,1,1,1,0,1
haan_ghil_muulnaat_1780564100020.png,0,0,0,1,0,0
haan_ghil_muulnaat_1780564100543.png,0,1,1,1,1,1
haan_ghil_muulnaat_1780564101222.png,0,1,0,1,0,0
haan_ghil_muulnaat_1780564101951.png,0,1,1,0,0,1
haan_ghil_muulnaat_1780564102501.png,1,1,1,1,1,0
haan_ghil_muulnaat_1780564103044.png,0,1,1,1,0,0
haan_ghil_muulnaat_1780564103792.png,0,1,1,1,0,1
haan_ghil_muulnaat_1780564104464.png,1,1,1,1,0,1
haan_ghil_muulnaat_1780564105017.png,0,1,1,1,0,0
haan_ghil_muulnaat_1780564105736.png,1,1,1,1,0,0
haan_ghil_muulnaat_1780564106486.png,0,1,1,1,1,1
haan_ghil_muulnaat_1780564107048.png,0,1,1,1,0,1
haan_ghil_muulnaat_1780564107631.png,0,1,0,1,0,0
haan_ghil_muulnaat_1780564108216.png,0,1,1,1,0,0
haan_ghil_muulnaat_1780564108768.png,0,1,1,1,0,1
haan_ghil_muulnaat_1780564109510.png,0,1,1,1,0,0
haan_ghil_muulnaat_1780564110219.png,0,1,1,1,1,0
haan_ghil_muulnaat_1780564110961.png,0,1,1,1,0,0
haan_ghil_muulnaat_1780564111496.png,0,1,1,1,0,0
haan_ghil_muulnaat_1780564112065.png,0,1,1,1,1,1
haan_ghil_muulnaat_1780564112634.png,0,1,1,1,0,1
haan_ghil_muulnaat_1780564113414.png,1,1,1,1,0,1
haan_ghil_muulnaat_1780564114156.png,0,1,1,1,1,1
haan_ghil_muulnaat_1780564114756.png,1,1,1,1,1,1
haan_ghil_muulnaat_1780564115406.png,0,1,1,1,0,1
haan_ghil_muulnaat_1780564116012.png,0,1,1,1,1,1
haan_ghil_muulnaat_1780564116794.png,0,1,1,1,0,0
haan_ghil_muulnaat_1780564117364.png,0,1,1,1,0,1
haan_ghil_muulnaat_1780564118210.png,0,1,1,1,0,1
haan_ghil_muulnaat_1780564118792.png,1,1,1,1,1,1
haan_ghil_muulnaat_1780564119377.png,1,1,1,1,0,1
haan_ghil_muulnaat_1780564120182.png,1,1,1,1,0,0
haan_ghil_muulnaat_1780564120798.png,0,0,0,0,0,0
haan_ghil_muulnaat_1780564121587.png,0,1,1,1,0,1
haan_ghil_muulnaat_1780564122217.png,0,1,1,1,1,1
haan_ghil_muulnaat_1780564122797.png,1,1,1,1,1,0
haan_ghil_muulnaat_1780564123415.png,0,1,1,1,0,1
haan_ghil_muulnaat_1780564124191.png,0,1,1,1,0,1
haan_ghil_muulnaat_1780564124975.png,0,1,0,1,0,1
haan_ghil_muulnaat_1780564125786.png,0,0,0,0,0,0
haan_ghil_muulnaat_1780564126403.png,0,0,0,0,0,0
haan_ghil_muulnaat_1780564127200.png,1,1,1,1,0,0
haan_ghil_muulnaat_1780564128023.png,1,1,1,1,0,1
haan_ghil_muulnaat_1780564128604.png,0,0,0,0,0,1
haan_ghil_muulnaat_1780564129406.png,0,0,1,0,0,0
haan_ghil_muulnaat_1780564130183.png,0,1,1,1,0,0
haan_ghil_muulnaat_1780564130966.png,0,1,0,1,0,0
haan_ghil_muulnaat_1780564131740.png,0,1,1,1,0,1
haan_ghil_muulnaat_1780564132473.png,0,1,1,1,0,0
haan_ghil_muulnaat_1780564133060.png,0,0,0,0,0,0
haan_ghil_muulnaat_1780564133647.png,0,1,1,1,0,0
haan_ghil_muulnaat_1780564134399.png,1,1,1,1,0,1
haan_ghil_muulnaat_1780564135160.png,0,1,1,1,1,1
haan_ghil_muulnaat_1780564135950.png,0,0,1,1,0,0
haan_ghil_muulnaat_1780564136568.png,0,1,1,1,0,1
haan_ghil_muulnaat_1780564137314.png,0,1,0,1,0,0
haan_ghil_muulnaat_1780564137910.png,0,1,1,1,0,1
haan_ghil_muulnaat_1780564138673.png,0,1,1,1,0,1
haan_ghil_muulnaat_1780564139301.png,1,1,1,1,0,1
haan_ghil_muulnaat_1780564139925.png,0,1,1,1,0,0
haan_ghil_muulnaat_1780564140520.png,0,1,1,1,0,1
haan_ghil_muulnaat_1780564141305.png,1,1,1,1,1,1
haan_ghil_muulnaat_1780564142089.png,0,1,1,1,0,0
haan_ghil_muulnaat_1780564142919.png,0,1,1,1,0,0
haan_ghil_muulnaat_1780564143664.png,0,1,0,1,0,0
haan_ghil_muulnaat_1780564144303.png,0,0,0,1,0,0
haan_ghil_muulnaat_1780564145035.png,0,1,1,1,1,1
haan_ghil_muulnaat_1780564145787.png,0,1,1,1,1,1
haan_ghil_muulnaat_1780564146380.png,0,1,1,1,0,0
haan_ghil_muulnaat_1780564147136.png,1,1,1,1,1,0
haan_ghil_muulnaat_1780564147875.png,1,1,1,1,0,1
haan_ghil_muulnaat_1780564148556.png,0,1,1,1,0,0
haan_ghil_muulnaat_1780564149291.png,1,1,1,1,0,1
haan_ghil_muulnaat_1780564150044.png,1,1,1,1,1,1
haan_ghil_muulnaat_1780564150620.png,0,1,1,1,0,1
haan_ghil_muulnaat_1780564151359.png,0,1,1,1,0,1
haan_ghil_muulnaat_1780564152526.png,0,1,1,1,0,1
haan_ghil_muulnaat_1780564153262.png,0,1,1,1,0,1
haan_ghil_muulnaat_1780564153847.png,0,1,1,1,0,0
haan_ghil_muulnaat_1780564154596.png,0,1,1,1,1,1
haan_ghil_muulnaat_1780564155339.png,0,1,1,1,0,1
haan_ghil_muulnaat_1780564155906.png,0,1,1,1,1,1
haan_ghil_muulnaat_1780564156700.png,0,1,1,1,0,1
haan_ghil_muulnaat_1780564157951.png,0,1,1,1,0,0
haan_ghil_muulnaat_1780564158672.png,1,1,1,1,0,0
haan_ghil_muulnaat_1780564159449.png,1,1,1,1,0,0
haan_ghil_muulnaat_1780564160194.png,0,1,1,1,0,1
haan_ghil_muulnaat_1780564160792.png,0,1,1,1,0,1
haan_ghil_muulnaat_1780564161378.png,0,1,1,1,0,1
haan_ghil_muulnaat_1780564161978.png,0,0,1,0,0,0
haan_ghil_muulnaat_1780564162772.png,0,0,0,1,0,0
haan_ghil_muulnaat_1780564163392.png,0,0,0,1,0,1
haan_ghil_muulnaat_1780564163978.png,0,0,0,1,0,0
haan_ghil_muulnaat_1780564164595.png,0,1,1,1,0,1
haan_ghil_muulnaat_1780564165389.png,0,0,0,1,0,0
haan_ghil_muulnaat_1780564166152.png,1,1,1,1,1,1
haan_ghil_muulnaat_1780564166951.png,0,1,1,1,1,0
haan_ghil_muulnaat_1780564167748.png,0,1,1,1,0,1
haan_ghil_muulnaat_1780564168548.png,0,1,1,1,1,1
haan_ghil_muulnaat_1780564169160.png,0,1,1,1,1,1
haan_ghil_muulnaat_1780564169995.png,1,1,1,1,0,1
haan_ghil_muulnaat_1780564170788.png,0,1,1,0,0,0
haan_ghil_muulnaat_1780564171362.png,1,1,1,1,1,1
haan_ghil_muulnaat_1780564172181.png,0,1,0,1,0,0
haan_ghil_muulnaat_1780564172901.png,0,1,1,1,0,1
haan_ghil_muulnaat_1780564173678.png,0,1,1,1,0,0
haan_ghil_muulnaat_1780564174274.png,0,1,1,1,1,1
haan_ghil_muulnaat_1780564175058.png,0,1,1,1,0,1
haan_ghil_muulnaat_1780564175847.png,0,0,0,0,0,0
haan_ghil_muulnaat_1780564176607.png,1,1,1,1,1,1
haan_ghil_muulnaat_1780564177353.png,0,1,1,1,0,0
haan_ghil_muulnaat_1780564178093.png,0,1,1,1,1,1
haan_ghil_muulnaat_1780564178644.png,0,1,1,1,0,0
haan_ghil_muulnaat_1780564179244.png,1,1,1,1,0,1
haan_ghil_muulnaat_1780564179813.png,1,1,1,1,1,1
haan_ghil_muulnaat_1780564180389.png,0,1,1,1,0,1
haan_ghil_muulnaat_1780564181188.png,0,1,1,1,0,0
haan_ghil_muulnaat_1780564181783.png,0,1,1,1,0,0
haan_ghil_muulnaat_1780564182379.png,0,1,1,0,1,1
haan_ghil_muulnaat_1780564182992.png,0,0,1,1,0,0
haan_ghil_muulnaat_1780564183572.png,1,1,1,1,1,1
haan_ghil_muulnaat_1780564184166.png,0,1,1,1,0,1
haan_ghil_muulnaat_1780564184762.png,0,1,1,1,1,1
haan_ghil_muulnaat_1780564185366.png,0,0,1,1,0,0
haan_ghil_muulnaat_1780564186096.png,0,1,1,1,1,1
haan_ghil_muulnaat_1780564186697.png,0,1,1,1,0,1
haan_ghil_muulnaat_1780564187459.png,0,1,1,1,0,0
haan_ghil_muulnaat_1780564188059.png,0,1,1,1,1,1
haan_ghil_muulnaat_1780564188720.png,0,0,1,1,0,0
haan_ghil_muulnaat_1780564189501.png,1,1,1,1,1,1
haan_ghil_muulnaat_1780564190314.png,1,1,1,1,0,1
haan_ghil_muulnaat_1780564190937.png,0,1,1,1,0,1
haan_ghil_muulnaat_1780564191671.png,0,1,1,1,1,1
haan_ghil_muulnaat_1780564192280.png,0,1,1,1,0,1
haan_ghil_muulnaat_1780564193087.png,1,1,1,1,1,0
haan_ghil_muulnaat_1780564193696.png,1,1,1,1,0,0
haan_ghil_muulnaat_1780564194323.png,0,1,1,1,1,1
haan_ghil_muulnaat_1780564195107.png,0,1,1,0,0,0
haan_ghil_muulnaat_1780564195888.png,0,1,1,1,0,1
haan_ghil_muulnaat_1780564196625.png,0,1,1,1,0,1
haan_ghil_muulnaat_1780564197326.png,0,1,1,1,0,1
haan_ghil_muulnaat_1780564198095.png,0,0,1,0,0,1
haan_ghil_muulnaat_1780564198655.png,0,1,1,1,1,1
haan_ghil_muulnaat_1780564199308.png,0,1,1,1,0,1
haan_ghil_muulnaat_1780564200091.png,0,1,1,1,0,0
haan_ghil_muulnaat_1780564200872.png,1,1,1,1,0,0
haan_ghil_muulnaat_1780564201498.png,0,1,1,1,0,1
haan_ghil_muulnaat_1780564202308.png,0,1,0,1,0,0
haan_ghil_muulnaat_1780564202876.png,0,1,1,1,0,1
haan_ghil_muulnaat_1780564203491.png,0,0,1,0,0,0
haan_ghil_muulnaat_1780564204270.png,0,1,1,1,0,1
haan_ghil_muulnaat_1780564204884.png,0,1,1,1,0,0
haan_ghil_muulnaat_1780564205650.png,0,1,1,1,0,0
haan_ghil_muulnaat_1780564206197.png,0,0,1,1,0,1
haan_ghil_muulnaat_1780564206930.png,0,1,1,1,0,0
haan_ghil_muulnaat_1780564207526.png,1,1,1,1,0,1
haan_ghil_muulnaat_1780564208234.png,0,1,1,1,0,1
haan_ghil_muulnaat_1780564209067.png,0,1,1,1,1,0
haan_ghil_muulnaat_1780564209819.png,1,1,0,1,0,1
haan_ghil_muulnaat_1780564210422.png,0,1,1,1,1,1
haan_ghil_muulnaat_1780564211219.png,0,1,1,1,0,0
haan_ghil_muulnaat_1780564211827.png,0,1,1,1,1,0
haan_ghil_muulnaat_1780564212422.png,0,1,1,1,0,1
haan_ghil_muulnaat_1780564213021.png,0,1,1,1,0,0
haan_ghil_muulnaat_1780564213628.png,0,1,1,1,0,0
haan_ghil_muulnaat_1780564214209.png,0,1,1,0,0,1
haan_ghil_muulnaat_1780564215013.png,1,1,1,1,1,1
haan_ghil_muulnaat_1780564215630.png,0,1,1,1,0,1
haan_ghil_muulnaat_1780564216212.png,0,1,1,1,0,1
haan_ghil_muulnaat_1780564216942.png,1,1,1,1,0,1
haan_ghil_muulnaat_1780564217558.png,0,1,0,1,1,0
haan_ghil_muulnaat_1780564218326.png,0,0,0,1,0,0
haan_ghil_muulnaat_1780564218888.png,0,1,1,1,0,1
haan_ghil_muulnaat_1780564219461.png,0,1,1,1,0,0
haan_ghil_muulnaat_1780564220183.png,0,1,1,1,0,0
haan_ghil_muulnaat_1780564220963.png,0,1,1,1,0,1
haan_ghil_muulnaat_1780564221673.png,0,0,1,1,0,0
haan_ghil_muulnaat_1780564222415.png,0,0,0,1,0,0
haan_ghil_muulnaat_1780564222970.png,0,1,1,1,1,1
haan_ghil_muulnaat_1780564223537.png,0,1,1,1,1,1
haan_ghil_muulnaat_1780564224105.png,1,1,1,1,0,1
haan_ghil_muulnaat_1780564224871.png,0,0,0,1,0,0
haan_ghil_muulnaat_1780564225474.png,0,1,1,1,0,1
haan_ghil_muulnaat_1780564226252.png,0,1,0,1,0,0
haan_ghil_muulnaat_1780564226816.png,0,1,1,1,1,0
haan_ghil_muulnaat_1780564227413.png,0,1,1,1,1,0
haan_ghil_muulnaat_1780564228199.png,0,1,1,1,0,1
haan_ghil_muulnaat_1780564228814.png,1,1,1,1,1,0
haan_ghil_muulnaat_1780564229558.png,0,1,1,1,0,0
haan_ghil_muulnaat_1780564230159.png,0,1,1,1,0,1
haan_ghil_muulnaat_1780564230764.png,0,1,1,1,1,1
haan_ghil_muulnaat_1780564231455.png,0,1,1,1,0,1
haan_ghil_muulnaat_1780564232021.png,0,1,1,1,0,1
haan_ghil_muulnaat_1780564232785.png,0,0,0,1,0,0
haan_ghil_muulnaat_1780564233420.png,0,1,1,1,0,1
haan_ghil_muulnaat_1780564234005.png,0,1,1,1,1,1
haan_ghil_muulnaat_1780564234772.png,0,1,0,0,0,0
haan_ghil_muulnaat_1780564235391.png,0,1,1,1,1,0
haan_ghil_muulnaat_1780564235985.png,0,1,1,1,0,0
haan_ghil_muulnaat_1780564236574.png,0,0,1,1,0,1
haan_ghil_muulnaat_1780564237329.png,0,1,1,1,0,0
haan_ghil_muulnaat_1780564238158.png,0,0,0,0,0,0
haan_ghil_muulnaat_1780564239037.png,0,1,1,1,0,0
haan_ghil_muulnaat_1780564239865.png,0,1,1,1,0,1
haan_ghil_muulnaat_1780564240677.png,0,1,1,1,0,1
haan_ghil_muulnaat_1780564241457.png,0,0,1,1,1,1
haan_ghil_muulnaat_1780564242110.png,0,1,1,1,0,1
haan_ghil_muulnaat_1780564242959.png,0,1,0,1,0,1
haan_ghil_muulnaat_1780564243550.png,0,0,0,0,1,0
haan_ghil_muulnaat_1780564244187.png,0,1,1,1,0,1
haan_ghil_muulnaat_1780564244845.png,0,0,0,0,0,0
haan_ghil_muulnaat_1780564245623.png,0,1,1,1,1,0
haan_ghil_muulnaat_1780564246395.png,0,1,1,1,0,0
haan_ghil_muulnaat_1780564247126.png,0,1,1,1,0,0
haan_ghil_muulnaat_1780564247710.png,0,1,1,1,1,1
haan_ghil_muulnaat_1780564248284.png,1,1,1,1,1,1
haan_ghil_muulnaat_1780564248840.png,0,1,1,1,0,0
haan_ghil_muulnaat_1780564249373.png,0,1,1,1,0,1
haan_ghil_muulnaat_1780564250100.png,0,1,1,1,1,1
haan_ghil_muulnaat_1780564250863.png,0,1,1,1,1,1
haan_ghil_muulnaat_1780564251664.png,0,1,1,1,1,1
haan_ghil_muulnaat_1780564252258.png,0,1,1,1,0,1
haan_ghil_muulnaat_1780564252822.png,0,1,1,1,0,1
haan_ghil_muulnaat_1780564253591.png,0,1,1,0,0,1
haan_ghil_muulnaat_1780564254367.png,0,1,1,1,0,0
haan_ghil_muulnaat_1780564254953.png,0,1,1,1,1,1
haan_ghil_muulnaat_1780564255577.png,1,1,1,1,0,1
haan_ghil_muulnaat_1780564256181.png,0,1,1,1,0,0
haan_ghil_muulnaat_1780564256955.png,0,0,0,1,0,0
haan_ghil_muulnaat_1780564257735.png,0,0,0,1,0,0
haan_ghil_muulnaat_1780564258496.png,0,1,0,1,0,1
haan_ghil_muulnaat_1780564259114.png,0,1,1,1,0,1
haan_ghil_muulnaat_1780564259899.png,0,1,1,1,0,1
haan_ghil_muulnaat_1780564260700.png,0,1,1,1,0,1
haan_ghil_muulnaat_1780564261243.png,1,1,1,1,0,1
haan_ghil_muulnaat_1780564261864.png,0,1,1,1,0,1
haan_ghil_muulnaat_1780564262488.png,0,1,1,1,0,0
haan_ghil_muulnaat_1780564263248.png,0,0,0,1,0,0
haan_ghil_muulnaat_1780564263886.png,0,1,1,1,0,0
haan_ghil_muulnaat_1780564264695.png,0,1,1,1,1,0
haan_ghil_muulnaat_1780564265276.png,0,1,1,1,1,0
haan_ghil_muulnaat_1780564266109.png,0,1,0,1,0,0
haan_ghil_muulnaat_1780564266899.png,0,0,0,1,0,0
haan_ghil_muulnaat_1780564267663.png,0,1,0,1,0,0
haan_ghil_muulnaat_1780564268461.png,0,0,0,0,0,0
haan_ghil_muulnaat_1780564269090.png,1,1,1,0,0,1
haan_ghil_muulnaat_1780564269732.png,0,0,1,0,0,1
haan_ghil_muulnaat_1780564270495.png,0,1,1,1,0,1
haan_ghil_muulnaat_1780564271244.png,0,1,1,1,0,0
haan_ghil_muulnaat_1780564271855.png,0,1,1,1,1,1
haan_ghil_muulnaat_1780564273029.png,0,1,1,0,0,1
haan_ghil_muulnaat_1780564273580.png,0,1,1,1,0,0
haan_ghil_muulnaat_1780564274358.png,0,1,1,1,0,0
haan_ghil_muulnaat_1780564274939.png,0,1,1,1,0,1
haan_ghil_muulnaat_1780564275555.png,0,0,0,0,0,0
haan_ghil_muulnaat_1780564276169.png,0,1,1,1,1,0
haan_ghil_muulnaat_1780564276997.png,0,1,1,1,0,1
haan_ghil_muulnaat_1780564277618.png,0,1,1,1,1,1
haan_ghil_muulnaat_1780564278240.png,0,1,1,1,1,1
haan_ghil_muulnaat_1780564278873.png,1,1,1,1,1,1
haan_ghil_muulnaat_1780564279683.png,0,1,1,1,0,0
haan_ghil_muulnaat_1780564280497.png,0,1,1,1,0,0
haan_ghil_muulnaat_1780564281301.png,0,1,1,1,0,0
haan_ghil_muulnaat_1780564281941.png,0,0,1,0,0,1
haan_ghil_muulnaat_1780564282558.png,0,1,1,1,0,1
haan_ghil_muulnaat_1780564283331.png,1,1,1,1,1,1
haan_ghil_muulnaat_1780564283949.png,1,0,1,1,1,0
haan_ghil_muulnaat_1780564284747.png,0,0,0,1,0,1
haan_ghil_muulnaat_1780564285341.png,0,1,0,1,1,1
haan_ghil_muulnaat_1780564285932.png,0,1,1,1,1,1
haan_ghil_muulnaat_1780564286526.png,0,1,1,1,0,0
haan_ghil_muulnaat_1780564287267.png,0,1,1,1,0,0
haan_ghil_muulnaat_1780564287863.png,1,0,0,0,1,0
haan_ghil_muulnaat_1780564288650.png,0,0,0,1,0,0
haan_ghil_muulnaat_1780564289220.png,0,1,1,1,0,0
haan_ghil_muulnaat_1780564289965.png,0,0,1,1,0,0
haan_ghil_muulnaat_1780564290560.png,1,1,1,1,0,1
haan_ghil_muulnaat_1780564291110.png,1,1,1,1,1,1
haan_ghil_muulnaat_1780564291692.png,0,1,1,1,0,1
haan_ghil_muulnaat_1780564292431.png,0,0,0,0,0,0
haan_ghil_muulnaat_1780564293027.png,1,0,1,0,0,1
haan_ghil_muulnaat_1780564293805.png,0,1,1,1,0,1
haan_ghil_muulnaat_1780564294559.png,0,1,1,1,0,0
haan_ghil_muulnaat_1780564295347.png,0,0,0,1,0,0
haan_ghil_muulnaat_1780564295930.png,0,1,1,0,0,1
haan_ghil_muulnaat_1780564296700.png,0,1,1,1,0,1
haan_ghil_muulnaat_1780564297487.png,0,1,1,1,0,1
haan_ghil_muulnaat_1780564298268.png,0,1,1,1,0,0
haan_ghil_muulnaat_1780564298856.png,1,1,1,1,1,1
haan_ghil_muulnaat_1780564299615.png,0,1,1,1,0,1
haan_ghil_muulnaat_1780564300455.png,0,1,1,1,1,1
haan_ghil_muulnaat_1780564301236.png,1,1,1,1,0,1
haan_ghil_muulnaat_1780564301974.png,0,1,1,1,0,1
haan_ghil_muulnaat_1780564302561.png,1,1,1,1,1,1
haan_ghil_muulnaat_1780564303315.png,0,1,0,1,0,0
haan_ghil_muulnaat_1780564303901.png,1,1,1,1,1,1
haan_ghil_muulnaat_1780564305292.png,0,1,1,0,0,1
haan_ghil_muulnaat_1780564305795.png,0,1,1,1,0,1
haan_ghil_muulnaat_1780564306566.png,0,1,1,1,0,1
haan_ghil_muulnaat_1780564307157.png,0,1,1,1,0,1
haan_ghil_muulnaat_1780564307726.png,0,1,1,1,0,0
haan_ghil_muulnaat_1780564308311.png,0,1,1,1,0,1
haan_ghil_muulnaat_1780564308918.png,0,1,1,1,1,1
haan_ghil_muulnaat_1780564309651.png,0,0,0,0,0,0
haan_ghil_muulnaat_1780564310239.png,0,1,1,1,1,1
haan_ghil_muulnaat_1780564311007.png,0,1,1,1,1,1
haan_ghil_muulnaat_1780564311587.png,0,0,0,0,0,0
haan_ghil_muulnaat_1780564312352.png,0,1,1,1,0,0
haan_ghil_muulnaat_1780564312941.png,0,1,1,1,0,1
haan_ghil_muulnaat_1780564313515.png,0,1,1,1,0,1
haan_ghil_muulnaat_1780564314291.png,0,0,1,0,0,0
haan_ghil_muulnaat_1780564314867.png,0,0,1,1,0,1
haan_ghil_muulnaat_1780564315590.png,1,1,1,1,1,1
haan_ghil_muulnaat_1780564316183.png,0,1,1,1,0,1
haan_ghil_muulnaat_1780564316887.png,0,1,1,0,1,1
haan_ghil_muulnaat_1780564317596.png,0,0,0,1,0,0
haan_ghil_muulnaat_1780564318333.png,0,1,1,1,0,0
haan_ghil_muulnaat_1780564318892.png,0,1,0,1,0,0
haan_ghil_muulnaat_1780564319607.png,0,1,1,1,0,0
haan_ghil_muulnaat_1780564320392.png,0,1,1,1,0,0
haan_ghil_muulnaat_1780564321127.png,0,1,1,1,1,0
haan_ghil_muulnaat_1780564321886.png,0,1,1,1,0,1
haan_ghil_muulnaat_1780564322568.png,1,1,1,1,1,1
haan_ghil_muulnaat_1780564323163.png,1,1,1,1,1,0
haan_ghil_muulnaat_1780564323941.png,0,1,1,1,1,1
haan_ghil_muulnaat_1780564324528.png,0,1,1,1,0,0
haan_ghil_muulnaat_1780564325335.png,0,1,1,1,0,1
haan_ghil_muulnaat_1780564326190.png,0,1,1,1,0,1
haan_ghil_muulnaat_1780564947739.png,0,1,0,1,0,0
haan_ghil_muulnaat_1780564948478.png,0,1,1,1,0,0
haan_ghil_muulnaat_1780564949161.png,0,1,1,1,0,0
haan_ghil_muulnaat_1780564949650.png,0,1,1,1,0,1
haan_ghil_muulnaat_1780564950182.png,1,0,1,1,0,1
haan_ghil_muulnaat_1780564950847.png,0,1,1,0,0,0
haan_ghil_muulnaat_1780564951481.png,0,1,1,1,0,0
haan_ghil_muulnaat_1780564951950.png,0,1,1,1,1,1
haan_ghil_muulnaat_1780564952420.png,0,1,1,1,1,1
haan_ghil_muulnaat_1780564952938.png,0,0,1,1,0,0
haan_ghil_muulnaat_1780564953574.png,0,1,1,1,0,0
haan_ghil_muulnaat_1780564954037.png,0,1,1,1,0,0
haan_ghil_muulnaat_1780564954658.png,0,1,1,0,1,0
haan_ghil_muulnaat_1780564955217.png,0,1,1,1,1,0
haan_ghil_muulnaat_1780564955839.png,0,1,1,1,0,1
haan_ghil_muulnaat_1780564956467.png,0,1,1,1,1,1
haan_ghil_muulnaat_1780564956997.png,0,1,1,1,0,1
haan_ghil_muulnaat_1780564957500.png,1,1,1,1,1,1
haan_ghil_muulnaat_1780564957990.png,0,1,1,1,0,1
haan_ghil_muulnaat_1780564958486.png,1,1,1,1,0,1
haan_ghil_muulnaat_1780564959136.png,0,1,1,1,0,1
haan_ghil_muulnaat_1780564959768.png,0,0,0,1,0,0
haan_ghil_muulnaat_1780564960251.png,1,1,1,1,1,1
haan_ghil_muulnaat_1780564960907.png,0,0,1,1,1,0
haan_ghil_muulnaat_1780564961342.png,0,1,1,1,0,1
haan_ghil_muulnaat_1780564961961.png,0,0,0,1,0,0
haan_ghil_muulnaat_1780564962600.png,0,1,1,1,0,0
haan_ghil_muulnaat_1780564963115.png,0,1,1,1,0,1
haan_ghil_muulnaat_1780564963621.png,0,1,1,1,0,1
haan_ghil_muulnaat_1780564964140.png,0,1,1,1,0,0
haan_ghil_muulnaat_1780564964807.png,0,1,1,1,0,1
haan_ghil_muulnaat_1780564965294.png,0,1,1,1,0,0
haan_ghil_muulnaat_1780564965786.png,0,1,1,1,0,1
haan_ghil_muulnaat_1780564966260.png,1,0,0,1,0,0
haan_ghil_muulnaat_1780564966925.png,0,1,0,1,0,0
haan_ghil_muulnaat_1780564967458.png,1,0,1,1,1,1
haan_ghil_muulnaat_1780564967950.png,0,1,1,1,1,1
haan_ghil_muulnaat_1780564968550.png,0,1,1,1,0,0
haan_ghil_muulnaat_1780564969046.png,0,1,1,1,0,1
haan_ghil_muulnaat_1780564969556.png,0,1,1,1,0,1
haan_ghil_muulnaat_1780564970243.png,0,0,0,1,0,1
haan_ghil_muulnaat_1780564970845.png,1,1,1,1,1,1
haan_ghil_muulnaat_1780564971349.png,0,1,1,1,1,1
haan_ghil_muulnaat_1780564971803.png,0,1,1,1,1,1
haan_ghil_muulnaat_1780564972507.png,0,1,1,1,1,1
haan_ghil_muulnaat_1780564972994.png,0,1,1,1,0,0
haan_ghil_muulnaat_1780564973492.png,0,1,1,1,0,0
haan_ghil_muulnaat_1780564974010.png,1,1,1,1,0,0
haan_ghil_muulnaat_1780564974488.png,0,1,1,1,0,1
haan_ghil_muulnaat_1780564974948.png,0,1,1,1,0,0
haan_ghil_muulnaat_1780564975454.png,1,1,1,1,0,0
haan_ghil_muulnaat_1780564976102.png,0,1,1,1,0,1
haan_ghil_muulnaat_1780564976615.png,1,1,1,1,0,1
haan_ghil_muulnaat_1780564977107.png,0,0,0,0,0,0
haan_ghil_muulnaat_1780564977765.png,1,0,1,1,0,1
haan_ghil_muulnaat_1780564978171.png,0,1,1,1,1,1
haan_ghil_muulnaat_1780564978819.png,1,1,1,1,0,1
haan_ghil_muulnaat_1780564979327.png,0,1,1,1,1,1
haan_ghil_muulnaat_1780564979820.png,0,1,1,1,0,1
haan_ghil_muulnaat_1780564980311.png,0,1,1,1,0,0
haan_ghil_muulnaat_1780564980951.png,0,0,0,1,0,0
haan_ghil_muulnaat_1780564981433.png,1,0,1,1,1,0
haan_ghil_muulnaat_1780564982055.png,1,1,0,1,0,1
haan_ghil_muulnaat_1780564982538.png,0,1,1,1,0,1
haan_ghil_muulnaat_1780564983269.png,0,1,1,1,1,1
haan_ghil_muulnaat_1780564983948.png,0,1,1,1,0,0
haan_ghil_muulnaat_1780564984448.png,1,1,1,1,0,1
haan_ghil_muulnaat_1780564985087.png,0,1,1,1,0,1
haan_ghil_muulnaat_1780564985771.png,0,1,0,1,0,1
haan_ghil_muulnaat_1780564986256.png,0,0,1,1,0,0
haan_ghil_muulnaat_1780564986905.png,0,1,1,1,1,1
haan_ghil_muulnaat_1780564987403.png,0,1,1,1,0,1
haan_ghil_muulnaat_1780564987900.png,0,1,1,1,1,1
haan_ghil_muulnaat_1780564988422.png,0,1,1,1,1,1
haan_ghil_muulnaat_1780564988911.png,0,0,1,1,1,1
haan_ghil_muulnaat_1780564989546.png,0,1,1,1,0,0
haan_ghil_muulnaat_1780564990233.png,0,1,1,1,0,0
haan_ghil_muulnaat_1780564990698.png,1,1,1,1,0,1
haan_ghil_muulnaat_1780564991328.png,1,0,0,1,1,1
haan_ghil_muulnaat_1780564991995.png,0,1,1,1,0,0
haan_ghil_muulnaat_1780564992663.png,0,0,1,1,0,0
haan_ghil_muulnaat_1780564993169.png,0,1,0,1,0,0
haan_ghil_muulnaat_1780564993807.png,0,1,1,1,1,0
haan_ghil_muulnaat_1780564994316.png,0,1,1,1,0,0
haan_ghil_muulnaat_1780564994796.png,0,1,1,1,0,0
haan_ghil_muulnaat_1780564995409.png,0,1,1,1,0,1
haan_ghil_muulnaat_1780564996090.png,0,1,1,1,0,0
haan_ghil_muulnaat_1780564996785.png,0,1,1,1,0,0
haan_ghil_muulnaat_1780564997449.png,1,1,1,1,0,0
haan_ghil_muulnaat_1780564997968.png,0,1,1,1,0,1
haan_ghil_muulnaat_1780564998592.png,0,1,1,1,0,0
haan_ghil_muulnaat_1780564999200.png,1,1,1,1,1,1
haan_ghil_muulnaat_1780564999816.png,0,1,0,1,0,0
haan_ghil_muulnaat_1780565000294.png,0,1,1,1,0,0
haan_ghil_muulnaat_1780565000778.png,0,1,1,1,1,1
haan_ghil_muulnaat_1780565001394.png,0,0,0,1,1,0
haan_ghil_muulnaat_1780565001903.png,0,1,1,1,0,1
haan_ghil_muulnaat_1780565002535.png,0,1,1,1,0,1
haan_ghil_muulnaat_1780565003186.png,0,1,1,1,0,1
haan_ghil_muulnaat_1780565003888.png,0,1,1,1,0,0
haan_ghil_muulnaat_1780565004582.png,1,1,1,1,1,1
haan_ghil_muulnaat_1780565005201.png,0,1,1,1,0,1
haan_ghil_muulnaat_1780565005890.png,0,0,1,1,0,0
haan_ghil_muulnaat_1780565006568.png,0,1,1,1,0,0
haan_ghil_muulnaat_1780565007193.png,0,1,1,1,0,1
haan_ghil_muulnaat_1780565007708.png,0,1,0,1,0,1
haan_ghil_muulnaat_1780565008400.png,0,1,0,1,0,0
haan_ghil_muulnaat_1780565008923.png,0,1,1,1,0,1
haan_ghil_muulnaat_1780565009586.png,1,1,1,1,0,1
haan_ghil_muulnaat_1780565010171.png,0,1,1,1,0,0
haan_ghil_muulnaat_1780565010685.png,0,1,1,0,0,1
haan_ghil_muulnaat_1780565011369.png,0,1,1,1,0,0
haan_ghil_muulnaat_1780565012036.png,0,1,1,1,0,1
haan_ghil_muulnaat_1780565012762.png,0,1,1,1,0,1
haan_ghil_muulnaat_1780565013233.png,1,1,1,1,0,0
haan_ghil_muulnaat_1780565013920.png,0,1,0,1,0,0
haan_ghil_muulnaat_1780565014430.png,0,1,1,1,0,1
haan_ghil_muulnaat_1780565015092.png,1,1,1,1,0,0
haan_ghil_muulnaat_1780565015640.png,1,1,1,1,0,1
haan_ghil_muulnaat_1780565016302.png,0,1,0,1,0,0
haan_ghil_muulnaat_1780565016966.png,1,1,1,1,0,1
haan_ghil_muulnaat_1780565017493.png,0,1,0,1,1,1
haan_ghil_muulnaat_1780565018159.png,0,1,1,1,0,1
haan_ghil_muulnaat_1780565018778.png,0,1,1,1,0,0
haan_ghil_muulnaat_1780565019435.png,0,1,1,1,0,0
haan_ghil_muulnaat_1780565019972.png,0,1,1,1,0,0
haan_ghil_muulnaat_1780565020663.png,0,1,0,1,0,1
haan_ghil_muulnaat_1780565021397.png,0,1,1,0,0,1
haan_ghil_muulnaat_1780565022069.png,1,1,0,1,0,0
haan_ghil_muulnaat_1780565022757.png,1,1,1,1,0,0
haan_ghil_muulnaat_1780565023288.png,0,1,1,1,0,1
haan_ghil_muulnaat_1780565023828.png,0,1,1,1,1,1
haan_ghil_muulnaat_1780565024479.png,0,0,0,0,0,0
haan_ghil_muulnaat_1780565025006.png,0,1,1,1,0,1
haan_ghil_muulnaat_1780565025551.png,0,1,1,1,0,1
haan_ghil_muulnaat_1780565026104.png,0,1,1,1,0,0
haan_ghil_muulnaat_1780565026671.png,0,1,1,1,0,0
haan_ghil_muulnaat_1780565027224.png,1,1,1,1,0,1
haan_ghil_muulnaat_1780565027779.png,0,0,1,1,0,1
haan_ghil_muulnaat_1780565028504.png,1,1,0,1,0,0
haan_ghil_muulnaat_1780565029216.png,0,1,1,1,1,1
haan_ghil_muulnaat_1780565029943.png,0,1,0,1,0,0
haan_ghil_muulnaat_1780565030509.png,0,0,0,0,0,1
haan_ghil_muulnaat_1780565031254.png,0,1,1,1,0,0
haan_ghil_muulnaat_1780565031969.png,0,1,1,1,0,0
haan_ghil_muulnaat_1780565032663.png,0,1,1,1,0,1
haan_ghil_muulnaat_1780565033180.png,0,1,1,1,1,1
haan_ghil_muulnaat_1780565033913.png,0,1,1,1,0,1
haan_ghil_muulnaat_1780565034644.png,0,1,1,1,0,1
haan_ghil_muulnaat_1780565035437.png,0,1,1,1,0,1
haan_ghil_muulnaat_1780565036186.png,0,1,1,1,0,0
haan_ghil_muulnaat_1780565036878.png,0,1,1,1,0,1
haan_ghil_muulnaat_1780565037627.png,0,1,0,1,0,0
haan_ghil_muulnaat_1780565038208.png,0,1,1,1,0,0
haan_ghil_muulnaat_1780565038786.png,0,1,1,1,0,0
haan_ghil_muulnaat_1780565039574.png,1,1,1,1,1,1
haan_ghil_muulnaat_1780565040322.png,1,1,1,1,1,0
haan_ghil_muulnaat_1780565040920.png,0,1,1,1,0,1
haan_ghil_muulnaat_1780565041521.png,0,1,1,1,0,1
haan_ghil_muulnaat_1780565042135.png,0,1,1,1,0,0
haan_ghil_muulnaat_1780565042751.png,0,1,1,1,0,0
haan_ghil_muulnaat_1780565043293.png,0,1,1,1,0,1
haan_ghil_muulnaat_1780565043847.png,0,1,1,1,0,0
haan_ghil_muulnaat_1780565044455.png,0,1,1,1,1,1
haan_ghil_muulnaat_1780565045220.png,0,0,0,1,0,0
haan_ghil_muulnaat_1780565045998.png,0,1,1,1,1,0
haan_ghil_muulnaat_1780565046811.png,0,1,1,1,1,1
haan_ghil_muulnaat_1780565047410.png,0,1,1,1,0,1
haan_ghil_muulnaat_1780565048002.png,1,1,1,1,0,0
haan_ghil_muulnaat_1780565048825.png,0,1,1,1,0,0
haan_ghil_muulnaat_1780565049452.png,1,1,1,1,0,1
haan_ghil_muulnaat_1780565050068.png,1,1,1,1,0,0
haan_ghil_muulnaat_1780565050895.png,0,1,0,1,0,0
haan_ghil_muulnaat_1780565051532.png,0,1,1,1,1,1
haan_ghil_muulnaat_1780565052194.png,0,1,1,1,0,1
haan_ghil_muulnaat_1780565052799.png,0,1,1,1,1,1
haan_ghil_muulnaat_1780565053655.png,0,1,1,1,0,0
haan_ghil_muulnaat_1780565054510.png,0,1,0,1,0,0
haan_ghil_muulnaat_1780565055163.png,0,1,1,1,1,1
haan_ghil_muulnaat_1780565055765.png,1,1,1,1,0,0
haan_ghil_muulnaat_1780565056366.png,1,1,1,1,1,0
haan_ghil_muulnaat_1780565057138.png,1,1,1,0,0,0
haan_ghil_muulnaat_1780565057725.png,1,1,1,1,0,1
haan_ghil_muulnaat_1780565058462.png,0,1,0,1,0,0
haan_ghil_muulnaat_1780565059028.png,1,1,1,1,0,1
haan_ghil_muulnaat_1780565059606.png,1,1,1,1,1,0
haan_ghil_muulnaat_1780565060331.png,0,1,1,1,0,0
haan_ghil_muulnaat_1780565061039.png,0,1,0,1,0,0
haan_ghil_muulnaat_1780565061770.png,0,1,1,1,0,1
haan_ghil_muulnaat_1780565062365.png,1,1,1,1,1,1
haan_ghil_muulnaat_1780565063142.png,1,1,0,0,0,0
haan_ghil_muulnaat_1780565063715.png,1,1,1,1,1,1
haan_ghil_muulnaat_1780565064273.png,0,1,1,1,0,1
haan_ghil_muulnaat_1780565064975.png,1,1,1,1,1,1
haan_ghil_muulnaat_1780565065691.png,0,1,1,1,0,0
haan_ghil_muulnaat_1780565066456.png,0,1,1,1,0,1
haan_ghil_muulnaat_1780565067074.png,0,1,1,1,0,0
haan_ghil_muulnaat_1780565067878.png,0,1,1,1,0,0
haan_ghil_muulnaat_1780565068673.png,1,1,1,1,0,0
haan_ghil_muulnaat_1780565069272.png,1,1,1,1,0,1
haan_ghil_muulnaat_1780565069845.png,0,0,1,1,0,0
haan_ghil_muulnaat_1780565070468.png,0,1,1,0,1,1
haan_ghil_muulnaat_1780565071235.png,0,1,1,1,0,0
haan_ghil_muulnaat_1780565071856.png,0,1,0,1,1,1
haan_ghil_muulnaat_1780565072430.png,0,1,1,1,0,0
haan_ghil_muulnaat_1780565073007.png,0,1,1,1,0,1
haan_ghil_muulnaat_1780565073615.png,0,1,1,1,0,1
haan_ghil_muulnaat_1780565074222.png,0,1,1,1,0,0
haan_ghil_muulnaat_1780565074835.png,0,1,1,1,0,1
haan_ghil_muulnaat_1780565075604.png,0,1,0,1,0,0
haan_ghil_muulnaat_1780565076197.png,0,1,1,1,0,1
haan_ghil_muulnaat_1780565076801.png,0,1,1,1,1,1
haan_ghil_muulnaat_1780565077391.png,0,1,1,1,0,0
haan_ghil_muulnaat_1780565077991.png,0,1,1,1,0,1
haan_ghil_muulnaat_1780565078556.png,0,1,1,1,1,1
haan_ghil_muulnaat_1780565079328.png,0,0,0,0,0,0
haan_ghil_muulnaat_1780565079919.png,1,1,1,1,0,0
haan_ghil_muulnaat_1780565080505.png,1,1,1,1,1,1
haan_ghil_muulnaat_1780565081093.png,0,1,1,1,0,1
haan_ghil_muulnaat_1780565081707.png,0,1,1,1,0,0
haan_ghil_muulnaat_1780565082285.png,0,1,1,1,1,0
haan_ghil_muulnaat_1780565083015.png,0,1,0,1,0,0
haan_ghil_muulnaat_1780565083801.png,0,1,1,1,0,0
haan_ghil_muulnaat_1780565084405.png,0,1,1,1,1,1
haan_ghil_muulnaat_1780565085113.png,0,1,1,1,0,0
haan_ghil_muulnaat_1780565085702.png,0,1,1,0,0,1
haan_ghil_muulnaat_1780565086513.png,1,1,1,1,0,1
haan_ghil_muulnaat_1780565087129.png,1,1,1,1,1,1
haan_ghil_muulnaat_1780565087920.png,0,1,1,1,0,1
haan_ghil_muulnaat_1780565088573.png,1,1,1,1,1,1
haan_ghil_muulnaat_1780565089370.png,0,1,1,1,0,1
haan_ghil_muulnaat_1780565089985.png,0,1,1,1,0,1
haan_ghil_muulnaat_1780565090571.png,0,1,1,1,1,1
haan_ghil_muulnaat_1780565091349.png,0,1,1,1,0,0
haan_ghil_muulnaat_1780565091918.png,0,1,1,1,0,0
haan_ghil_muulnaat_1780565092512.png,0,1,1,1,0,0
haan_ghil_muulnaat_1780565093299.png,0,1,0,1,0,0
haan_ghil_muulnaat_1780565094090.png,0,0,0,1,0,0
haan_ghil_muulnaat_1780565094890.png,0,0,0,0,0,0
haan_ghil_muulnaat_1780565095675.png,0,1,1,1,0,0
haan_ghil_muulnaat_1780565096263.png,0,1,1,1,0,0
haan_ghil_muulnaat_1780565096818.png,0,1,1,0,1,1
haan_ghil_muulnaat_1780565097573.png,0,0,0,1,0,0
haan_ghil_muulnaat_1780565098138.png,0,1,1,1,1,0
haan_ghil_muulnaat_1780565098699.png,0,1,1,1,0,0
haan_ghil_muulnaat_1780565099292.png,0,1,1,1,0,0
haan_ghil_muulnaat_1780565100088.png,0,1,1,1,1,1
haan_ghil_muulnaat_1780565100691.png,0,1,1,1,0,1
haan_ghil_muulnaat_1780565102119.png,0,1,1,1,1,0
haan_ghil_muulnaat_1780565102695.png,0,1,1,1,0,1
haan_ghil_muulnaat_1780565103307.png,0,1,1,1,0,1
haan_ghil_muulnaat_1780565104014.png,0,1,1,1,0,1
haan_ghil_muulnaat_1780565104780.png,0,1,1,1,0,0
haan_ghil_muulnaat_1780565105516.png,0,1,1,1,1,1
haan_ghil_muulnaat_1780565106073.png,0,1,1,1,0,0
haan_ghil_muulnaat_1780565106844.png,0,0,0,1,0,0
haan_ghil_muulnaat_1780565107578.png,0,1,0,1,0,0
haan_ghil_muulnaat_1780565108126.png,0,1,1,1,1,0
haan_ghil_muulnaat_1780565108858.png,0,0,0,1,0,0
haan_ghil_muulnaat_1780565109579.png,1,1,1,1,1,1
haan_ghil_muulnaat_1780565110155.png,1,0,1,1,0,0
haan_ghil_muulnaat_1780565110913.png,0,0,0,1,0,0
haan_ghil_muulnaat_1780565111695.png,0,1,1,1,0,0
haan_ghil_muulnaat_1780565112302.png,0,1,1,1,0,0
haan_ghil_muulnaat_1780565112899.png,0,1,1,1,0,1
haan_ghil_muulnaat_1780565113666.png,0,1,1,1,1,1
haan_ghil_muulnaat_1780565114439.png,0,1,1,1,0,0
haan_ghil_muulnaat_1780565115212.png,0,0,0,1,0,0
haan_ghil_muulnaat_1780565115814.png,0,0,1,0,0,0
haan_ghil_muulnaat_1780565116426.png,0,1,1,1,1,1
haan_ghil_muulnaat_1780565117215.png,0,0,1,0,0,0
haan_ghil_muulnaat_1780565118000.png,0,0,0,0,0,0
haan_ghil_muulnaat_1780565118579.png,0,1,1,1,0,0
haan_ghil_muulnaat_1780565119371.png,0,1,0,1,0,0
haan_ghil_muulnaat_1780565120015.png,0,1,1,1,0,1
haan_ghil_muulnaat_1780565120802.png,0,1,0,1,0,0
haan_ghil_muulnaat_1780565122192.png,0,1,1,1,0,0
haan_ghil_muulnaat_1780565122785.png,0,1,1,1,1,1
haan_ghil_muulnaat_1780565123564.png,1,1,1,1,1,0
haan_ghil_muulnaat_1780565124300.png,0,1,1,1,0,0
haan_ghil_muulnaat_1780565125105.png,0,1,1,1,1,1
haan_ghil_muulnaat_1780565125725.png,0,1,1,1,0,1
haan_ghil_muulnaat_1780565126294.png,0,1,1,0,0,1
haan_ghil_muulnaat_1780565127121.png,0,1,1,1,0,0
haan_ghil_muulnaat_1780565127712.png,0,1,1,1,0,1
haan_ghil_muulnaat_1780565128312.png,0,1,1,1,0,0
haan_ghil_muulnaat_1780565128937.png,0,1,1,1,0,1
haan_ghil_muulnaat_1780565129742.png,0,1,1,1,0,1
haan_ghil_muulnaat_1780565130471.png,0,1,1,1,0,0
haan_ghil_muulnaat_1780565131099.png,0,1,0,1,0,1
haan_ghil_muulnaat_1780565131735.png,0,1,1,1,0,1
haan_ghil_muulnaat_1780565132454.png,1,1,1,1,0,0
haan_ghil_muulnaat_1780565133072.png,0,1,1,1,0,0
haan_ghil_muulnaat_1780565133660.png,0,0,0,0,0,0
haan_ghil_muulnaat_1780565134429.png,0,1,1,1,1,1
haan_ghil_muulnaat_1780565135211.png,1,1,1,1,1,0
haan_ghil_muulnaat_1780565135784.png,0,1,1,1,0,1
haan_ghil_muulnaat_1780565136515.png,0,0,0,1,0,0
haan_ghil_muulnaat_1780565137255.png,0,1,1,1,0,0
haan_ghil_muulnaat_1780565137827.png,0,0,1,1,0,0
haan_ghil_muulnaat_1780565138408.png,1,0,1,0,1,1
haan_ghil_muulnaat_1780565139144.png,0,1,1,1,0,1
haan_ghil_muulnaat_1780565139747.png,0,1,1,1,0,0
haan_ghil_muulnaat_1780565140480.png,1,1,1,1,1,1
haan_ghil_muulnaat_1780565141218.png,0,1,1,1,0,0
haan_ghil_muulnaat_1780565141780.png,1,1,1,1,0,1
haan_ghil_muulnaat_1780565142534.png,0,1,0,1,0,0
haan_ghil_muulnaat_1780565143115.png,0,1,1,1,0,1
haan_ghil_muulnaat_1780565143905.png,1,1,1,1,1,1
haan_ghil_muulnaat_1780565144469.png,0,0,1,0,0,1
haan_ghil_muulnaat_1780565145045.png,0,1,1,1,0,1
haan_ghil_muulnaat_1780565145809.png,0,1,1,1,1,0
haan_ghil_muulnaat_1780565146460.png,0,1,1,1,0,1
haan_ghil_muulnaat_1780565147288.png,0,0,0,0,0,1
haan_ghil_muulnaat_1780565148066.png,0,1,0,1,0,0
haan_ghil_muulnaat_1780565148837.png,0,1,1,1,0,1
haan_ghil_muulnaat_1780565149618.png,0,0,0,1,0,0
haan_ghil_muulnaat_1780565150398.png,0,1,1,1,0,1
haan_ghil_muulnaat_1780565151135.png,0,1,1,1,0,1
haan_ghil_muulnaat_1780565151880.png,0,1,1,1,0,1
haan_ghil_muulnaat_1780565152477.png,0,0,1,0,0,0
haan_ghil_muulnaat_1780565153191.png,0,1,1,1,0,0
haan_ghil_muulnaat_1780565153983.png,0,1,0,1,0,0
haan_ghil_muulnaat_1780565155280.png,0,1,1,1,0,1
haan_ghil_muulnaat_1780565155841.png,0,1,1,1,0,0
haan_ghil_muulnaat_1780565156636.png,0,0,0,1,0,0
haan_ghil_muulnaat_1780565157272.png,0,1,1,1,0,1
haan_ghil_muulnaat_1780565157909.png,0,1,1,0,1,1
haan_ghil_muulnaat_1780565158540.png,0,1,1,1,0,0
haan_ghil_muulnaat_1780565159199.png,0,1,1,1,0,1
haan_ghil_muulnaat_1780565159856.png,0,1,1,1,1,1
haan_ghil_muulnaat_1780565160477.png,1,1,1,1,1,0
haan_ghil_muulnaat_1780565161112.png,1,1,1,1,0,1
haan_ghil_muulnaat_1780565161924.png,0,1,1,1,0,1
haan_ghil_muulnaat_1780565162752.png,1,1,1,1,0,1
haan_ghil_muulnaat_1780565164320.png,1,1,1,1,0,1
haan_ghil_muulnaat_1780565165126.png,0,1,0,1,0,1
haan_ghil_muulnaat_1780565165725.png,0,0,0,1,0,1
haan_ghil_muulnaat_1780565166442.png,0,1,1,1,0,0
haan_ghil_muulnaat_1780565167215.png,0,1,1,1,0,1
haan_ghil_muulnaat_1780565167819.png,0,1,1,1,0,1
haan_ghil_muulnaat_1780565168400.png,1,1,1,1,0,1
haan_ghil_muulnaat_1780565169139.png,1,1,1,1,0,0
haan_ghil_muulnaat_1780565169744.png,0,1,1,1,0,1
haan_ghil_muulnaat_1780565170322.png,0,1,1,1,1,1
haan_ghil_muulnaat_1780565171086.png,0,1,0,0,0,0
haan_ghil_muulnaat_1780565171831.png,0,1,0,1,0,0
haan_ghil_muulnaat_1780565172580.png,0,1,0,1,0,0
haan_ghil_muulnaat_1780565173323.png,0,1,1,1,1,1
haan_ghil_muulnaat_1780565174087.png,0,1,1,1,1,1
haan_ghil_muulnaat_1780565174795.png,0,1,1,1,1,1
haan_ghil_muulnaat_1780565175551.png,0,1,0,1,0,0
haan_ghil_muulnaat_1780565176343.png,0,1,1,1,0,0
haan_ghil_muulnaat_1780565176952.png,1,1,1,1,1,0
haan_ghil_muulnaat_1780565177721.png,0,1,1,1,0,0
haan_ghil_muulnaat_1780565178259.png,1,1,1,1,1,1
haan_ghil_muulnaat_1780565178901.png,0,1,1,1,0,1
haan_ghil_muulnaat_1780565179701.png,0,1,1,1,0,1
haan_ghil_muulnaat_1780565180306.png,1,0,1,1,0,0
haan_ghil_muulnaat_1780565180938.png,0,0,0,1,0,1
haan_ghil_muulnaat_1780565181511.png,1,1,1,1,1,1
haan_ghil_muulnaat_1780565182150.png,1,1,1,1,1,1
haan_ghil_muulnaat_1780565182777.png,1,1,1,1,0,1
haan_ghil_muulnaat_1780565183379.png,1,1,1,1,1,1
haan_ghil_muulnaat_1780565184015.png,0,1,1,1,1,1
haan_ghil_muulnaat_1780565184617.png,0,1,1,1,0,1
haan_ghil_muulnaat_1780565185254.png,0,1,1,1,1,1
haan_ghil_muulnaat_1780565185868.png,0,1,1,1,1,1
haan_ghil_muulnaat_1780565186609.png,0,1,0,1,0,0
haan_ghil_muulnaat_1780565187200.png,0,1,1,1,0,1
haan_ghil_muulnaat_1780565187964.png,0,1,1,1,0,1
haan_ghil_muulnaat_1780565188527.png,1,1,1,1,1,1
haan_ghil_muulnaat_1780565189129.png,0,1,1,1,0,1
haan_ghil_muulnaat_1780565189905.png,0,1,1,1,0,1
haan_ghil_muulnaat_1780565190457.png,0,1,1,1,0,1
haan_ghil_muulnaat_1780565191190.png,0,1,0,1,0,0
haan_ghil_muulnaat_1780565191756.png,0,0,1,1,0,1
haan_ghil_muulnaat_1780565192533.png,0,1,1,1,0,0
haan_ghil_muulnaat_1780565193300.png,0,1,1,1,1,0
haan_ghil_muulnaat_1780565194027.png,1,1,1,1,1,1
haan_ghil_muulnaat_1780565194637.png,0,1,1,1,0,0
haan_ghil_muulnaat_1780565195219.png,0,1,1,0,1,1
haan_ghil_muulnaat_1780565195973.png,0,1,1,1,1,1
haan_ghil_muulnaat_1780565196583.png,0,1,1,1,0,1
haan_ghil_muulnaat_1780565197343.png,0,1,1,1,0,1
haan_ghil_muulnaat_1780565197949.png,0,1,1,1,1,0
haan_ghil_muulnaat_1780565198742.png,0,1,1,1,0,0
haan_ghil_muulnaat_1780565199569.png,0,0,1,1,0,0
haan_ghil_muulnaat_1780565200333.png,0,1,1,1,1,1
haan_ghil_muulnaat_1780565200955.png,0,1,1,1,0,0
haan_ghil_muulnaat_1780565201733.png,0,1,1,1,1,1
haan_ghil_muulnaat_1780565202495.png,0,1,1,1,0,0
haan_ghil_muulnaat_1780565203263.png,0,1,1,1,0,0
haan_ghil_muulnaat_1780565203879.png,0,1,1,1,0,1
haan_ghil_muulnaat_1780565204626.png,0,1,1,1,1,1
haan_ghil_muulnaat_1780565205368.png,0,1,0,1,0,0
haan_ghil_muulnaat_1780565205959.png,0,0,0,1,0,1
haan_ghil_muulnaat_1780565206725.png,0,1,1,1,1,1
haan_ghil_muulnaat_1780565207330.png,0,1,1,1,0,1
haan_ghil_muulnaat_1780565208083.png,0,1,1,1,1,1
haan_ghil_muulnaat_1780565208656.png,0,1,1,1,1,1
haan_ghil_muulnaat_1780565209389.png,0,1,1,1,1,1
haan_ghil_muulnaat_1780565210137.png,0,0,0,1,0,0
haan_ghil_muulnaat_1780565210914.png,0,1,1,1,1,1
haan_ghil_muulnaat_1780565211695.png,0,1,1,1,0,0
haan_ghil_muulnaat_1780565212404.png,0,1,0,1,0,0
haan_ghil_muulnaat_1780565213169.png,0,0,0,0,0,0
haan_ghil_muulnaat_1780565213760.png,0,1,1,1,0,1
haan_ghil_muulnaat_1780565214504.png,0,1,1,1,0,0
haan_ghil_muulnaat_1780565215058.png,1,1,1,1,0,1
haan_ghil_muulnaat_1780565215835.png,1,1,1,1,0,1
haan_ghil_muulnaat_1780565216689.png,0,1,1,0,0,0
haan_ghil_muulnaat_1780565217288.png,0,1,1,1,1,1
haan_ghil_muulnaat_1780565217849.png,0,1,1,1,0,1
haan_ghil_muulnaat_1780565218669.png,0,1,0,1,0,0
haan_ghil_muulnaat_1780565219491.png,0,1,0,1,0,0
haan_ghil_muulnaat_1780565220127.png,1,1,1,1,1,1
haan_ghil_muulnaat_1780565220865.png,0,0,1,1,0,1
haan_ghil_muulnaat_1780565221482.png,0,1,1,1,1,1
haan_ghil_muulnaat_1780565222318.png,0,1,0,1,0,0
haan_ghil_muulnaat_1780565222880.png,0,1,1,1,0,1
haan_ghil_muulnaat_1780565223687.png,0,1,1,1,0,1
haan_ghil_muulnaat_1780565224318.png,0,1,1,1,1,1
haan_ghil_muulnaat_1780565224939.png,0,1,1,1,1,1
haan_ghil_muulnaat_1780565225582.png,0,1,1,1,1,1
haan_ghil_muulnaat_1780565226190.png,0,1,1,1,0,1
haan_ghil_muulnaat_1780565226809.png,0,1,1,1,1,1
haan_ghil_muulnaat_1780565227659.png,0,1,0,1,0,0
haan_ghil_muulnaat_1780565228268.png,0,0,0,0,0,0
haan_ghil_muulnaat_1780565229038.png,0,1,0,1,0,0
haan_ghil_muulnaat_1780565229846.png,1,0,0,0,0,1
haan_ghil_muulnaat_1780565230458.png,0,0,1,1,1,1
haan_ghil_muulnaat_1780565231045.png,0,1,1,0,1,0
haan_ghil_muulnaat_1780565231664.png,0,0,0,0,0,0
haan_ghil_muulnaat_1780565232299.png,0,0,0,0,0,0
haan_ghil_muulnaat_1780565233081.png,0,1,1,1,1,1
haan_ghil_muulnaat_1780565233666.png,0,1,0,1,1,1
haan_ghil_muulnaat_1780565234301.png,0,0,1,1,1,1
haan_ghil_muulnaat_1780565235056.png,0,1,1,1,0,0
haan_ghil_muulnaat_1780565235683.png,0,1,1,1,1,1
haan_ghil_muulnaat_1780565236379.png,0,1,1,1,1,1
haan_ghil_muulnaat_1780565237073.png,0,1,1,1,0,1
haan_ghil_muulnaat_1780565237595.png,0,1,1,1,0,0
haan_ghil_muulnaat_1780565238190.png,1,1,1,0,1,1
haan_ghil_muulnaat_1780565238967.png,0,1,1,1,1,1
haan_ghil_muulnaat_1780565239719.png,0,0,0,1,0,0
haan_ghil_muulnaat_1780565240475.png,0,0,0,1,0,0
haan_ghil_muulnaat_1780565241073.png,0,1,1,1,1,1
haan_ghil_muulnaat_1780565241848.png,0,1,0,1,0,1
haan_ghil_muulnaat_1780565242642.png,0,1,1,1,0,0
haan_ghil_muulnaat_1780565243216.png,0,1,1,1,1,1
haan_ghil_muulnaat_1780565243973.png,0,1,1,1,0,0
haan_ghil_muulnaat_1780565244565.png,0,0,1,1,0,1
haan_ghil_muulnaat_1780565245329.png,0,1,0,1,0,0
haan_ghil_muulnaat_1780565245894.png,0,1,1,0,1,1
haan_ghil_muulnaat_1780565246507.png,0,1,1,1,1,0
haan_ghil_muulnaat_1780565247143.png,0,1,1,1,0,1
haan_ghil_muulnaat_1780565247788.png,0,1,1,1,1,1
haan_ghil_muulnaat_1780565248620.png,0,1,0,1,0,0
haan_ghil_muulnaat_1780565250101.png,0,1,1,1,0,0
haan_ghil_muulnaat_1780565250716.png,0,1,1,0,0,1
haan_ghil_muulnaat_1780565251392.png,0,1,1,0,0,1
haan_ghil_muulnaat_1780565252021.png,0,1,1,0,0,0
haan_ghil_muulnaat_1780565252851.png,0,1,0,1,0,0
haan_ghil_muulnaat_1780565253507.png,1,0,0,1,0,0
haan_ghil_muulnaat_1780565254314.png,0,1,1,0,0,1
haan_ghil_muulnaat_1780565255143.png,1,1,1,1,1,1
haan_ghil_muulnaat_1780565255773.png,0,1,1,1,0,1
haan_ghil_muulnaat_1780565256515.png,0,0,0,1,0,0
haan_ghil_muulnaat_1780565257124.png,0,1,1,0,0,1
haan_ghil_muulnaat_1780565257700.png,0,1,1,1,0,1
haan_ghil_muulnaat_1780565258327.png,0,1,1,1,0,1
haan_ghil_muulnaat_1780565258927.png,0,1,1,1,0,0
haan_ghil_muulnaat_1780565259540.png,0,1,1,1,1,1
haan_ghil_muulnaat_1780565260136.png,0,1,1,1,0,1
haan_ghil_muulnaat_1780565260879.png,0,1,1,1,0,0
haan_ghil_muulnaat_1780565261447.png,0,1,1,1,0,0
haan_ghil_muulnaat_1780565262038.png,0,1,1,1,1,1
haan_ghil_muulnaat_1780565262625.png,0,1,1,1,0,0
haan_ghil_muulnaat_1780565263351.png,0,1,1,1,0,0
haan_ghil_muulnaat_1780565264095.png,0,1,0,1,0,1
haan_ghil_muulnaat_1780565264821.png,0,1,0,1,0,0
haan_ghil_muulnaat_1780565265441.png,1,1,1,1,0,1
haan_ghil_muulnaat_1780565266215.png,0,1,1,1,1,1
haan_ghil_muulnaat_1780565266992.png,0,1,1,1,1,1
haan_ghil_muulnaat_1780565267775.png,0,0,0,0,0,0
haan_ghil_muulnaat_1780565268669.png,0,1,1,0,0,1
haan_ghil_muulnaat_1780565269313.png,1,1,1,1,0,0
haan_ghil_muulnaat_1780565270118.png,0,1,1,1,1,1
haan_ghil_muulnaat_1780565270891.png,0,1,1,1,0,0
haan_ghil_muulnaat_1780565271480.png,0,1,1,1,0,0
haan_ghil_muulnaat_1780565592151.png,0,1,0,1,0,0
haan_ghil_muulnaat_1780565592690.png,0,0,1,1,0,1
haan_ghil_muulnaat_1780565593355.png,0,1,1,1,1,1
haan_ghil_muulnaat_1780565593869.png,1,1,1,1,0,0
haan_ghil_muulnaat_1780565594960.png,0,1,1,1,1,1
haan_ghil_muulnaat_1780565595440.png,0,1,1,1,0,1
haan_ghil_muulnaat_1780565595912.png,0,1,1,1,1,1
haan_ghil_muulnaat_1780565596572.png,0,1,0,1,0,0
haan_ghil_muulnaat_1780565597227.png,0,1,1,1,0,0
haan_ghil_muulnaat_1780565597832.png,0,1,1,1,0,1
haan_ghil_muulnaat_1780565598423.png,1,1,1,1,0,1
haan_ghil_muulnaat_1780565599128.png,0,0,0,1,0,0
haan_ghil_muulnaat_1780565599778.png,0,0,0,1,0,0
haan_ghil_muulnaat_1780565600342.png,0,1,1,1,0,0
haan_ghil_muulnaat_1780565600842.png,0,1,1,1,0,1
haan_ghil_muulnaat_1780565601336.png,0,1,1,0,0,0
haan_ghil_muulnaat_1780565601855.png,0,1,1,1,0,1
haan_ghil_muulnaat_1780565602349.png,0,1,1,1,1,0
haan_ghil_muulnaat_1780565602964.png,0,1,1,1,0,0
haan_ghil_muulnaat_1780565603481.png,0,1,1,1,0,1
haan_ghil_muulnaat_1780565604148.png,0,1,1,1,0,1
haan_ghil_muulnaat_1780565604767.png,1,1,1,1,0,1
haan_ghil_muulnaat_1780565605237.png,0,1,1,1,1,1
haan_ghil_muulnaat_1780565605828.png,0,0,1,0,0,0
haan_ghil_muulnaat_1780565606534.png,0,1,1,0,0,1
haan_ghil_muulnaat_1780565607173.png,0,1,1,1,0,0
haan_ghil_muulnaat_1780565607774.png,0,0,1,1,0,0
haan_ghil_muulnaat_1780565608416.png,0,1,1,1,0,1
haan_ghil_muulnaat_1780565609048.png,0,0,0,1,0,0
haan_ghil_muulnaat_1780565609670.png,0,1,1,0,0,1
haan_ghil_muulnaat_1780565610309.png,0,1,1,1,0,0
haan_ghil_muulnaat_1780565610809.png,0,1,1,1,1,0
haan_ghil_muulnaat_1780565611452.png,0,1,1,1,0,0
haan_ghil_muulnaat_1780565611958.png,0,1,1,1,0,0
haan_ghil_muulnaat_1780565612486.png,0,1,1,1,0,1
haan_ghil_muulnaat_1780565613084.png,1,1,1,1,0,1
haan_ghil_muulnaat_1780565613730.png,0,0,1,0,0,0
haan_ghil_muulnaat_1780565614212.png,0,1,1,1,1,1
haan_ghil_muulnaat_1780565614798.png,0,1,1,1,1,1
haan_ghil_muulnaat_1780565615499.png,1,1,1,1,0,1
haan_ghil_muulnaat_1780565616211.png,0,0,0,0,0,0
haan_ghil_muulnaat_1780565616714.png,0,1,1,1,0,0
haan_ghil_muulnaat_1780565617368.png,0,1,0,1,0,0
haan_ghil_muulnaat_1780565618042.png,0,1,1,1,0,0
haan_ghil_muulnaat_1780565618711.png,1,1,1,1,0,1
haan_ghil_muulnaat_1780565619375.png,0,1,1,1,0,0
haan_ghil_muulnaat_1780565619873.png,0,1,1,1,1,1
haan_ghil_muulnaat_1780565620407.png,0,1,1,1,0,0
haan_ghil_muulnaat_1780565620892.png,1,1,1,1,1,1
haan_ghil_muulnaat_1780565621412.png,1,1,1,0,0,1
haan_ghil_muulnaat_1780565622073.png,0,1,0,1,0,0
haan_ghil_muulnaat_1780565622598.png,0,1,0,1,1,1
haan_ghil_muulnaat_1780565623233.png,0,1,1,1,0,0
haan_ghil_muulnaat_1780565623934.png,1,1,1,0,1,0
haan_ghil_muulnaat_1780565624536.png,0,0,0,1,0,0
haan_ghil_muulnaat_1780565625189.png,0,1,1,1,0,0
haan_ghil_muulnaat_1780565625845.png,0,1,1,1,0,1
haan_ghil_muulnaat_1780565627004.png,0,1,1,1,0,0
haan_ghil_muulnaat_1780565627513.png,0,1,1,1,0,1
haan_ghil_muulnaat_1780565628117.png,0,1,1,1,0,0
haan_ghil_muulnaat_1780565628661.png,0,1,0,1,0,1
haan_ghil_muulnaat_1780565629147.png,0,1,1,1,0,0
haan_ghil_muulnaat_1780565629641.png,1,1,1,1,1,1
haan_ghil_muulnaat_1780565630317.png,0,0,0,0,0,0
haan_ghil_muulnaat_1780565630942.png,0,0,0,0,0,0
haan_ghil_muulnaat_1780565631616.png,0,1,0,1,0,0
haan_ghil_muulnaat_1780565632312.png,0,1,1,1,0,1
haan_ghil_muulnaat_1780565633591.png,0,1,1,1,1,1
haan_ghil_muulnaat_1780565634246.png,0,1,1,1,1,1
haan_ghil_muulnaat_1780565634925.png,0,0,1,1,0,0
haan_ghil_muulnaat_1780565635569.png,0,1,1,1,0,1
haan_ghil_muulnaat_1780565636217.png,0,0,0,0,0,0
haan_ghil_muulnaat_1780565636920.png,0,0,0,0,0,0
haan_ghil_muulnaat_1780565637445.png,0,1,1,1,1,1
haan_ghil_muulnaat_1780565638103.png,0,1,1,1,0,1
haan_ghil_muulnaat_1780565638807.png,0,0,0,1,0,0
haan_ghil_muulnaat_1780565639464.png,0,1,0,1,1,1
haan_ghil_muulnaat_1780565639972.png,1,1,1,1,1,1
haan_ghil_muulnaat_1780565640674.png,0,1,0,0,0,0
haan_ghil_muulnaat_1780565641214.png,1,1,1,1,1,1
haan_ghil_muulnaat_1780565641836.png,0,1,0,1,0,0
haan_ghil_muulnaat_1780565642500.png,0,1,0,1,0,0
haan_ghil_muulnaat_1780565643193.png,1,1,1,1,1,0
haan_ghil_muulnaat_1780565643706.png,0,1,1,1,1,0
haan_ghil_muulnaat_1780565644399.png,0,1,1,1,0,0
haan_ghil_muulnaat_1780565644908.png,0,1,1,1,0,0
haan_ghil_muulnaat_1780565645460.png,0,1,1,1,1,1
haan_ghil_muulnaat_1780565646173.png,0,1,1,1,0,1
haan_ghil_muulnaat_1780565646921.png,1,1,1,1,0,0
haan_ghil_muulnaat_1780565647494.png,0,1,1,1,1,1
haan_ghil_muulnaat_1780565648225.png,1,1,1,1,0,0
haan_ghil_muulnaat_1780565648924.png,1,0,1,0,0,1
haan_ghil_muulnaat_1780565649468.png,1,1,1,1,0,0
haan_ghil_muulnaat_1780565650173.png,0,1,1,1,0,1
haan_ghil_muulnaat_1780565650752.png,0,1,1,1,1,0
haan_ghil_muulnaat_1780565651326.png,0,1,1,1,0,0
haan_ghil_muulnaat_1780565651894.png,1,1,1,1,1,1
haan_ghil_muulnaat_1780565652678.png,0,1,0,1,0,0
haan_ghil_muulnaat_1780565653366.png,1,1,1,1,0,0
haan_ghil_muulnaat_1780565654132.png,0,1,1,0,0,0
haan_ghil_muulnaat_1780565654719.png,0,1,1,1,0,0
haan_ghil_muulnaat_1780565655293.png,1,1,1,1,0,1
haan_ghil_muulnaat_1780565655826.png,0,1,1,1,0,1
haan_ghil_muulnaat_1780565656623.png,0,1,1,1,0,1
haan_ghil_muulnaat_1780565657250.png,0,1,1,1,0,1
haan_ghil_muulnaat_1780565657883.png,0,1,1,1,0,1
haan_ghil_muulnaat_1780565658530.png,0,1,1,1,0,1
haan_ghil_muulnaat_1780565659328.png,0,1,1,1,0,1
haan_ghil_muulnaat_1780565660163.png,0,1,1,1,1,1
haan_ghil_muulnaat_1780565661026.png,1,1,1,1,1,1
haan_ghil_muulnaat_1780565661641.png,1,1,1,1,1,0
haan_ghil_muulnaat_1780565662258.png,0,1,1,1,1,1
haan_ghil_muulnaat_1780565663059.png,0,0,1,0,0,1
haan_ghil_muulnaat_1780565663715.png,1,1,1,1,0,1
haan_ghil_muulnaat_1780565664999.png,1,1,1,1,1,1
haan_ghil_muulnaat_1780565665608.png,0,1,1,1,0,0
haan_ghil_muulnaat_1780565666213.png,0,1,1,1,0,1
haan_ghil_muulnaat_1780565666992.png,0,1,1,1,1,0
haan_ghil_muulnaat_1780565668303.png,0,1,1,1,0,0
haan_ghil_muulnaat_1780565669511.png,0,1,1,1,0,1
haan_ghil_muulnaat_1780565670111.png,0,1,1,1,0,0
haan_ghil_muulnaat_1780565670928.png,0,1,1,1,0,1
haan_ghil_muulnaat_1780565671711.png,0,1,1,1,1,0
haan_ghil_muulnaat_1780565672487.png,0,1,1,1,0,0
haan_ghil_muulnaat_1780565673237.png,0,1,1,1,1,1
haan_ghil_muulnaat_1780565674027.png,0,1,1,1,1,0
haan_ghil_muulnaat_1780565674605.png,0,1,1,1,0,1
haan_ghil_muulnaat_1780565675219.png,0,1,1,1,0,1
haan_ghil_muulnaat_1780565675854.png,1,1,1,1,1,1
haan_ghil_muulnaat_1780565676592.png,0,1,1,1,0,1
haan_ghil_muulnaat_1780565677411.png,0,1,1,1,0,1
haan_ghil_muulnaat_1780565677999.png,0,1,1,1,0,1
haan_ghil_muulnaat_1780565678623.png,0,1,1,1,1,0
haan_ghil_muulnaat_1780565679244.png,0,1,1,1,0,1
haan_ghil_muulnaat_1780565679857.png,0,1,1,1,1,1
haan_ghil_muulnaat_1780565680622.png,0,0,0,0,0,0
haan_ghil_muulnaat_1780565681876.png,0,1,1,1,0,1
haan_ghil_muulnaat_1780565682459.png,1,1,1,1,0,0
haan_ghil_muulnaat_1780565683044.png,0,1,1,1,0,0
haan_ghil_muulnaat_1780565683807.png,0,1,1,1,0,0
haan_ghil_muulnaat_1780565684580.png,0,1,1,1,0,0
haan_ghil_muulnaat_1780565685350.png,0,1,1,1,0,0
haan_ghil_muulnaat_1780565685976.png,0,1,1,1,0,0
haan_ghil_muulnaat_1780565686538.png,0,1,1,1,0,0
haan_ghil_muulnaat_1780565687313.png,0,1,1,1,0,0
haan_ghil_muulnaat_1780565687919.png,0,1,1,1,0,0
haan_ghil_muulnaat_1780565688486.png,0,1,1,1,1,1
haan_ghil_muulnaat_1780565689270.png,1,1,1,1,1,1
haan_ghil_muulnaat_1780565689886.png,0,1,1,1,1,1
haan_ghil_muulnaat_1780565690621.png,0,1,1,1,0,0
haan_ghil_muulnaat_1780565691365.png,0,1,0,1,0,0
haan_ghil_muulnaat_1780565691952.png,0,1,1,1,0,0
haan_ghil_muulnaat_1780565692538.png,0,1,1,1,0,1
haan_ghil_muulnaat_1780565693097.png,0,1,1,1,0,1
haan_ghil_muulnaat_1780565693878.png,1,1,1,1,1,1
haan_ghil_muulnaat_1780565694455.png,0,0,1,1,1,0
haan_ghil_muulnaat_1780565695048.png,0,1,1,1,0,1
haan_ghil_muulnaat_1780565695641.png,1,1,1,1,0,1
haan_ghil_muulnaat_1780565696413.png,0,0,0,1,0,0
haan_ghil_muulnaat_1780565697003.png,0,1,1,1,0,0
haan_ghil_muulnaat_1780565697637.png,0,1,1,1,0,1
haan_ghil_muulnaat_1780565698432.png,0,1,1,1,0,1
haan_ghil_muulnaat_1780565699187.png,0,1,1,1,1,1
haan_ghil_muulnaat_1780565699784.png,0,1,1,1,1,0
haan_ghil_muulnaat_1780565700542.png,0,0,1,0,0,1
haan_ghil_muulnaat_1780565701174.png,1,1,0,1,0,1
haan_ghil_muulnaat_1780565701973.png,0,1,0,1,0,0
haan_ghil_muulnaat_1780565702736.png,0,1,1,1,0,1
haan_ghil_muulnaat_1780565703542.png,0,0,1,1,0,1
haan_ghil_muulnaat_1780565704187.png,0,1,1,0,0,0
haan_ghil_muulnaat_1780565704915.png,0,0,1,0,0,1
haan_ghil_muulnaat_1780565705505.png,1,1,1,1,1,0
haan_ghil_muulnaat_1780565706311.png,0,1,1,1,0,1
haan_ghil_muulnaat_1780565707135.png,0,1,1,1,1,1
haan_ghil_muulnaat_1780565707733.png,0,1,1,0,1,0
haan_ghil_muulnaat_1780565708528.png,0,1,1,1,1,1
haan_ghil_muulnaat_1780565709155.png,0,1,1,1,0,1
haan_ghil_muulnaat_1780565709932.png,0,1,1,1,1,1
haan_ghil_muulnaat_1780565710518.png,1,1,1,1,1,1
haan_ghil_muulnaat_1780565711255.png,0,1,0,1,0,1
haan_ghil_muulnaat_1780565711976.png,0,1,0,1,0,0
haan_ghil_muulnaat_1780565712700.png,0,1,1,1,1,1
haan_ghil_muulnaat_1780565713462.png,0,1,1,1,0,0
haan_ghil_muulnaat_1780565714043.png,0,1,1,1,0,1
haan_ghil_muulnaat_1780565714614.png,0,0,0,0,0,0
haan_ghil_muulnaat_1780565715381.png,0,1,1,1,1,1
haan_ghil_muulnaat_1780565715988.png,0,1,1,1,1,1
haan_ghil_muulnaat_1780565716584.png,1,1,1,1,0,0
haan_ghil_muulnaat_1780565717333.png,0,0,0,1,0,0
haan_ghil_muulnaat_1780565717930.png,0,1,1,0,0,0
haan_ghil_muulnaat_1780565718671.png,0,1,1,1,0,0
haan_ghil_muulnaat_1780565719459.png,1,1,1,1,1,0
haan_ghil_muulnaat_1780565720226.png,0,0,1,0,0,1
haan_ghil_muulnaat_1780565720899.png,0,1,1,1,1,1
haan_ghil_muulnaat_1780565721652.png,0,1,1,0,0,0
haan_ghil_muulnaat_1780565722185.png,0,1,1,1,0,1
haan_ghil_muulnaat_1780565722983.png,0,0,0,0,0,0
haan_ghil_muulnaat_1780565723567.png,0,0,1,1,0,0
haan_ghil_muulnaat_1780565724192.png,1,1,1,1,1,1
haan_ghil_muulnaat_1780565724963.png,0,1,0,0,0,0
haan_ghil_muulnaat_1780565725749.png,0,1,1,1,0,0
haan_ghil_muulnaat_1780565726301.png,1,1,1,1,0,1
haan_ghil_muulnaat_1780565726888.png,0,1,1,1,1,0
haan_ghil_muulnaat_1780565727708.png,0,1,1,1,0,1
haan_ghil_muulnaat_1780565728322.png,0,1,1,1,0,1
haan_ghil_muulnaat_1780565729139.png,0,1,0,0,0,1
haan_ghil_muulnaat_1780565729974.png,0,1,1,1,0,0
haan_ghil_muulnaat_1780565730594.png,0,1,1,1,0,1
haan_ghil_muulnaat_1780565731227.png,0,0,1,1,0,0
haan_ghil_muulnaat_1780565732078.png,0,1,1,1,1,1
haan_ghil_muulnaat_1780565732687.png,1,1,1,1,0,1
haan_ghil_muulnaat_1780565733352.png,0,0,0,0,0,0
haan_ghil_muulnaat_1780565734160.png,1,1,1,1,1,0
haan_ghil_muulnaat_1780565734788.png,0,1,1,1,0,1
haan_ghil_muulnaat_1780565735575.png,0,0,1,1,0,0
haan_ghil_muulnaat_1780565736147.png,1,1,1,1,1,1
haan_ghil_muulnaat_1780565736905.png,1,1,1,1,0,1
haan_ghil_muulnaat_1780565737666.png,0,1,1,1,0,0
haan_ghil_muulnaat_1780565738405.png,0,1,1,1,0,1
haan_ghil_muulnaat_1780565739130.png,0,1,1,1,0,0
haan_ghil_muulnaat_1780565739694.png,0,1,1,1,1,1
haan_ghil_muulnaat_1780565740293.png,0,0,0,0,0,0
haan_ghil_muulnaat_1780565741035.png,0,1,1,1,0,0
haan_ghil_muulnaat_1780565741760.png,0,1,1,0,0,1
haan_ghil_muulnaat_1780565742477.png,0,1,1,1,0,0
haan_ghil_muulnaat_1780565743194.png,0,1,1,1,1,1
haan_ghil_muulnaat_1780565743960.png,0,1,1,1,1,1
haan_ghil_muulnaat_1780565744529.png,0,1,1,1,0,0
haan_ghil_muulnaat_1780565745946.png,0,0,0,0,0,0
haan_ghil_muulnaat_1780565746550.png,0,0,1,1,0,1
haan_ghil_muulnaat_1780565747338.png,0,1,1,1,0,0
haan_ghil_muulnaat_1780565748087.png,0,1,1,1,0,0
haan_ghil_muulnaat_1780565748859.png,1,1,1,1,1,1
haan_ghil_muulnaat_1780565749492.png,0,1,1,1,1,1
haan_ghil_muulnaat_1780565750292.png,0,1,1,1,0,0
haan_ghil_muulnaat_1780565751044.png,0,0,0,1,0,0
haan_ghil_muulnaat_1780565751808.png,0,1,1,1,0,1
haan_ghil_muulnaat_1780565752446.png,0,1,1,1,0,1
haan_ghil_muulnaat_1780565753200.png,0,1,0,1,0,0
haan_ghil_muulnaat_1780565753807.png,0,1,1,1,0,1
haan_ghil_muulnaat_1780565754611.png,0,1,1,1,0,0
haan_ghil_muulnaat_1780565755227.png,0,0,1,1,0,1
haan_ghil_muulnaat_1780565756005.png,0,1,1,1,1,1
haan_ghil_muulnaat_1780565756806.png,0,1,0,1,0,0
haan_ghil_muulnaat_1780565757630.png,0,1,1,1,0,1
haan_ghil_muulnaat_1780565758269.png,0,1,1,1,1,1
haan_ghil_muulnaat_1780565759113.png,1,1,1,1,1,0
haan_ghil_muulnaat_1780565759927.png,0,1,1,1,0,1
haan_ghil_muulnaat_1780565760794.png,0,0,0,1,0,0
haan_ghil_muulnaat_1780565761585.png,0,1,0,1,0,0
haan_ghil_muulnaat_1780565762401.png,0,0,0,1,0,0
haan_ghil_muulnaat_1780565763052.png,1,1,1,1,0,0
haan_ghil_muulnaat_1780565763869.png,0,1,1,0,0,0
haan_ghil_muulnaat_1780565764684.png,0,0,1,1,0,0
haan_ghil_muulnaat_1780565765444.png,0,1,1,1,0,0
haan_ghil_muulnaat_1780565766060.png,0,1,1,1,0,0
haan_ghil_muulnaat_1780565766854.png,0,0,0,1,0,0
haan_ghil_muulnaat_1780565767455.png,0,1,1,1,1,1
haan_ghil_muulnaat_1780565768167.png,0,1,1,1,0,1
haan_ghil_muulnaat_1780565768763.png,0,1,1,1,0,1
haan_ghil_muulnaat_1780565769372.png,0,1,1,1,0,1
haan_ghil_muulnaat_1780565770133.png,0,0,0,1,0,0
haan_ghil_muulnaat_1780565770874.png,0,1,1,1,0,0
haan_ghil_muulnaat_1780565771509.png,0,1,1,1,1,1
haan_ghil_muulnaat_1780565772299.png,1,1,1,1,0,0
haan_ghil_muulnaat_1780565772933.png,0,1,1,1,1,1
haan_ghil_muulnaat_1780565773710.png,0,1,1,1,0,0
haan_ghil_muulnaat_1780565774349.png,0,0,0,0,0,0
haan_ghil_muulnaat_1780565775136.png,1,1,1,1,0,1
haan_ghil_muulnaat_1780565775745.png,1,1,1,1,0,1
haan_ghil_muulnaat_1780565776297.png,1,1,1,1,0,1
haan_ghil_muulnaat_1780565777059.png,0,0,0,1,0,0
haan_ghil_muulnaat_1780565777627.png,1,1,1,1,0,1
haan_ghil_muulnaat_1780565778211.png,1,1,1,1,0,1
haan_ghil_muulnaat_1780565778818.png,0,1,1,1,0,1
haan_ghil_muulnaat_1780565779586.png,1,1,1,1,1,1
haan_ghil_muulnaat_1780565780187.png,0,1,1,1,0,0
haan_ghil_muulnaat_1780565780784.png,0,0,0,0,0,0
haan_ghil_muulnaat_1780565781590.png,0,1,1,1,0,1
haan_ghil_muulnaat_1780565782364.png,0,1,1,1,0,0
haan_ghil_muulnaat_1780565783130.png,0,1,0,0,0,0
haan_ghil_muulnaat_1780565783934.png,0,1,1,1,1,1
haan_ghil_muulnaat_1780565784720.png,0,1,1,1,0,1
haan_ghil_muulnaat_1780565785310.png,1,1,1,1,0,1
haan_ghil_muulnaat_1780565786039.png,0,1,1,1,0,0
haan_ghil_muulnaat_1780565786637.png,1,1,1,1,1,1
haan_ghil_muulnaat_1780565787411.png,1,1,1,1,0,0
haan_ghil_muulnaat_1780565788180.png,0,1,1,1,0,1
haan_ghil_muulnaat_1780565788747.png,0,1,1,1,0,1
haan_ghil_muulnaat_1780565789379.png,1,1,1,1,0,1
haan_ghil_muulnaat_1780565790151.png,0,1,1,1,0,0
haan_ghil_muulnaat_1780565790747.png,0,1,1,1,0,0
haan_ghil_muulnaat_1780565791345.png,0,1,1,1,0,1
haan_ghil_muulnaat_1780565792017.png,0,1,1,1,1,1
haan_ghil_muulnaat_1780565792641.png,0,1,1,1,0,0
haan_ghil_muulnaat_1780565793226.png,0,1,1,1,0,0
haan_ghil_muulnaat_1780565793821.png,0,1,1,1,1,1
haan_ghil_muulnaat_1780565794470.png,0,1,1,1,0,0
haan_ghil_muulnaat_1780565795283.png,0,1,1,1,0,1
haan_ghil_muulnaat_1780565796076.png,1,1,1,1,0,0
haan_ghil_muulnaat_1780565796819.png,0,1,1,1,0,0
haan_ghil_muulnaat_1780565797564.png,0,1,0,0,0,0
haan_ghil_muulnaat_1780565798126.png,1,1,1,1,1,1
haan_ghil_muulnaat_1780565798698.png,0,1,1,1,1,0
haan_ghil_muulnaat_1780565799260.png,0,1,1,1,0,0
haan_ghil_muulnaat_1780565800016.png,0,0,0,0,0,0
haan_ghil_muulnaat_1780565800750.png,0,1,1,1,0,0
haan_ghil_muulnaat_1780565801463.png,0,1,1,1,0,0
haan_ghil_muulnaat_1780565802040.png,1,1,1,1,1,1
haan_ghil_muulnaat_1780565802571.png,0,1,1,1,0,1
haan_ghil_muulnaat_1780565803151.png,1,1,1,1,1,1
haan_ghil_muulnaat_1780565803873.png,0,0,0,1,0,0
haan_ghil_muulnaat_1780565804431.png,0,1,1,1,0,1
haan_ghil_muulnaat_1780565805058.png,1,1,1,1,0,0
haan_ghil_muulnaat_1780565805827.png,0,0,1,0,1,0
haan_ghil_muulnaat_1780565806562.png,0,1,1,1,0,0
haan_ghil_muulnaat_1780565807206.png,0,1,1,1,0,0
haan_ghil_muulnaat_1780565807969.png,0,0,0,1,0,1
haan_ghil_muulnaat_1780565808756.png,0,1,1,1,0,1
haan_ghil_muulnaat_1780565809307.png,0,0,0,0,0,0
haan_ghil_muulnaat_1780565810091.png,0,1,0,1,1,1
haan_ghil_muulnaat_1780565810892.png,0,1,1,1,0,1
haan_ghil_muulnaat_1780565811738.png,0,0,0,0,0,0
haan_ghil_muulnaat_1780565812475.png,0,0,1,1,0,0
haan_ghil_muulnaat_1780565813244.png,0,0,0,0,0,0
haan_ghil_muulnaat_1780565813850.png,0,0,0,0,0,0
haan_ghil_muulnaat_1780565814457.png,1,1,1,1,0,1
haan_ghil_muulnaat_1780565815083.png,0,1,1,1,0,1
haan_ghil_muulnaat_1780565815828.png,0,1,1,1,1,1
haan_ghil_muulnaat_1780565816482.png,0,0,0,1,0,0
haan_ghil_muulnaat_1780565817132.png,0,1,1,0,1,1
haan_ghil_muulnaat_1780565817787.png,1,1,1,1,1,1
haan_ghil_muulnaat_1780565818409.png,0,1,1,1,1,1
haan_ghil_muulnaat_1780565819052.png,0,1,1,1,0,1
haan_ghil_muulnaat_1780565819862.png,0,1,0,1,0,0
haan_ghil_muulnaat_1780565820477.png,1,1,1,1,0,1
haan_ghil_muulnaat_1780565821303.png,0,1,1,1,0,1
haan_ghil_muulnaat_1780565821958.png,0,1,1,1,0,0
haan_ghil_muulnaat_1780565822537.png,0,0,0,0,0,0
haan_ghil_muulnaat_1780565823400.png,0,1,1,1,1,1
haan_ghil_muulnaat_1780565824231.png,0,1,1,1,0,0
haan_ghil_muulnaat_1780565824862.png,0,1,1,1,0,1
haan_ghil_muulnaat_1780565825493.png,0,1,1,1,0,1
haan_ghil_muulnaat_1780565826116.png,0,1,1,1,0,1
haan_ghil_muulnaat_1780565826687.png,0,1,1,1,0,0
haan_ghil_muulnaat_1780565827455.png,0,1,1,1,1,0
haan_ghil_muulnaat_1780565828013.png,0,1,1,1,0,0
haan_ghil_muulnaat_1780565828750.png,0,1,1,1,0,1
haan_ghil_muulnaat_1780565829370.png,0,1,0,1,0,1
haan_ghil_muulnaat_1780565829974.png,0,0,0,0,0,0
haan_ghil_muulnaat_1780565830567.png,0,1,1,1,1,0
haan_ghil_muulnaat_1780565831323.png,1,1,1,1,1,1
haan_ghil_muulnaat_1780565831884.png,0,1,1,0,0,0
haan_ghil_muulnaat_1780565832711.png,0,1,1,1,0,1
haan_ghil_muulnaat_1780565833439.png,1,1,1,1,0,0
haan_ghil_muulnaat_1780565834055.png,0,1,1,1,0,1
haan_ghil_muulnaat_1780565834627.png,0,1,1,1,0,1
haan_ghil_muulnaat_1780565835206.png,0,1,0,1,0,0
haan_ghil_muulnaat_1780565835979.png,0,1,1,1,0,0
haan_ghil_muulnaat_1780565837201.png,0,1,1,1,0,0
haan_ghil_muulnaat_1780565837774.png,1,1,1,1,1,0
haan_ghil_muulnaat_1780565838363.png,0,0,1,0,0,0
haan_ghil_muulnaat_1780565838970.png,0,1,1,1,1,1
haan_ghil_muulnaat_1780565839754.png,0,1,0,1,0,0
haan_ghil_muulnaat_1780565840532.png,0,0,0,0,0,0
haan_ghil_muulnaat_1780565841081.png,0,1,1,1,1,1
haan_ghil_muulnaat_1780565841847.png,0,1,0,0,0,0
haan_ghil_muulnaat_1780565842435.png,1,1,1,1,1,0
haan_ghil_muulnaat_1780565843065.png,0,1,1,0,1,1
haan_ghil_muulnaat_1780565843652.png,0,1,1,1,1,1
haan_ghil_muulnaat_1780565844248.png,0,1,1,1,1,1
haan_ghil_muulnaat_1780565845008.png,0,1,1,1,1,1
haan_ghil_muulnaat_1780565845818.png,1,1,1,1,1,1
haan_ghil_muulnaat_1780565846430.png,1,1,1,0,0,1
haan_ghil_muulnaat_1780565847274.png,1,1,1,1,1,1
haan_ghil_muulnaat_1780565848124.png,0,1,1,1,0,0
haan_ghil_muulnaat_1780565848934.png,0,1,0,1,0,0
haan_ghil_muulnaat_1780565849775.png,1,1,1,1,1,1
haan_ghil_muulnaat_1780565850435.png,0,1,1,1,1,1
haan_ghil_muulnaat_1780565851226.png,1,1,1,1,0,1
haan_ghil_muulnaat_1780565851867.png,0,1,1,1,0,1
haan_ghil_muulnaat_1780565852488.png,0,1,1,1,0,1
haan_ghil_muulnaat_1780565853126.png,1,1,1,1,1,1
haan_ghil_muulnaat_1780565853920.png,0,1,1,1,1,1
haan_ghil_muulnaat_1780565854545.png,0,1,1,1,0,0
haan_ghil_muulnaat_1780565855360.png,0,1,1,1,0,1
haan_ghil_muulnaat_1780565856006.png,0,1,1,1,0,1
haan_ghil_muulnaat_1780565856771.png,0,1,1,1,1,1
haan_ghil_muulnaat_1780565857390.png,1,1,1,1,1,1
haan_ghil_muulnaat_1780565858193.png,0,1,0,1,1,1
haan_ghil_muulnaat_1780565858817.png,0,1,1,1,0,0
haan_ghil_muulnaat_1780565859405.png,0,1,1,1,0,1
haan_ghil_muulnaat_1780565860007.png,0,0,0,0,0,0
haan_ghil_muulnaat_1780565860810.png,0,0,0,1,1,1
haan_ghil_muulnaat_1780565862068.png,0,0,1,0,0,1
haan_ghil_muulnaat_1780565862644.png,0,1,1,1,1,1
haan_ghil_muulnaat_1780565863432.png,0,1,1,1,0,1
haan_ghil_muulnaat_1780565864024.png,0,1,1,0,1,0
haan_ghil_muulnaat_1780565864603.png,1,1,1,1,1,1
haan_ghil_muulnaat_1780565865414.png,0,1,0,1,0,0
haan_ghil_muulnaat_1780565866212.png,0,1,1,1,0,0
haan_ghil_muulnaat_1780565866989.png,0,1,1,1,0,0
haan_ghil_muulnaat_1780565867557.png,0,1,1,1,0,1
haan_ghil_muulnaat_1780565868147.png,0,1,0,1,0,0
haan_ghil_muulnaat_1780565868741.png,0,0,0,0,0,1
haan_ghil_muulnaat_1780565869522.png,0,1,0,1,0,0
haan_ghil_muulnaat_1780565870245.png,0,1,1,1,1,1
haan_ghil_muulnaat_1780565871029.png,1,1,1,1,0,0
haan_ghil_muulnaat_1780565871638.png,0,1,1,1,0,1
haan_ghil_muulnaat_1780565872248.png,0,1,1,1,0,1
haan_ghil_muulnaat_1780565873043.png,0,1,0,1,0,0
haan_ghil_muulnaat_1780565873791.png,0,0,0,1,0,0
haan_ghil_muulnaat_1780565874420.png,0,1,1,1,0,1
haan_ghil_muulnaat_1780565875048.png,0,1,1,1,0,1
haan_ghil_muulnaat_1780565875827.png,0,1,1,1,0,1
haan_ghil_muulnaat_1780565876572.png,0,1,1,1,0,0
haan_ghil_muulnaat_1780565877347.png,0,1,1,1,0,1
haan_ghil_muulnaat_1780565878180.png,1,1,1,1,1,0
haan_ghil_muulnaat_1780565878772.png,1,1,1,1,0,1
haan_ghil_muulnaat_1780565879527.png,0,0,0,1,0,0
haan_ghil_muulnaat_1780565880316.png,0,1,1,1,0,0
haan_ghil_muulnaat_1780565881079.png,0,0,0,1,0,0
haan_ghil_muulnaat_1780565881853.png,0,1,1,1,0,0
haan_ghil_muulnaat_1780565882480.png,0,1,1,1,0,1
haan_ghil_muulnaat_1780565883100.png,0,1,1,1,0,1
haan_ghil_muulnaat_1780565883871.png,0,1,0,1,0,1
haan_ghil_muulnaat_1780565884488.png,0,1,1,1,1,1
haan_ghil_muulnaat_1780565885071.png,0,1,1,1,0,1
haan_ghil_muulnaat_1780565885879.png,0,1,1,1,0,1
haan_ghil_muulnaat_1780565886466.png,0,1,1,1,0,1
haan_ghil_muulnaat_1780565887071.png,0,1,1,1,0,0
haan_ghil_muulnaat_1780565887839.png,1,1,1,1,1,1
haan_ghil_muulnaat_1780565888446.png,0,1,1,1,1,1
haan_ghil_muulnaat_1780565889062.png,0,1,1,1,0,1
haan_ghil_muulnaat_1780565889645.png,0,1,1,0,0,1
haan_ghil_muulnaat_1780565890422.png,0,0,0,1,0,0
haan_ghil_muulnaat_1780565891028.png,0,0,0,0,0,0
haan_ghil_muulnaat_1780565891644.png,0,1,1,1,1,0
haan_ghil_muulnaat_1780565892282.png,0,1,1,0,0,1
haan_ghil_muulnaat_1780565893063.png,0,1,1,1,0,0
haan_ghil_muulnaat_1780565893858.png,0,0,0,0,0,0
haan_ghil_muulnaat_1780565894630.png,1,1,1,1,1,0
haan_ghil_muulnaat_1780565895451.png,0,1,1,1,1,1
haan_ghil_muulnaat_1780565896012.png,1,1,1,1,0,0
haan_ghil_muulnaat_1780565896753.png,1,1,1,1,0,1
haan_ghil_muulnaat_1780565897300.png,1,1,1,1,1,1
haan_ghil_muulnaat_1780565897871.png,1,1,1,1,1,1
haan_ghil_muulnaat_1780565898472.png,0,1,1,1,0,1
haan_ghil_muulnaat_1780565899248.png,0,1,1,1,0,1
haan_ghil_muulnaat_1780565899848.png,0,1,1,1,1,0
haan_ghil_muulnaat_1780565900445.png,1,1,1,1,0,0
haan_ghil_muulnaat_1780565901012.png,1,1,1,1,0,1
haan_ghil_muulnaat_1780565901599.png,0,1,1,1,0,1
haan_ghil_muulnaat_1780565902374.png,0,0,0,0,0,0
haan_ghil_muulnaat_1780565902961.png,0,1,1,0,0,1
haan_ghil_muulnaat_1780565903749.png,0,1,1,1,1,1
haan_ghil_muulnaat_1780565904344.png,0,1,1,1,0,1
haan_ghil_muulnaat_1780565904948.png,0,1,1,1,0,1
haan_ghil_muulnaat_1780565905565.png,0,1,1,1,1,1
haan_ghil_muulnaat_1780565906124.png,0,1,1,1,0,1
haan_ghil_muulnaat_1780565906696.png,0,1,1,1,0,0
haan_ghil_muulnaat_1780565907431.png,0,1,1,1,1,1
haan_ghil_muulnaat_1780565908215.png,0,0,0,1,0,0
haan_ghil_muulnaat_1780565908975.png,0,1,1,1,1,1
haan_ghil_muulnaat_1780565909702.png,0,1,1,1,0,1
haan_ghil_muulnaat_1780565910423.png,0,1,0,1,0,0
haan_ghil_muulnaat_1780565911141.png,0,0,0,1,0,0
haan_ghil_muulnaat_1780565911729.png,0,0,0,0,0,0
haan_ghil_muulnaat_1780565912509.png,0,1,1,1,0,0
haan_ghil_muulnaat_1780565913089.png,0,1,1,1,1,1
haan_ghil_muulnaat_1780565913665.png,0,0,1,1,1,1
haan_ghil_muulnaat_1780565914367.png,0,1,1,1,0,0
haan_ghil_muulnaat_1780565915136.png,0,1,1,1,1,0
haan_ghil_muulnaat_1780565915647.png,0,1,1,1,1,1
haan_ghil_muulnaat_1780565916413.png,0,1,1,1,1,1
haan_ghil_muulnaat_1780565917070.png,0,1,1,1,0,1
haan_ghil_muulnaat_1780565917823.png,1,1,1,1,0,0
haan_ghil_muulnaat_1780565918474.png,0,0,0,0,0,0
haan_ghil_muulnaat_1780565919279.png,0,1,0,1,0,0
haan_ghil_muulnaat_1780565919895.png,0,1,1,1,0,1
haan_ghil_muulnaat_1780565920699.png,0,1,1,1,0,1
haan_ghil_muulnaat_1780565921533.png,0,0,0,0,0,0
haan_ghil_muulnaat_1780565922314.png,1,1,1,1,0,0
haan_ghil_muulnaat_1780565922906.png,0,1,1,1,0,1
haan_ghil_muulnaat_1780565923683.png,0,0,1,0,0,0
haan_ghil_muulnaat_1780565924342.png,0,1,1,1,0,1
haan_ghil_muulnaat_1780529081793.png,1,1,1,1,1,0
haan_ghil_muulnaat_1780530393414.png,0,1,1,1,1,1
haan_ghil_muulnaat_1780530394304.png,1,1,1,1,0,1
haan_ghil_muulnaat_1780530395265.png,0,1,1,1,0,1
haan_ghil_muulnaat_1780530396295.png,0,1,1,1,0,1
haan_ghil_muulnaat_1780530397107.png,0,1,1,1,1,1
haan_ghil_muulnaat_1780530397898.png,0,1,1,1,0,1
haan_ghil_muulnaat_1780530398675.png,0,0,0,1,0,0
haan_ghil_muulnaat_1780530399700.png,0,0,0,0,0,0
haan_ghil_muulnaat_1780530400503.png,0,1,1,1,0,1
haan_ghil_muulnaat_1780530401303.png,0,1,1,1,0,1
haan_ghil_muulnaat_1780530402110.png,0,0,0,0,0,1
haan_ghil_muulnaat_1780530403073.png,0,1,0,1,0,0
haan_ghil_muulnaat_1780530403875.png,0,1,1,1,1,0
haan_ghil_muulnaat_1780530404865.png,0,1,1,1,0,0
haan_ghil_muulnaat_1780530405630.png,0,1,1,1,0,0
haan_ghil_muulnaat_1780530406428.png,0,1,1,1,0,1
haan_ghil_muulnaat_1780530408368.png,1,1,1,1,1,1
haan_ghil_muulnaat_1780530411086.png,0,1,0,1,0,0
haan_ghil_muulnaat_1780530413805.png,0,1,1,1,0,1
haan_ghil_muulnaat_1780530416522.png,0,1,1,1,0,1
haan_ghil_muulnaat_1780530419605.png,0,0,1,1,0,0
haan_ghil_muulnaat_1780530422197.png,0,1,0,1,0,0
haan_ghil_muulnaat_1780530424880.png,0,1,0,1,0,1
haan_ghil_muulnaat_1780530427386.png,0,0,1,0,0,0
haan_ghil_muulnaat_1780530430573.png,0,1,0,1,0,0
haan_ghil_muulnaat_1780530433241.png,0,1,1,1,0,0
haan_ghil_muulnaat_1780530435927.png,0,0,0,0,0,0
haan_ghil_muulnaat_1780530439237.png,0,1,1,1,0,0
haan_ghil_muulnaat_1780530475109.png,0,0,1,1,0,0
haan_ghil_muulnaat_1780530478829.png,0,1,1,1,1,1
haan_ghil_muulnaat_1780530481455.png,0,1,1,1,0,0
haan_ghil_muulnaat_1780530484576.png,0,1,1,1,0,1
haan_ghil_muulnaat_1780530487017.png,0,1,1,1,0,0
haan_ghil_muulnaat_1780530490096.png,0,1,1,1,0,0
haan_ghil_muulnaat_1780530493117.png,1,1,1,1,1,1
haan_ghil_muulnaat_1780530496359.png,1,1,1,1,1,1
haan_ghil_muulnaat_1780530499017.png,0,0,0,0,0,1
haan_ghil_muulnaat_1780530501767.png,0,1,1,1,1,1
haan_ghil_muulnaat_1780530504811.png,0,1,1,1,0,0
haan_ghil_muulnaat_1780530507278.png,0,1,1,1,0,1
haan_ghil_muulnaat_1780530509875.png,0,1,1,1,0,1
haan_ghil_muulnaat_1780530512515.png,0,0,0,0,0,0
haan_ghil_muulnaat_1780530515650.png,0,1,0,1,0,0
haan_ghil_muulnaat_1780530518728.png,1,1,1,1,0,1
haan_ghil_muulnaat_1780530521388.png,0,1,1,1,0,1
haan_ghil_muulnaat_1780530524616.png,0,1,1,1,0,1
haan_ghil_muulnaat_1780530527881.png,1,1,1,1,1,1
haan_ghil_muulnaat_1780530530575.png,0,0,0,0,0,0
haan_ghil_muulnaat_1780530533609.png,0,1,1,1,0,1
haan_ghil_muulnaat_1780530536737.png,0,1,0,0,0,0
haan_ghil_muulnaat_1780530539255.png,0,1,1,1,0,1
haan_ghil_muulnaat_1780530541891.png,1,1,1,1,0,1
haan_ghil_muulnaat_1780530545111.png,0,1,1,1,0,0
haan_ghil_muulnaat_1780530548261.png,0,0,0,0,0,1
haan_ghil_muulnaat_1780530550835.png,0,1,0,1,0,0
haan_ghil_muulnaat_1780530553909.png,0,1,1,1,0,0
haan_ghil_muulnaat_1780530556598.png,0,1,1,1,0,0
haan_ghil_muulnaat_1780530559230.png,0,0,0,1,0,0
haan_ghil_muulnaat_1780530562388.png,0,1,1,1,0,1
haan_ghil_muulnaat_1780530565347.png,0,1,1,1,0,1
haan_ghil_muulnaat_1780530567901.png,0,1,1,1,0,0
haan_ghil_muulnaat_1780530571188.png,0,1,1,1,1,1
haan_ghil_muulnaat_1780530573735.png,0,0,0,0,0,0
haan_ghil_muulnaat_1780530576926.png,1,1,1,1,0,1
haan_ghil_muulnaat_1780530579529.png,0,1,1,1,0,1
haan_ghil_muulnaat_1780530582719.png,0,1,1,1,0,1
haan_ghil_muulnaat_1780530585282.png,0,1,1,1,0,1
haan_ghil_muulnaat_1780530587960.png,0,0,0,0,0,0
haan_ghil_muulnaat_1780530590349.png,0,0,1,0,0,0
haan_ghil_muulnaat_1780530593430.png,0,1,0,1,0,0
haan_ghil_muulnaat_1780530596014.png,0,0,0,1,0,0
haan_ghil_muulnaat_1780530598601.png,0,1,1,1,0,1
haan_ghil_muulnaat_1780530601741.png,0,0,0,0,0,0
haan_ghil_muulnaat_1780530604981.png,1,1,1,1,0,0
haan_ghil_muulnaat_1780530607700.png,0,1,1,1,0,0
haan_ghil_muulnaat_1780530610769.png,0,0,1,1,0,1
haan_ghil_muulnaat_1780530613870.png,0,1,1,1,0,0
haan_ghil_muulnaat_1780530616620.png,0,1,1,1,0,1
haan_ghil_muulnaat_1780530619406.png,0,1,1,1,0,0
haan_ghil_muulnaat_1780530621938.png,0,1,0,0,0,0
haan_ghil_muulnaat_1780530625208.png,0,1,1,1,0,0
haan_ghil_muulnaat_1780530628360.png,0,1,1,1,0,1
haan_ghil_muulnaat_1780530631649.png,1,1,1,1,1,0
haan_ghil_muulnaat_1780530634234.png,0,1,1,1,0,1
haan_ghil_muulnaat_1780530637443.png,0,1,1,1,0,1
haan_ghil_muulnaat_1780530638772.png,0,1,1,1,0,0
haan_ghil_muulnaat_1780530639748.png,0,1,0,1,0,0
haan_ghil_muulnaat_1780530640662.png,0,1,1,1,0,1
haan_ghil_muulnaat_1780530641570.png,0,1,1,1,0,1
haan_ghil_muulnaat_1780530642585.png,1,1,1,1,0,0
haan_ghil_muulnaat_1780530643412.png,1,1,1,1,0,1
haan_ghil_muulnaat_1780530644401.png,1,1,1,1,0,0
haan_ghil_muulnaat_1780530645382.png,0,1,1,1,0,0
haan_ghil_muulnaat_1780530646208.png,0,0,1,0,0,0
haan_ghil_muulnaat_1780530647006.png,0,0,0,1,0,0
haan_ghil_muulnaat_1780530647838.png,0,1,1,1,0,1
haan_ghil_muulnaat_1780530648645.png,0,0,0,1,0,0
haan_ghil_muulnaat_1780530649563.png,0,1,1,1,1,1
haan_ghil_muulnaat_1780530650385.png,0,1,1,1,0,0
haan_ghil_muulnaat_1780530652802.png,0,1,1,1,0,1
haan_ghil_muulnaat_1780530655986.png,0,1,1,1,0,1
haan_ghil_muulnaat_1780530659354.png,0,1,1,1,0,1
haan_ghil_muulnaat_1780530662123.png,0,1,1,1,0,1
haan_ghil_muulnaat_1780530665016.png,0,1,1,1,0,0
haan_ghil_muulnaat_1780530667693.png,0,0,1,1,1,1
haan_ghil_muulnaat_1780530670912.png,0,1,1,1,0,0
haan_ghil_muulnaat_1780530673518.png,0,0,0,1,0,1
haan_ghil_muulnaat_1780530676720.png,0,1,0,1,0,0
haan_ghil_muulnaat_1780530679833.png,0,1,1,1,0,0
haan_ghil_muulnaat_1780530682971.png,0,1,1,1,0,0
haan_ghil_muulnaat_1780530691112.png,0,1,1,1,1,0
haan_ghil_muulnaat_1780530699203.png,0,1,1,1,0,0
haan_ghil_muulnaat_1780530707228.png,1,0,1,1,0,0
haan_ghil_muulnaat_1780530715400.png,1,0,1,1,1,0
haan_ghil_muulnaat_1780530723647.png,1,0,1,1,0,0
haan_ghil_muulnaat_1780530733517.png,1,1,1,1,1,0
haan_ghil_muulnaat_1780530743517.png,0,1,1,1,1,0
haan_ghil_muulnaat_1780530751808.png,1,1,1,1,1,0
haan_ghil_muulnaat_1780530762212.png,0,1,1,1,0,0
haan_ghil_muulnaat_1780530770250.png,1,1,0,1,0,0
haan_ghil_muulnaat_1780530780701.png,1,1,1,1,1,0
haan_ghil_muulnaat_1780530790364.png,1,0,1,1,1,0
haan_ghil_muulnaat_1780530799699.png,1,1,1,1,0,0
haan_ghil_muulnaat_1780530809776.png,1,1,1,1,1,0
haan_ghil_muulnaat_1780530817875.png,1,0,0,0,0,0
haan_ghil_muulnaat_1780530826093.png,1,1,1,1,1,0
haan_ghil_muulnaat_1780530834269.png,1,0,1,1,1,0
haan_ghil_muulnaat_1780530844487.png,1,1,1,1,0,0
haan_ghil_muulnaat_1780530852708.png,1,0,1,0,0,0
haan_ghil_muulnaat_1780530860973.png,1,1,1,1,1,0
haan_ghil_muulnaat_1780530870276.png,1,1,1,1,0,0
haan_ghil_muulnaat_1780530878775.png,1,1,1,1,1,0
haan_ghil_muulnaat_1780530888167.png,0,1,1,1,1,0
haan_ghil_muulnaat_1780530896064.png,1,0,0,0,0,0
haan_ghil_muulnaat_1780530903962.png,1,0,0,1,0,0
haan_ghil_muulnaat_1780530914372.png,0,0,1,0,0,0
haan_ghil_muulnaat_1780530923220.png,1,0,0,1,0,0
haan_ghil_muulnaat_1780530933142.png,1,1,1,1,1,0
haan_ghil_muulnaat_1780530941193.png,1,1,1,1,1,1
haan_ghil_muulnaat_1780530950113.png,0,1,0,1,0,0
haan_ghil_muulnaat_1780530958364.png,0,1,1,1,1,0
haan_ghil_muulnaat_1780530968428.png,0,1,1,1,0,0
haan_ghil_muulnaat_1780530976428.png,1,1,1,1,1,0
haan_ghil_muulnaat_1780530985213.png,1,1,1,1,0,0
haan_ghil_muulnaat_1780530993485.png,0,1,1,1,0,0
haan_ghil_muulnaat_1780531001720.png,1,1,1,1,1,0
haan_ghil_muulnaat_1780531008912.png,1,0,1,1,1,0
haan_ghil_muulnaat_1780531018646.png,1,1,1,1,0,0
haan_ghil_muulnaat_1780531029012.png,1,0,1,1,0,0
haan_ghil_muulnaat_1780531039232.png,0,1,1,1,0,0
haan_ghil_muulnaat_1780531047360.png,1,0,1,0,0,0
haan_ghil_muulnaat_1780531056617.png,1,1,1,1,1,0
haan_ghil_muulnaat_1780531066695.png,0,1,1,1,0,0
haan_ghil_muulnaat_1780531074745.png,1,0,1,1,0,0
haan_ghil_muulnaat_1780531084883.png,1,1,1,1,1,0
haan_ghil_muulnaat_1780531094741.png,1,1,1,1,0,0
haan_ghil_muulnaat_1780531104779.png,1,1,1,1,1,1
haan_ghil_muulnaat_1780531114978.png,1,1,1,1,0,0
haan_ghil_muulnaat_1780531122818.png,0,1,1,1,0,0
haan_ghil_muulnaat_1780531130883.png,0,1,1,1,1,0
haan_ghil_muulnaat_1780531141271.png,1,1,1,1,0,0
haan_ghil_muulnaat_1780531150992.png,0,1,1,1,0,0
haan_ghil_muulnaat_1780531163256.png,0,1,1,1,1,0
haan_ghil_muulnaat_1780531171188.png,1,1,1,1,1,0
haan_ghil_muulnaat_1780531179509.png,1,1,1,1,1,1
haan_ghil_muulnaat_1780531189613.png,1,1,1,1,0,0
haan_ghil_muulnaat_1780531198261.png,1,1,1,1,0,0
haan_ghil_muulnaat_1780531207492.png,1,0,0,1,0,0
haan_ghil_muulnaat_1780531220417.png,1,1,1,1,1,0
haan_ghil_muulnaat_1780531230249.png,1,0,1,1,0,0
haan_ghil_muulnaat_1780531243032.png,1,1,1,1,0,0
haan_ghil_muulnaat_1780531253029.png,1,1,1,1,1,0
haan_ghil_muulnaat_1780531263867.png,1,1,1,1,1,0
haan_ghil_muulnaat_1780531272319.png,1,1,1,1,1,0
haan_ghil_muulnaat_1780531282958.png,1,1,1,1,1,0
haan_ghil_muulnaat_1780531293199.png,1,1,1,1,1,0
haan_ghil_muulnaat_1780531304293.png,1,0,1,1,1,0
haan_ghil_muulnaat_1780531315285.png,1,0,0,0,0,0
haan_ghil_muulnaat_1780531328060.png,1,1,1,1,0,0
haan_ghil_muulnaat_1780531339256.png,1,1,1,1,1,0
haan_ghil_muulnaat_1780531349683.png,0,1,1,1,0,0
haan_ghil_muulnaat_1780531362764.png,1,1,1,1,1,0
haan_ghil_muulnaat_1780531376664.png,1,1,1,1,1,0
haan_ghil_muulnaat_1780531391437.png,0,1,1,1,1,0
haan_ghil_muulnaat_1780531402390.png,1,1,1,1,1,0
haan_ghil_muulnaat_1780531415581.png,0,1,1,1,1,0
haan_ghil_muulnaat_1780531425582.png,1,1,1,1,0,0
haan_ghil_muulnaat_1780531436704.png,1,0,1,1,1,0
haan_ghil_muulnaat_1780531446633.png,0,1,1,1,1,0
haan_ghil_muulnaat_1780531456716.png,1,1,1,1,1,0
haan_ghil_muulnaat_1780531465047.png,1,1,1,1,0,0
haan_ghil_muulnaat_1780531475806.png,1,1,1,1,1,1
haan_ghil_muulnaat_1780531485780.png,1,1,1,1,1,0
haan_ghil_muulnaat_1780531495819.png,1,1,1,1,1,1
haan_ghil_muulnaat_1780531503309.png,1,1,1,1,1,0
haan_ghil_muulnaat_1780531516235.png,1,1,1,1,1,1
haan_ghil_muulnaat_1780531526418.png,1,0,1,0,0,0
haan_ghil_muulnaat_1780531539613.png,1,1,1,1,1,1
haan_ghil_muulnaat_1780531549082.png,1,1,1,1,0,0
haan_ghil_muulnaat_1780531562429.png,0,1,1,1,0,0
haan_ghil_muulnaat_1780531571887.png,1,1,1,1,1,0
haan_ghil_muulnaat_1780531585104.png,1,1,1,1,1,0
haan_ghil_muulnaat_1780531598243.png,1,1,1,1,1,0
haan_ghil_muulnaat_1780531605745.png,0,1,1,1,1,0
haan_ghil_muulnaat_1780531619146.png,1,1,1,1,1,0
haan_ghil_muulnaat_1780531629358.png,1,1,1,1,1,0
haan_ghil_muulnaat_1780531639933.png,0,1,0,1,1,0
haan_ghil_muulnaat_1780531652568.png,1,1,1,1,0,0
haan_ghil_muulnaat_1780531665601.png,1,1,1,1,0,0
haan_ghil_muulnaat_1780531676587.png,0,0,1,0,0,1
haan_ghil_muulnaat_1780531684546.png,1,1,1,1,1,0
haan_ghil_muulnaat_1780531694767.png,1,0,1,1,0,0
haan_ghil_muulnaat_1780531705263.png,1,0,1,1,1,0
haan_ghil_muulnaat_1780531713319.png,0,0,0,0,0,0
haan_ghil_muulnaat_1780531724831.png,0,0,1,0,0,0
haan_ghil_muulnaat_1780531733337.png,1,1,1,1,1,0
haan_ghil_muulnaat_1780531744715.png,1,1,1,1,0,0
haan_ghil_muulnaat_1780531752783.png,1,1,1,1,1,0
haan_ghil_muulnaat_1780531760964.png,1,1,1,1,1,0
haan_ghil_muulnaat_1780531768894.png,0,1,1,1,1,0
haan_ghil_muulnaat_1780531777056.png,1,1,1,1,1,0
haan_ghil_muulnaat_1780531787179.png,0,1,1,1,1,0
haan_ghil_muulnaat_1780531794970.png,1,1,1,1,0,0
haan_ghil_muulnaat_1780531803097.png,1,1,1,1,0,0
haan_ghil_muulnaat_1780531811463.png,1,0,1,1,0,0
haan_ghil_muulnaat_1780531819898.png,0,1,1,1,1,1
haan_ghil_muulnaat_1780531829863.png,1,1,1,1,1,0
haan_ghil_muulnaat_1780544106035.png,0,1,1,1,0,1
haan_ghil_muulnaat_1780544107123.png,0,1,0,1,0,1
haan_ghil_muulnaat_1780544107949.png,0,1,1,1,0,0
haan_ghil_muulnaat_1780544108763.png,0,1,1,1,0,1
haan_ghil_muulnaat_1780544109749.png,0,1,1,1,0,0
haan_ghil_muulnaat_1780544110707.png,0,1,1,1,0,1
haan_ghil_muulnaat_1780544111768.png,1,1,1,1,0,1
haan_ghil_muulnaat_1780544112786.png,1,1,1,1,0,1
haan_ghil_muulnaat_1780544113864.png,0,1,1,1,0,0
haan_ghil_muulnaat_1780544114882.png,0,1,1,1,0,1
haan_ghil_muulnaat_1780544115664.png,0,1,1,1,1,1
haan_ghil_muulnaat_1780544116515.png,0,1,1,1,0,1
haan_ghil_muulnaat_1780544117412.png,0,1,1,1,0,0
haan_ghil_muulnaat_1780544118237.png,0,1,1,1,0,1
haan_ghil_muulnaat_1780544119135.png,0,0,0,1,0,0
haan_ghil_muulnaat_1780544120004.png,0,1,1,0,0,1
haan_ghil_muulnaat_1780544123232.png,0,1,1,1,0,0
haan_ghil_muulnaat_1780544126551.png,0,1,1,1,0,0
haan_ghil_muulnaat_1780544129232.png,0,0,1,1,0,1
haan_ghil_muulnaat_1780544132463.png,0,1,1,1,0,1
haan_ghil_muulnaat_1780544135704.png,0,1,1,1,0,1
haan_ghil_muulnaat_1780544138295.png,0,1,0,1,0,1
haan_ghil_muulnaat_1780544140891.png,0,1,1,1,0,1
haan_ghil_muulnaat_1780544143501.png,0,1,1,1,0,1
haan_ghil_muulnaat_1780544146684.png,1,0,1,0,0,1
haan_ghil_muulnaat_1780544149148.png,0,1,1,1,0,1
haan_ghil_muulnaat_1780544152102.png,0,1,0,1,0,0
haan_ghil_muulnaat_1780544154707.png,1,1,1,1,0,1
haan_ghil_muulnaat_1780544157860.png,0,1,0,1,0,0
haan_ghil_muulnaat_1780544160424.png,0,1,1,1,0,0
haan_ghil_muulnaat_1780544163635.png,0,1,1,1,0,1
haan_ghil_muulnaat_1780544166203.png,0,1,1,1,0,1
haan_ghil_muulnaat_1780544169321.png,1,1,0,1,0,1
haan_ghil_muulnaat_1780544172387.png,1,1,1,1,0,0
haan_ghil_muulnaat_1780544174842.png,0,1,1,1,0,1
haan_ghil_muulnaat_1780544177343.png,1,0,1,1,0,1
haan_ghil_muulnaat_1780544179960.png,0,1,1,1,0,1
haan_ghil_muulnaat_1780544182566.png,0,1,1,1,0,0
haan_ghil_muulnaat_1780544185820.png,0,1,1,1,0,1
haan_ghil_muulnaat_1780544188399.png,1,1,0,1,1,0
haan_ghil_muulnaat_1780544191089.png,0,0,0,1,0,0
haan_ghil_muulnaat_1780544194394.png,0,1,1,1,0,0
haan_ghil_muulnaat_1780544197682.png,1,1,1,1,1,0
haan_ghil_muulnaat_1780544200957.png,0,1,1,1,0,0
haan_ghil_muulnaat_1780544203790.png,0,0,1,1,0,1
haan_ghil_muulnaat_1780544206566.png,0,1,1,1,0,1
haan_ghil_muulnaat_1780544209504.png,1,1,0,1,0,0
haan_ghil_muulnaat_1780544213019.png,0,0,0,1,0,0
haan_ghil_muulnaat_1780544216495.png,0,1,1,1,0,1
haan_ghil_muulnaat_1780544219868.png,0,1,1,1,0,0
haan_ghil_muulnaat_1780544222615.png,0,0,0,0,0,0
haan_ghil_muulnaat_1780544225243.png,1,1,1,1,1,0
haan_ghil_muulnaat_1780544228303.png,0,1,1,1,0,0
haan_ghil_muulnaat_1780544231585.png,0,1,1,1,0,0
haan_ghil_muulnaat_1780544234056.png,1,1,1,1,1,1
haan_ghil_muulnaat_1780544236699.png,1,1,1,1,0,1
haan_ghil_muulnaat_1780544239344.png,0,1,1,1,0,0
haan_ghil_muulnaat_1780544242035.png,0,1,1,1,0,1
haan_ghil_muulnaat_1780544245279.png,0,1,1,1,0,1
haan_ghil_muulnaat_1780544247981.png,0,1,1,1,0,1
haan_ghil_muulnaat_1780544251329.png,0,1,1,1,0,0
haan_ghil_muulnaat_1780544254706.png,0,1,1,1,0,0
haan_ghil_muulnaat_1780544258292.png,0,1,1,1,0,0
haan_ghil_muulnaat_1780544261945.png,0,1,1,1,0,1
haan_ghil_muulnaat_1780544266043.png,0,0,1,1,0,1
haan_ghil_muulnaat_1780544268844.png,0,1,1,1,0,0
haan_ghil_muulnaat_1780544271712.png,0,1,1,1,0,1
haan_ghil_muulnaat_1780544275472.png,0,1,1,1,0,0
haan_ghil_muulnaat_1780544279186.png,0,1,1,1,1,1
haan_ghil_muulnaat_1780544283019.png,0,1,1,1,0,1
haan_ghil_muulnaat_1780544287865.png,0,1,1,1,0,0
haan_ghil_muulnaat_1780544292400.png,0,1,1,1,0,1
haan_ghil_muulnaat_1780544297140.png,0,1,1,1,0,0
haan_ghil_muulnaat_1780544300994.png,0,1,1,1,0,0
haan_ghil_muulnaat_1780544304073.png,0,1,1,1,0,1
haan_ghil_muulnaat_1780544307940.png,0,1,1,1,0,0
haan_ghil_muulnaat_1780544311760.png,0,1,1,1,0,0
haan_ghil_muulnaat_1780544315423.png,1,1,1,1,0,0
haan_ghil_muulnaat_1780544318388.png,0,0,1,1,0,0
haan_ghil_muulnaat_1780544321753.png,0,1,1,1,1,0
haan_ghil_muulnaat_1780544324804.png,1,1,1,1,0,0
haan_ghil_muulnaat_1780544328517.png,0,1,1,1,0,0
haan_ghil_muulnaat_1780544332073.png,1,1,1,1,0,0
haan_ghil_muulnaat_1780544334924.png,1,1,1,1,0,0
haan_ghil_muulnaat_1780544337977.png,1,1,0,1,0,1
haan_ghil_muulnaat_1780544341471.png,0,1,1,1,0,0
haan_ghil_muulnaat_1780544344942.png,0,1,1,1,1,0
haan_ghil_muulnaat_1780544348374.png,0,1,1,1,1,1
haan_ghil_muulnaat_1780544351169.png,0,1,1,1,0,1
haan_ghil_muulnaat_1780544354821.png,0,0,0,0,0,0
haan_ghil_muulnaat_1780544358403.png,1,0,0,0,0,1
haan_ghil_muulnaat_1780544361342.png,0,1,1,1,1,1
haan_ghil_muulnaat_1780544364274.png,0,1,0,1,0,0
haan_ghil_muulnaat_1780544367091.png,0,1,1,1,0,1
haan_ghil_muulnaat_1780544370463.png,1,1,1,1,1,0
haan_ghil_muulnaat_1780544373335.png,1,0,0,0,0,1
haan_ghil_muulnaat_1780544376254.png,1,1,1,1,0,0
haan_ghil_muulnaat_1780544379522.png,0,1,1,1,0,1
haan_ghil_muulnaat_1780544383065.png,1,1,1,1,1,1
haan_ghil_muulnaat_1780544386530.png,1,1,0,1,0,0
haan_ghil_muulnaat_1780544456404.png,0,1,1,1,0,1
haan_ghil_muulnaat_1780544459180.png,0,1,1,1,0,0
haan_ghil_muulnaat_1780544462067.png,1,1,1,1,1,1
haan_ghil_muulnaat_1780544465469.png,1,1,1,1,0,1
haan_ghil_muulnaat_1780544468263.png,0,1,1,1,1,1
haan_ghil_muulnaat_1780544471823.png,0,1,1,1,0,1
haan_ghil_muulnaat_1780544474491.png,1,0,1,1,1,1
haan_ghil_muulnaat_1780544477967.png,0,1,1,1,0,1
haan_ghil_muulnaat_1780544481663.png,0,1,1,1,0,1
haan_ghil_muulnaat_1780544484636.png,0,1,1,1,1,0
haan_ghil_muulnaat_1780544488133.png,1,1,1,1,0,0
haan_ghil_muulnaat_1780544491830.png,0,1,1,1,0,0
haan_ghil_muulnaat_1780544495451.png,0,1,1,1,0,0
haan_ghil_muulnaat_1780544498370.png,0,0,0,1,0,0
haan_ghil_muulnaat_1780544501319.png,0,1,1,1,0,1
haan_ghil_muulnaat_1780544504913.png,0,1,1,1,0,1
haan_ghil_muulnaat_1780544507797.png,0,1,1,1,0,0
haan_ghil_muulnaat_1780544511140.png,0,1,1,1,0,1
haan_ghil_muulnaat_1780544513908.png,0,1,1,1,0,1
haan_ghil_muulnaat_1780544516840.png,0,1,1,1,0,1
haan_ghil_muulnaat_1780544520339.png,0,1,1,1,0,0
haan_ghil_muulnaat_1780544523119.png,0,0,0,0,0,0
haan_ghil_muulnaat_1780544525893.png,0,1,1,1,0,0
haan_ghil_muulnaat_1780544529319.png,0,1,1,1,0,0
haan_ghil_muulnaat_1780544532116.png,0,1,1,1,0,0
haan_ghil_muulnaat_1780544534944.png,0,1,1,1,0,0
haan_ghil_muulnaat_1780544538272.png,0,1,1,1,0,1
haan_ghil_muulnaat_1780544540988.png,0,1,1,1,0,0
haan_ghil_muulnaat_1780544544404.png,0,0,0,1,0,0
haan_ghil_muulnaat_1780544547839.png,0,0,0,1,0,0
haan_ghil_muulnaat_1780544551219.png,0,1,1,1,1,0
haan_ghil_muulnaat_1780544554063.png,0,1,1,1,1,0
haan_ghil_muulnaat_1780544556843.png,0,1,1,1,0,0
haan_ghil_muulnaat_1780544559498.png,0,1,1,1,0,0
haan_ghil_muulnaat_1780544562194.png,1,0,1,1,1,1
haan_ghil_muulnaat_1780544565548.png,0,1,1,1,0,0
haan_ghil_muulnaat_1780544568927.png,0,1,1,1,0,0
haan_ghil_muulnaat_1780544572334.png,0,1,1,1,1,0
haan_ghil_muulnaat_1780544575160.png,0,1,1,1,0,1
haan_ghil_muulnaat_1780544578566.png,0,1,1,1,1,1
haan_ghil_muulnaat_1780544582042.png,0,1,1,1,0,0
haan_ghil_muulnaat_1780544585408.png,0,0,0,0,0,0
haan_ghil_muulnaat_1780544588233.png,0,1,1,1,0,1
haan_ghil_muulnaat_1780544591470.png,0,1,1,1,0,0
haan_ghil_muulnaat_1780544594185.png,0,1,1,1,0,1
haan_ghil_muulnaat_1780544597717.png,0,0,0,1,0,0
haan_ghil_muulnaat_1780544600411.png,0,1,1,1,0,0
haan_ghil_muulnaat_1780544603755.png,0,1,1,1,0,1
haan_ghil_muulnaat_1780544606587.png,0,1,1,1,0,0
haan_ghil_muulnaat_1780544609350.png,0,1,1,1,0,1
haan_ghil_muulnaat_1780544612202.png,0,1,0,1,0,0
haan_ghil_muulnaat_1780544615704.png,0,1,1,1,0,0
haan_ghil_muulnaat_1780544619109.png,0,1,1,1,0,0
haan_ghil_muulnaat_1780544621817.png,0,0,0,0,0,1
haan_ghil_muulnaat_1780544624530.png,1,1,1,1,1,0
haan_ghil_muulnaat_1780544627943.png,0,1,1,1,0,0
haan_ghil_muulnaat_1780544630456.png,0,1,1,1,0,0
haan_ghil_muulnaat_1780544633831.png,0,1,1,1,0,0
haan_ghil_muulnaat_1780544637122.png,0,1,0,1,0,0
haan_ghil_muulnaat_1780544640643.png,0,1,1,1,0,0
haan_ghil_muulnaat_1780544643850.png,0,1,1,1,0,1
haan_ghil_muulnaat_1780544646632.png,0,1,1,1,0,1
haan_ghil_muulnaat_1780544649440.png,0,0,1,0,0,1
haan_ghil_muulnaat_1780544652148.png,0,1,1,1,0,0
haan_ghil_muulnaat_1780544655562.png,0,1,1,1,1,1
haan_ghil_muulnaat_1780544658284.png,0,1,1,1,0,0
haan_ghil_muulnaat_1780544661797.png,0,1,0,1,0,0
haan_ghil_muulnaat_1780544664584.png,0,1,1,1,0,0
haan_ghil_muulnaat_1780544668028.png,0,1,1,1,0,1
haan_ghil_muulnaat_1780544670751.png,0,1,1,1,0,0
haan_ghil_muulnaat_1780544673500.png,0,1,1,1,0,0
haan_ghil_muulnaat_1780544676883.png,0,1,1,1,0,1
haan_ghil_muulnaat_1780544680240.png,0,1,1,1,0,0
haan_ghil_muulnaat_1780544682976.png,1,1,1,1,1,1
haan_ghil_muulnaat_1780544686323.png,0,0,1,0,0,1
haan_ghil_muulnaat_1780544690288.png,0,1,1,1,0,0
haan_ghil_muulnaat_1780544693752.png,0,1,1,1,0,1
haan_ghil_muulnaat_1780544697242.png,0,1,1,1,1,1
haan_ghil_muulnaat_1780544700121.png,0,1,1,1,0,1
haan_ghil_muulnaat_1780544702804.png,0,1,0,1,0,0
haan_ghil_muulnaat_1780544706159.png,0,1,1,1,0,1
haan_ghil_muulnaat_1780544709023.png,0,0,1,1,0,1
haan_ghil_muulnaat_1780544711738.png,0,1,1,1,0,1
haan_ghil_muulnaat_1780544714546.png,0,1,1,1,0,1
haan_ghil_muulnaat_1780544717336.png,0,1,1,1,1,1
haan_ghil_muulnaat_1780544720832.png,0,0,1,1,0,1
haan_ghil_muulnaat_1780544724297.png,0,1,1,1,1,1
haan_ghil_muulnaat_1780544727144.png,0,1,1,1,0,1
haan_ghil_muulnaat_1780544729905.png,0,0,0,1,0,0
haan_ghil_muulnaat_1780544732583.png,0,1,1,1,0,0
haan_ghil_muulnaat_1780544735284.png,0,1,1,1,0,1
haan_ghil_muulnaat_1780544738643.png,0,1,1,0,0,1
haan_ghil_muulnaat_1780544741377.png,1,1,1,1,0,1
haan_ghil_muulnaat_1780544744661.png,1,1,0,0,0,1
haan_ghil_muulnaat_1780544747445.png,0,1,1,1,0,1
haan_ghil_muulnaat_1780544750937.png,0,1,1,1,0,0
haan_ghil_muulnaat_1780544753797.png,0,1,1,1,0,0
haan_ghil_muulnaat_1780544756472.png,0,1,0,1,0,0
haan_ghil_muulnaat_1780544759279.png,0,0,0,0,0,0
haan_ghil_muulnaat_1780544829350.png,0,1,1,1,0,0
haan_ghil_muulnaat_1780544832541.png,0,1,1,1,0,1
haan_ghil_muulnaat_1780544835920.png,0,1,1,0,0,0
haan_ghil_muulnaat_1780544838588.png,0,1,1,1,0,0
haan_ghil_muulnaat_1780544841399.png,0,0,0,1,0,0
haan_ghil_muulnaat_1780544844253.png,0,1,1,1,0,0
haan_ghil_muulnaat_1780544847699.png,0,1,0,1,1,1
haan_ghil_muulnaat_1780544851190.png,0,1,1,1,0,0
haan_ghil_muulnaat_1780544854524.png,1,1,1,1,0,0
haan_ghil_muulnaat_1780544857386.png,0,1,1,1,0,0
haan_ghil_muulnaat_1780544860228.png,0,1,1,1,0,1
haan_ghil_muulnaat_1780544863110.png,0,1,1,1,0,1
haan_ghil_muulnaat_1780544866533.png,0,1,1,1,0,1
haan_ghil_muulnaat_1780544869995.png,0,1,1,1,0,1
haan_ghil_muulnaat_1780544872733.png,0,1,0,1,0,0
haan_ghil_muulnaat_1780544876145.png,0,1,1,1,0,0
haan_ghil_muulnaat_1780544878654.png,0,1,1,1,1,1
haan_ghil_muulnaat_1780544881303.png,0,1,1,1,0,1
haan_ghil_muulnaat_1780544883847.png,0,1,1,1,0,0
haan_ghil_muulnaat_1780544886384.png,0,1,1,1,0,1
haan_ghil_muulnaat_1780544953143.png,0,1,1,1,0,1
haan_ghil_muulnaat_1780544956470.png,0,1,1,1,1,1
haan_ghil_muulnaat_1780544959320.png,0,1,1,1,0,1
haan_ghil_muulnaat_1780544962200.png,0,1,1,0,1,0
haan_ghil_muulnaat_1780544965812.png,0,0,1,0,0,0
haan_ghil_muulnaat_1780544969330.png,0,1,0,1,0,1
haan_ghil_muulnaat_1780544972251.png,0,1,1,1,0,0
haan_ghil_muulnaat_1780544975164.png,0,1,1,1,0,0
haan_ghil_muulnaat_1780544978041.png,0,1,1,1,1,1
haan_ghil_muulnaat_1780544981600.png,0,1,1,1,0,1
haan_ghil_muulnaat_1780544985206.png,0,1,1,1,0,1
haan_ghil_muulnaat_1780544988626.png,0,1,1,1,1,1
haan_ghil_muulnaat_1780544991362.png,0,1,1,1,0,1
haan_ghil_muulnaat_1780544994153.png,0,1,1,1,0,1
haan_ghil_muulnaat_1780544997577.png,0,1,1,0,0,0
haan_ghil_muulnaat_1780545000845.png,0,1,1,1,0,0
haan_ghil_muulnaat_1780545004004.png,0,1,0,1,0,1
haan_ghil_muulnaat_1780545006667.png,0,0,1,0,0,0
haan_ghil_muulnaat_1780545009845.png,0,1,1,1,0,1
haan_ghil_muulnaat_1780545012664.png,0,1,1,1,0,0
haan_ghil_muulnaat_1780545037141.png,0,1,1,1,1,1
haan_ghil_muulnaat_1780545040592.png,0,0,0,1,0,0
haan_ghil_muulnaat_1780545043561.png,0,1,1,1,0,0
haan_ghil_muulnaat_1780545046605.png,0,1,1,1,1,1
haan_ghil_muulnaat_1780545049950.png,0,1,1,1,1,1
haan_ghil_muulnaat_1780545052686.png,0,1,1,1,0,1
haan_ghil_muulnaat_1780545055675.png,0,1,0,1,0,0
haan_ghil_muulnaat_1780545058506.png,0,1,1,1,0,0
haan_ghil_muulnaat_1780545061398.png,0,1,1,1,0,1
haan_ghil_muulnaat_1780545064989.png,0,1,1,1,0,0
haan_ghil_muulnaat_1780545067999.png,0,1,1,1,0,0
haan_ghil_muulnaat_1780545071657.png,0,1,1,1,0,0
haan_ghil_muulnaat_1780545074581.png,0,1,1,1,0,1
haan_ghil_muulnaat_1780545077513.png,0,1,1,1,0,1
haan_ghil_muulnaat_1780545080980.png,0,1,1,1,0,0
haan_ghil_muulnaat_1780545084433.png,0,1,1,1,0,0
haan_ghil_muulnaat_1780545117748.png,0,1,1,1,0,1
haan_ghil_muulnaat_1780545120287.png,0,1,1,1,0,0
haan_ghil_muulnaat_1780545122989.png,0,1,0,1,0,1
haan_ghil_muulnaat_1780545125755.png,0,1,1,0,0,0
haan_ghil_muulnaat_1780545129105.png,0,1,1,1,0,0
haan_ghil_muulnaat_1780545132586.png,1,1,1,1,0,0
haan_ghil_muulnaat_1780545136002.png,0,1,1,1,1,1
haan_ghil_muulnaat_1780545139153.png,0,1,1,1,1,0
haan_ghil_muulnaat_1780545141821.png,0,1,1,1,0,0
haan_ghil_muulnaat_1780545145129.png,0,1,1,1,0,1
haan_ghil_muulnaat_1780545148418.png,1,1,1,1,1,1
haan_ghil_muulnaat_1780545151639.png,0,1,1,1,1,1
haan_ghil_muulnaat_1780545154821.png,0,1,1,1,0,1
haan_ghil_muulnaat_1780545157344.png,0,1,1,1,0,1
haan_ghil_muulnaat_1780545160075.png,1,1,1,1,0,0
haan_ghil_muulnaat_1780545162741.png,0,1,1,1,1,1
haan_ghil_muulnaat_1780545177314.png,0,1,1,1,0,1
haan_ghil_muulnaat_1780545180181.png,0,1,1,1,1,1
haan_ghil_muulnaat_1780545183351.png,0,1,1,1,0,0
haan_ghil_muulnaat_1780545186352.png,0,1,1,1,0,1
haan_ghil_muulnaat_1780545189561.png,0,1,1,1,0,0
haan_ghil_muulnaat_1780545193087.png,0,1,1,1,0,1
haan_ghil_muulnaat_1780545196661.png,0,1,1,1,0,0
haan_ghil_muulnaat_1780545199491.png,0,1,1,1,0,1
haan_ghil_muulnaat_1780545202115.png,0,1,1,1,0,1
haan_ghil_muulnaat_1780545205826.png,0,1,1,1,0,0
haan_ghil_muulnaat_1780545209314.png,0,1,1,1,0,0
haan_ghil_muulnaat_1780545212370.png,0,0,1,1,0,1
haan_ghil_muulnaat_1780545215332.png,0,1,1,1,0,1
haan_ghil_muulnaat_1780545219047.png,0,1,1,1,1,1
haan_ghil_muulnaat_1780545222932.png,0,1,1,1,0,1
haan_ghil_muulnaat_1780545226522.png,1,1,1,1,0,0
haan_ghil_muulnaat_1780545365010.png,0,1,0,1,0,0
haan_ghil_muulnaat_1780545368343.png,0,1,1,1,1,1
haan_ghil_muulnaat_1780545371070.png,0,1,1,1,0,1
haan_ghil_muulnaat_1780545374508.png,0,1,1,1,0,1
haan_ghil_muulnaat_1780545377933.png,0,1,1,1,0,0
haan_ghil_muulnaat_1780545381330.png,0,1,1,1,1,1
haan_ghil_muulnaat_1780545384540.png,0,1,1,1,0,1
haan_ghil_muulnaat_1780545387948.png,0,1,1,1,0,0
haan_ghil_muulnaat_1780545391455.png,1,1,1,1,1,0
haan_ghil_muulnaat_1780545394876.png,0,1,1,1,0,1
haan_ghil_muulnaat_1780545397651.png,0,1,1,1,0,1
haan_ghil_muulnaat_1780545400478.png,0,1,1,1,0,0
haan_ghil_muulnaat_1780545403810.png,1,1,1,1,0,1
haan_ghil_muulnaat_1780545407136.png,0,0,0,0,0,0
haan_ghil_muulnaat_1780545409699.png,0,1,1,1,0,0
haan_ghil_muulnaat_1780545412886.png,1,1,1,1,0,1
haan_ghil_muulnaat_1780545472342.png,0,1,1,1,0,1
haan_ghil_muulnaat_1780545475514.png,1,1,1,1,0,0
haan_ghil_muulnaat_1780545478108.png,1,1,1,1,0,0
haan_ghil_muulnaat_1780545480920.png,0,0,0,1,0,0
haan_ghil_muulnaat_1780545484292.png,1,1,1,1,0,1
haan_ghil_muulnaat_1780545487597.png,0,1,1,1,0,0
haan_ghil_muulnaat_1780545490873.png,1,1,0,1,0,0
haan_ghil_muulnaat_1780545493489.png,0,1,1,1,0,0
haan_ghil_muulnaat_1780545496643.png,0,1,1,1,0,1
haan_ghil_muulnaat_1780545499056.png,0,1,1,1,1,1
haan_ghil_muulnaat_1780545502252.png,0,1,1,1,0,0
haan_ghil_muulnaat_1780545505442.png,0,1,1,1,0,1
haan_ghil_muulnaat_1780545508537.png,0,1,1,1,0,1
haan_ghil_muulnaat_1780545511727.png,0,1,1,1,0,0
haan_ghil_muulnaat_1780545515524.png,0,1,1,1,0,1
haan_ghil_muulnaat_1780545533569.png,0,1,0,1,0,0
haan_ghil_muulnaat_1780545536840.png,1,1,1,1,0,0
haan_ghil_muulnaat_1780545540115.png,0,1,1,1,0,0
haan_ghil_muulnaat_1780545543593.png,0,1,0,1,0,0
haan_ghil_muulnaat_1780545546988.png,0,1,1,0,0,0
haan_ghil_muulnaat_1780545550179.png,0,0,0,0,0,0
haan_ghil_muulnaat_1780545553344.png,1,1,1,1,0,0
haan_ghil_muulnaat_1780545556493.png,0,1,1,1,0,1
haan_ghil_muulnaat_1780545559165.png,0,0,1,1,0,1
haan_ghil_muulnaat_1780545562439.png,0,1,0,1,0,1
haan_ghil_muulnaat_1780545565514.png,0,1,0,1,0,0
haan_ghil_muulnaat_1780545568744.png,0,1,0,1,0,1
haan_ghil_muulnaat_1780545571283.png,1,1,1,1,1,0
haan_ghil_muulnaat_1780545574275.png,0,1,1,1,0,0
haan_ghil_muulnaat_1780545577445.png,0,1,1,1,0,0
haan_ghil_muulnaat_1780545580116.png,0,1,0,1,0,0
haan_ghil_muulnaat_1780545633748.png,0,1,1,1,0,0
haan_ghil_muulnaat_1780545636594.png,0,1,1,1,0,0
haan_ghil_muulnaat_1780545639699.png,0,1,1,1,0,0
haan_ghil_muulnaat_1780545642480.png,0,1,1,1,0,0
haan_ghil_muulnaat_1780545645276.png,0,1,1,1,0,0
haan_ghil_muulnaat_1780545648677.png,0,1,1,1,0,0
haan_ghil_muulnaat_1780545652145.png,1,1,1,1,0,1
haan_ghil_muulnaat_1780545655099.png,0,1,1,1,0,1
haan_ghil_muulnaat_1780545658715.png,0,1,1,1,1,1
haan_ghil_muulnaat_1780545662392.png,0,1,1,1,0,0
haan_ghil_muulnaat_1780545665377.png,0,1,1,1,0,0
haan_ghil_muulnaat_1780545668773.png,0,0,1,0,1,1
haan_ghil_muulnaat_1780545671678.png,0,0,0,1,0,0
haan_ghil_muulnaat_1780545674672.png,0,0,0,0,0,0
haan_ghil_muulnaat_1780545677554.png,0,1,1,1,0,0
haan_ghil_muulnaat_1780545680452.png,0,1,1,0,0,1
haan_ghil_muulnaat_1780545683356.png,0,1,1,1,1,1
haan_ghil_muulnaat_1780545686888.png,0,1,1,1,0,0
haan_ghil_muulnaat_1780545689674.png,0,1,1,1,0,1
haan_ghil_muulnaat_1780545692599.png,0,1,1,1,1,1
haan_ghil_muulnaat_1780545695505.png,0,0,1,1,1,1
haan_ghil_muulnaat_1780545699204.png,0,1,1,0,1,1
haan_ghil_muulnaat_1780545702820.png,0,0,0,0,0,0
haan_ghil_muulnaat_1780545707201.png,0,1,1,1,1,1
haan_ghil_muulnaat_1780545710132.png,0,1,1,1,0,1
haan_ghil_muulnaat_1780545713867.png,1,1,1,1,0,0
haan_ghil_muulnaat_1780545717327.png,0,1,1,1,0,0
haan_ghil_muulnaat_1780545720285.png,0,0,0,0,0,0
haan_ghil_muulnaat_1780545723167.png,0,0,0,0,0,0
haan_ghil_muulnaat_1780545726096.png,1,1,1,1,1,1
haan_ghil_muulnaat_1780545728664.png,0,1,1,1,0,1
haan_ghil_muulnaat_1780545732014.png,0,1,1,1,0,0
haan_ghil_muulnaat_1780545735756.png,0,1,1,1,1,1
haan_ghil_muulnaat_1780545738940.png,0,1,1,1,0,0
haan_ghil_muulnaat_1780545741878.png,0,1,1,1,1,0
haan_ghil_muulnaat_1780545744669.png,1,1,1,1,0,1
haan_ghil_muulnaat_1780545747663.png,0,1,0,1,0,0
haan_ghil_muulnaat_1780545750628.png,0,1,0,1,0,0
haan_ghil_muulnaat_1780545753534.png,0,1,1,1,0,1
haan_ghil_muulnaat_1780545757020.png,0,1,1,1,1,1
haan_ghil_muulnaat_1780545760632.png,0,1,1,1,1,1
haan_ghil_muulnaat_1780545764176.png,0,1,1,1,0,0
haan_ghil_muulnaat_1780545767233.png,1,1,1,1,1,1
haan_ghil_muulnaat_1780545770805.png,0,1,1,1,0,0
haan_ghil_muulnaat_1780545774317.png,1,1,1,1,0,0
haan_ghil_muulnaat_1780545777154.png,0,1,1,1,0,1
haan_ghil_muulnaat_1780545780528.png,1,1,0,1,0,1
haan_ghil_muulnaat_1780545784153.png,0,1,1,1,0,0
haan_ghil_muulnaat_1780545787584.png,0,1,1,1,0,0
haan_ghil_muulnaat_1780545790875.png,1,1,1,1,0,0
haan_ghil_muulnaat_1780545793701.png,0,1,0,1,0,1
haan_ghil_muulnaat_1780545796398.png,0,0,0,0,0,0
haan_ghil_muulnaat_1780545799161.png,0,1,0,1,0,0
haan_ghil_muulnaat_1780545802626.png,0,1,1,1,0,1
haan_ghil_muulnaat_1780545806031.png,1,1,1,1,1,0
haan_ghil_muulnaat_1780545808862.png,0,1,1,1,0,1
haan_ghil_muulnaat_1780545811641.png,1,1,1,1,1,0
haan_ghil_muulnaat_1780545815031.png,0,1,1,1,0,1
haan_ghil_muulnaat_1780545818375.png,0,0,0,1,0,1
haan_ghil_muulnaat_1780545821832.png,0,1,1,1,0,1
haan_ghil_muulnaat_1780545825275.png,0,1,1,1,0,0
haan_ghil_muulnaat_1780545828576.png,0,1,1,1,1,0
haan_ghil_muulnaat_1780545831311.png,0,1,1,1,0,0
haan_ghil_muulnaat_1780545834133.png,0,1,1,1,0,0
haan_ghil_muulnaat_1780545836904.png,0,1,1,1,0,0
haan_ghil_muulnaat_1780545840369.png,0,1,1,0,0,0
haan_ghil_muulnaat_1780545843968.png,0,1,1,0,0,1
haan_ghil_muulnaat_1780545846880.png,0,0,0,0,0,0
haan_ghil_muulnaat_1780545850201.png,0,1,1,1,1,1
haan_ghil_muulnaat_1780545853027.png,0,1,1,1,0,0
haan_ghil_muulnaat_1780545855915.png,0,1,1,1,0,0
haan_ghil_muulnaat_1780545858856.png,0,1,1,1,0,1
haan_ghil_muulnaat_1780545861683.png,0,1,1,1,0,0
haan_ghil_muulnaat_1780545865156.png,0,1,1,1,0,0
haan_ghil_muulnaat_1780545868570.png,0,1,1,0,0,0
haan_ghil_muulnaat_1780545871856.png,0,1,1,1,0,0
haan_ghil_muulnaat_1780545875336.png,0,1,1,1,1,0
haan_ghil_muulnaat_1780545877961.png,0,1,1,1,0,0
haan_ghil_muulnaat_1780545881338.png,1,1,1,1,0,0
haan_ghil_muulnaat_1780545884909.png,0,0,1,0,1,1
haan_ghil_muulnaat_1780545887569.png,1,0,0,1,0,0
haan_ghil_muulnaat_1780545890356.png,1,0,1,0,0,1
haan_ghil_muulnaat_1780545893239.png,0,1,1,1,0,1
haan_ghil_muulnaat_1780545896554.png,0,1,0,1,0,0
haan_ghil_muulnaat_1780545899948.png,1,0,0,0,0,0
haan_ghil_muulnaat_1780545903458.png,0,1,1,1,1,0
haan_ghil_muulnaat_1780545906974.png,0,0,0,0,0,1
haan_ghil_muulnaat_1780545910397.png,0,1,1,1,0,1
haan_ghil_muulnaat_1780545913995.png,0,1,1,1,0,0
haan_ghil_muulnaat_1780545916772.png,0,1,1,1,0,1
haan_ghil_muulnaat_1780566600172.png,0,1,1,0,0,0
haan_ghil_muulnaat_1780566600691.png,0,1,1,1,0,1
haan_ghil_muulnaat_1780566601159.png,0,1,1,1,1,1
haan_ghil_muulnaat_1780566601876.png,0,0,0,0,0,0
haan_ghil_muulnaat_1780566602357.png,0,1,1,1,0,0
haan_ghil_muulnaat_1780566603058.png,0,1,1,1,0,1
haan_ghil_muulnaat_1780566603679.png,1,1,1,0,0,1
haan_ghil_muulnaat_1780566604320.png,0,0,0,1,0,0
haan_ghil_muulnaat_1780566604806.png,0,1,1,1,1,1
haan_ghil_muulnaat_1780566605497.png,0,0,0,1,0,0
haan_ghil_muulnaat_1780566606167.png,0,1,1,1,0,0
haan_ghil_muulnaat_1780566606652.png,0,1,1,1,0,0
haan_ghil_muulnaat_1780566607172.png,1,1,1,1,1,1
haan_ghil_muulnaat_1780566607842.png,0,1,1,1,0,1
haan_ghil_muulnaat_1780566608289.png,0,1,1,1,1,1
haan_ghil_muulnaat_1780566608736.png,0,1,1,1,0,0
haan_ghil_muulnaat_1780566609232.png,1,1,1,1,1,1
haan_ghil_muulnaat_1780566609745.png,0,1,1,1,0,0
haan_ghil_muulnaat_1780566610255.png,1,1,1,1,0,0
haan_ghil_muulnaat_1780566610908.png,0,1,1,1,0,0
haan_ghil_muulnaat_1780566611442.png,1,1,1,1,1,1
haan_ghil_muulnaat_1780566611950.png,0,1,0,1,0,1
haan_ghil_muulnaat_1780566612439.png,1,1,1,1,0,1
haan_ghil_muulnaat_1780566612933.png,0,1,1,1,0,1
haan_ghil_muulnaat_1780566613465.png,0,1,1,1,0,0
haan_ghil_muulnaat_1780566613912.png,0,1,1,1,1,1
haan_ghil_muulnaat_1780566614551.png,0,1,1,1,1,1
haan_ghil_muulnaat_1780566615213.png,0,1,1,1,0,1
haan_ghil_muulnaat_1780566615689.png,0,1,1,1,0,0
haan_ghil_muulnaat_1780566616151.png,0,1,1,1,0,0
haan_ghil_muulnaat_1780566616638.png,0,1,1,1,0,0
haan_ghil_muulnaat_1780566617148.png,0,0,1,0,0,1
haan_ghil_muulnaat_1780566617774.png,0,1,0,1,0,0
haan_ghil_muulnaat_1780566618259.png,0,1,1,1,0,1
haan_ghil_muulnaat_1780566618770.png,0,1,1,1,0,1
haan_ghil_muulnaat_1780566619293.png,0,0,1,1,1,0
haan_ghil_muulnaat_1780566619775.png,0,1,1,1,0,1
haan_ghil_muulnaat_1780566620356.png,0,1,1,1,0,0
haan_ghil_muulnaat_1780566620965.png,0,1,1,1,0,0
haan_ghil_muulnaat_1780566621674.png,0,1,1,1,0,0
haan_ghil_muulnaat_1780566622173.png,0,1,1,1,0,0
haan_ghil_muulnaat_1780566622874.png,0,1,0,1,0,0
haan_ghil_muulnaat_1780566623379.png,0,1,1,1,0,1
haan_ghil_muulnaat_1780566624042.png,0,1,0,1,0,0
haan_ghil_muulnaat_1780566624530.png,0,0,0,0,0,1
haan_ghil_muulnaat_1780566625046.png,1,1,1,1,1,0
haan_ghil_muulnaat_1780566625726.png,0,0,1,0,0,0
haan_ghil_muulnaat_1780566626451.png,0,1,1,1,0,1
haan_ghil_muulnaat_1780566626953.png,0,1,1,1,0,1
haan_ghil_muulnaat_1780566627463.png,0,1,1,1,1,0
haan_ghil_muulnaat_1780566628181.png,0,1,1,0,0,1
haan_ghil_muulnaat_1780566628643.png,0,1,1,1,1,1
haan_ghil_muulnaat_1780566629299.png,0,0,0,1,0,0
haan_ghil_muulnaat_1780566629859.png,0,1,1,1,0,1
haan_ghil_muulnaat_1780566630335.png,1,1,1,1,0,1
haan_ghil_muulnaat_1780566630830.png,0,1,1,1,0,1
haan_ghil_muulnaat_1780566631344.png,0,0,1,1,0,1
haan_ghil_muulnaat_1780566631875.png,1,1,1,1,0,1
haan_ghil_muulnaat_1780566632411.png,1,1,1,1,0,0
haan_ghil_muulnaat_1780566632936.png,1,1,1,1,0,0
haan_ghil_muulnaat_1780566633432.png,1,1,1,1,0,0
haan_ghil_muulnaat_1780566634115.png,0,1,0,1,0,0
haan_ghil_muulnaat_1780566634618.png,0,1,1,1,0,1
haan_ghil_muulnaat_1780566635093.png,1,1,1,0,1,0
haan_ghil_muulnaat_1780566635595.png,0,1,1,1,0,0
haan_ghil_muulnaat_1780566636075.png,0,1,0,1,1,1
haan_ghil_muulnaat_1780566636590.png,0,1,1,1,0,0
haan_ghil_muulnaat_1780566637241.png,0,1,1,1,0,1
haan_ghil_muulnaat_1780566637909.png,0,1,0,1,0,1
haan_ghil_muulnaat_1780566638335.png,0,0,1,0,0,0
haan_ghil_muulnaat_1780566638987.png,0,0,0,1,0,0
haan_ghil_muulnaat_1780566639463.png,0,1,1,1,0,1
haan_ghil_muulnaat_1780566639924.png,0,1,1,1,0,1
haan_ghil_muulnaat_1780566640420.png,0,0,1,0,0,0
haan_ghil_muulnaat_1780566640916.png,0,1,1,1,0,1
haan_ghil_muulnaat_1780566641577.png,0,0,1,0,0,0
haan_ghil_muulnaat_1780566642212.png,0,1,0,1,1,1
haan_ghil_muulnaat_1780566642860.png,0,1,1,1,1,1
haan_ghil_muulnaat_1780566643385.png,1,1,0,1,1,1
haan_ghil_muulnaat_1780566643865.png,0,1,1,1,0,1
haan_ghil_muulnaat_1780566644352.png,1,1,1,1,1,1
haan_ghil_muulnaat_1780566644940.png,0,1,0,1,0,0
haan_ghil_muulnaat_1780566645467.png,0,1,1,1,0,1
haan_ghil_muulnaat_1780566645948.png,0,1,1,1,1,1
haan_ghil_muulnaat_1780566646547.png,1,1,1,1,0,0
haan_ghil_muulnaat_1780566647074.png,0,1,1,1,0,0
haan_ghil_muulnaat_1780566647743.png,0,1,1,1,0,0
haan_ghil_muulnaat_1780566648211.png,0,1,1,1,0,1
haan_ghil_muulnaat_1780566648892.png,0,1,0,1,0,0
haan_ghil_muulnaat_1780566649489.png,0,1,1,1,0,0
haan_ghil_muulnaat_1780566649937.png,0,1,1,1,0,1
haan_ghil_muulnaat_1780566650417.png,0,1,1,1,1,1
haan_ghil_muulnaat_1780566651023.png,0,0,0,1,0,0
haan_ghil_muulnaat_1780566651681.png,0,1,1,1,0,0
haan_ghil_muulnaat_1780566652318.png,0,1,1,1,0,0
haan_ghil_muulnaat_1780566652839.png,1,1,1,1,1,1
haan_ghil_muulnaat_1780566653336.png,0,1,1,1,0,1
haan_ghil_muulnaat_1780566653997.png,0,1,1,1,0,0
haan_ghil_muulnaat_1780566654504.png,1,1,1,1,1,1
haan_ghil_muulnaat_1780566655190.png,0,1,1,1,0,0
haan_ghil_muulnaat_1780566655762.png,0,1,1,1,0,0
haan_ghil_muulnaat_1780566656380.png,0,1,1,1,0,0
haan_ghil_muulnaat_1780566656883.png,1,1,1,1,0,1
haan_ghil_muulnaat_1780566657477.png,0,1,1,1,0,0
haan_ghil_muulnaat_1780566658145.png,1,1,1,1,1,0
haan_ghil_muulnaat_1780566658732.png,0,1,0,1,0,0
haan_ghil_muulnaat_1780566659215.png,0,1,1,1,0,1
haan_ghil_muulnaat_1780566659868.png,0,1,0,1,0,0
haan_ghil_muulnaat_1780566660340.png,0,0,0,0,0,0
haan_ghil_muulnaat_1780566660963.png,0,1,1,1,0,1
haan_ghil_muulnaat_1780566661410.png,1,1,1,1,0,1
haan_ghil_muulnaat_1780566662125.png,0,1,1,1,0,0
haan_ghil_muulnaat_1780566662812.png,0,1,1,1,1,1
haan_ghil_muulnaat_1780566663489.png,1,1,1,1,0,1
haan_ghil_muulnaat_1780566663997.png,0,1,1,1,1,1
haan_ghil_muulnaat_1780566664500.png,0,0,1,0,1,1
haan_ghil_muulnaat_1780566665020.png,0,1,1,1,0,0
haan_ghil_muulnaat_1780566665482.png,1,1,1,1,1,1
haan_ghil_muulnaat_1780566666073.png,0,1,1,1,0,0
haan_ghil_muulnaat_1780566666695.png,0,1,1,1,0,1
haan_ghil_muulnaat_1780566667180.png,0,1,1,1,0,1
haan_ghil_muulnaat_1780566667864.png,0,1,1,1,0,0
haan_ghil_muulnaat_1780566668501.png,0,1,1,1,0,0
haan_ghil_muulnaat_1780566668968.png,0,1,1,1,0,1
haan_ghil_muulnaat_1780566669585.png,0,1,1,1,0,0
haan_ghil_muulnaat_1780566670219.png,0,1,1,1,0,1
haan_ghil_muulnaat_1780566670744.png,1,1,1,1,1,1
haan_ghil_muulnaat_1780566671396.png,0,1,0,1,0,0
haan_ghil_muulnaat_1780566672052.png,0,0,1,1,0,1
haan_ghil_muulnaat_1780566672721.png,0,1,1,1,0,1
haan_ghil_muulnaat_1780566673376.png,0,1,1,1,0,0
haan_ghil_muulnaat_1780566673883.png,1,1,1,1,0,1
haan_ghil_muulnaat_1780566674578.png,0,1,0,1,0,0
haan_ghil_muulnaat_1780566675189.png,1,1,1,1,0,0
haan_ghil_muulnaat_1780566675817.png,0,1,1,1,1,1
haan_ghil_muulnaat_1780566676350.png,0,0,0,0,0,0
haan_ghil_muulnaat_1780566676911.png,0,1,1,1,0,1
haan_ghil_muulnaat_1780566677480.png,0,1,1,1,1,1
haan_ghil_muulnaat_1780566678049.png,0,1,1,1,0,0
haan_ghil_muulnaat_1780566678782.png,0,1,0,1,0,0
haan_ghil_muulnaat_1780566679310.png,0,1,0,1,1,1
haan_ghil_muulnaat_1780566680025.png,0,0,1,0,0,1
haan_ghil_muulnaat_1780566680595.png,1,1,1,1,1,0
haan_ghil_muulnaat_1780566681323.png,0,1,1,1,0,0
haan_ghil_muulnaat_1780566681861.png,0,1,1,1,0,1
haan_ghil_muulnaat_1780566682396.png,0,0,1,1,0,1
haan_ghil_muulnaat_1780566683117.png,0,1,1,1,1,1
haan_ghil_muulnaat_1780566683675.png,1,1,1,1,1,0
haan_ghil_muulnaat_1780566684399.png,0,1,1,1,0,1
haan_ghil_muulnaat_1780566684960.png,0,1,1,1,1,1
haan_ghil_muulnaat_1780566685517.png,1,1,1,1,1,1
haan_ghil_muulnaat_1780566686089.png,0,1,1,1,0,1
haan_ghil_muulnaat_1780566686840.png,0,1,1,1,1,1
haan_ghil_muulnaat_1780566687543.png,1,1,1,1,0,1
haan_ghil_muulnaat_1780566688237.png,0,1,1,1,0,1
haan_ghil_muulnaat_1780566689000.png,0,1,1,0,1,1
haan_ghil_muulnaat_1780566689684.png,0,1,0,0,0,0
haan_ghil_muulnaat_1780566690233.png,1,1,1,1,0,1
haan_ghil_muulnaat_1780566690928.png,0,1,1,1,0,1
haan_ghil_muulnaat_1780566691637.png,0,1,0,1,0,1
haan_ghil_muulnaat_1780566692328.png,0,1,1,1,1,0
haan_ghil_muulnaat_1780566693064.png,1,1,1,1,1,1
haan_ghil_muulnaat_1780566693803.png,1,1,1,1,1,1
haan_ghil_muulnaat_1780566694560.png,0,0,0,0,0,0
haan_ghil_muulnaat_1780566695288.png,1,1,1,1,1,1
haan_ghil_muulnaat_1780566695984.png,0,1,1,1,0,0
haan_ghil_muulnaat_1780566696715.png,0,1,1,1,0,0
haan_ghil_muulnaat_1780566697309.png,0,1,1,1,1,0
haan_ghil_muulnaat_1780566698054.png,0,1,0,1,0,0
haan_ghil_muulnaat_1780566698654.png,1,1,1,1,1,0
haan_ghil_muulnaat_1780566699422.png,0,1,1,1,0,1
haan_ghil_muulnaat_1780566700114.png,0,1,1,1,0,1
haan_ghil_muulnaat_1780566700839.png,0,1,1,1,0,0
haan_ghil_muulnaat_1780566701606.png,0,1,1,1,0,0
haan_ghil_muulnaat_1780566702143.png,1,1,1,1,1,0
haan_ghil_muulnaat_1780566702704.png,0,1,1,1,0,1
haan_ghil_muulnaat_1780566703463.png,0,1,1,1,0,0
haan_ghil_muulnaat_1780566704171.png,1,1,1,1,1,1
haan_ghil_muulnaat_1780566704975.png,0,1,1,1,0,0
haan_ghil_muulnaat_1780566705543.png,1,1,1,1,0,1
haan_ghil_muulnaat_1780566706106.png,0,1,1,1,0,0
haan_ghil_muulnaat_1780566706699.png,1,1,1,1,0,0
haan_ghil_muulnaat_1780566707500.png,0,1,0,1,1,0
haan_ghil_muulnaat_1780566708308.png,0,1,1,1,1,0
haan_ghil_muulnaat_1780566708931.png,1,1,1,1,1,1
haan_ghil_muulnaat_1780566709494.png,0,1,1,1,0,1
haan_ghil_muulnaat_1780566710119.png,1,1,1,1,0,1
haan_ghil_muulnaat_1780566710747.png,0,1,1,1,0,1
haan_ghil_muulnaat_1780566711361.png,1,1,1,1,1,1
haan_ghil_muulnaat_1780566712207.png,0,1,1,1,0,0
haan_ghil_muulnaat_1780566713065.png,1,1,1,1,0,1
haan_ghil_muulnaat_1780566713850.png,1,1,1,1,0,0
haan_ghil_muulnaat_1780566714460.png,0,0,0,0,0,1
haan_ghil_muulnaat_1780566715089.png,0,1,1,1,0,1
haan_ghil_muulnaat_1780566715907.png,0,1,1,1,0,1
haan_ghil_muulnaat_1780566716493.png,0,0,0,0,0,0
haan_ghil_muulnaat_1780566717224.png,0,0,0,1,0,0
haan_ghil_muulnaat_1780566717829.png,0,0,0,0,0,0
haan_ghil_muulnaat_1780566718629.png,0,0,0,0,0,0
haan_ghil_muulnaat_1780566719268.png,1,1,0,0,0,0
haan_ghil_muulnaat_1780566719840.png,0,1,1,1,0,1
haan_ghil_muulnaat_1780566720442.png,0,1,1,1,1,1
haan_ghil_muulnaat_1780566721228.png,0,1,1,1,0,0
haan_ghil_muulnaat_1780566722484.png,0,1,1,1,0,1
haan_ghil_muulnaat_1780566723065.png,0,1,1,1,0,1
haan_ghil_muulnaat_1780566723847.png,0,1,1,0,0,1
haan_ghil_muulnaat_1780566724490.png,1,1,1,0,0,1
haan_ghil_muulnaat_1780566725311.png,0,1,0,1,0,1
haan_ghil_muulnaat_1780566726043.png,0,0,1,1,0,1
haan_ghil_muulnaat_1780566726644.png,0,0,1,1,0,1
haan_ghil_muulnaat_1780566727265.png,0,1,1,1,1,1
haan_ghil_muulnaat_1780566727824.png,0,1,1,1,1,0
haan_ghil_muulnaat_1780566728394.png,0,0,1,0,0,1
haan_ghil_muulnaat_1780566729183.png,0,0,1,1,0,0
haan_ghil_muulnaat_1780566729771.png,0,1,1,1,0,1
haan_ghil_muulnaat_1780566730351.png,1,1,1,1,0,1
haan_ghil_muulnaat_1780566730942.png,0,1,1,1,0,0
haan_ghil_muulnaat_1780566731740.png,0,1,1,1,0,1
haan_ghil_muulnaat_1780566732322.png,0,0,1,1,1,1
haan_ghil_muulnaat_1780566733051.png,1,1,1,1,0,1
haan_ghil_muulnaat_1780566733807.png,1,1,1,1,1,1
haan_ghil_muulnaat_1780566734393.png,1,1,1,1,1,1
haan_ghil_muulnaat_1780566735168.png,0,1,0,1,0,0
haan_ghil_muulnaat_1780566735883.png,0,1,1,1,0,0
haan_ghil_muulnaat_1780566736644.png,1,1,1,1,0,0
haan_ghil_muulnaat_1780566737241.png,0,1,1,1,0,1
haan_ghil_muulnaat_1780566737820.png,0,1,1,1,0,1
haan_ghil_muulnaat_1780566738454.png,0,1,1,1,0,0
haan_ghil_muulnaat_1780566739032.png,1,1,1,1,0,0
haan_ghil_muulnaat_1780566739625.png,1,1,1,1,0,1
haan_ghil_muulnaat_1780566740406.png,0,1,1,1,0,0
haan_ghil_muulnaat_1780566741148.png,0,0,0,1,0,0
haan_ghil_muulnaat_1780566742361.png,1,1,1,1,0,0
haan_ghil_muulnaat_1780566742950.png,0,1,1,0,0,1
haan_ghil_muulnaat_1780566743607.png,1,1,1,1,0,1
haan_ghil_muulnaat_1780566744183.png,0,1,0,0,0,0
haan_ghil_muulnaat_1780566744812.png,1,1,1,1,0,0
haan_ghil_muulnaat_1780566745413.png,0,1,1,1,0,0
haan_ghil_muulnaat_1780566746033.png,0,1,1,1,1,1
haan_ghil_muulnaat_1780566746648.png,0,1,1,0,0,1
haan_ghil_muulnaat_1780566747437.png,1,1,1,1,0,1
haan_ghil_muulnaat_1780566748220.png,0,0,1,0,0,0
haan_ghil_muulnaat_1780566749036.png,0,1,1,1,0,0
haan_ghil_muulnaat_1780566749860.png,0,1,1,1,0,0
haan_ghil_muulnaat_1780566750680.png,0,1,0,1,0,0
haan_ghil_muulnaat_1780566751499.png,0,1,1,1,1,0
haan_ghil_muulnaat_1780566752312.png,0,1,0,1,0,0
haan_ghil_muulnaat_1780566752956.png,0,1,1,1,1,1
haan_ghil_muulnaat_1780566753781.png,0,1,1,1,1,1
haan_ghil_muulnaat_1780566754408.png,0,1,1,1,0,0
haan_ghil_muulnaat_1780566755024.png,0,1,1,1,0,0
haan_ghil_muulnaat_1780566755829.png,0,1,1,1,0,0
haan_ghil_muulnaat_1780566756689.png,0,1,1,0,1,0
haan_ghil_muulnaat_1780566758147.png,0,1,1,1,0,0
haan_ghil_muulnaat_1780566758679.png,1,1,1,1,1,1
haan_ghil_muulnaat_1780566759267.png,1,1,1,1,1,0
haan_ghil_muulnaat_1780566760052.png,0,1,1,1,0,0
haan_ghil_muulnaat_1780566760658.png,0,1,1,1,1,0
haan_ghil_muulnaat_1780566761376.png,0,1,0,1,0,0
haan_ghil_muulnaat_1780566762141.png,0,1,0,1,0,0
haan_ghil_muulnaat_1780566762940.png,1,1,0,1,0,0
haan_ghil_muulnaat_1780566763734.png,1,1,1,1,0,1
haan_ghil_muulnaat_1780566764317.png,0,0,0,0,0,0
haan_ghil_muulnaat_1780566764907.png,0,1,1,1,0,1
haan_ghil_muulnaat_1780566765505.png,0,1,1,1,1,0
haan_ghil_muulnaat_1780566766276.png,0,1,1,1,0,1
haan_ghil_muulnaat_1780566766880.png,0,1,1,1,0,1
haan_ghil_muulnaat_1780566767476.png,0,1,1,1,0,1
haan_ghil_muulnaat_1780566768054.png,0,1,1,1,1,1
haan_ghil_muulnaat_1780566768811.png,0,0,0,1,0,0
haan_ghil_muulnaat_1780566769408.png,0,0,1,1,0,0
haan_ghil_muulnaat_1780566770121.png,0,0,0,0,0,0
haan_ghil_muulnaat_1780566771295.png,1,1,1,1,0,1
haan_ghil_muulnaat_1780566772003.png,0,1,1,1,0,0
haan_ghil_muulnaat_1780566772756.png,0,1,0,1,0,0
haan_ghil_muulnaat_1780566773499.png,0,1,1,1,1,1
haan_ghil_muulnaat_1780566774240.png,0,0,1,0,0,0
haan_ghil_muulnaat_1780566774979.png,0,1,0,0,0,0
haan_ghil_muulnaat_1780566775562.png,0,1,1,1,0,0
haan_ghil_muulnaat_1780566776307.png,0,0,1,0,0,1
haan_ghil_muulnaat_1780566777707.png,0,1,1,1,1,1
haan_ghil_muulnaat_1780566778254.png,0,1,1,1,1,1
haan_ghil_muulnaat_1780566778815.png,0,0,0,0,0,1
haan_ghil_muulnaat_1780566779580.png,0,1,1,1,0,0
haan_ghil_muulnaat_1780566780338.png,1,0,1,1,0,1
haan_ghil_muulnaat_1780566781101.png,0,1,1,1,0,1
haan_ghil_muulnaat_1780566781967.png,1,1,1,1,1,1
haan_ghil_muulnaat_1780566782786.png,0,1,1,0,1,1
haan_ghil_muulnaat_1780566783378.png,0,1,1,1,1,1
haan_ghil_muulnaat_1780566783942.png,1,1,1,1,1,1
haan_ghil_muulnaat_1780566784519.png,0,1,1,1,1,1
haan_ghil_muulnaat_1780566785144.png,0,1,1,1,0,1
haan_ghil_muulnaat_1780566785936.png,1,1,1,0,0,1
haan_ghil_muulnaat_1780566786543.png,0,1,1,1,1,1
haan_ghil_muulnaat_1780566787342.png,0,1,1,1,0,1
haan_ghil_muulnaat_1780566787952.png,0,1,1,1,1,1
haan_ghil_muulnaat_1780566788538.png,0,1,1,1,0,0
haan_ghil_muulnaat_1780566789153.png,0,0,1,0,0,1
haan_ghil_muulnaat_1780566789764.png,0,1,0,1,1,1
haan_ghil_muulnaat_1780566790364.png,0,1,1,1,0,1
haan_ghil_muulnaat_1780566790923.png,0,1,1,1,1,1
haan_ghil_muulnaat_1780566791640.png,1,0,1,1,1,0
haan_ghil_muulnaat_1780566792254.png,0,1,1,1,1,0
haan_ghil_muulnaat_1780566792881.png,0,1,1,1,0,1
haan_ghil_muulnaat_1780566793520.png,0,1,1,1,0,1
haan_ghil_muulnaat_1780566794302.png,0,1,1,1,0,1
haan_ghil_muulnaat_1780566794936.png,0,1,1,1,1,1
haan_ghil_muulnaat_1780566795704.png,1,1,1,1,1,1
haan_ghil_muulnaat_1780566796325.png,0,1,1,1,1,1
haan_ghil_muulnaat_1780566796944.png,0,1,1,1,0,1
haan_ghil_muulnaat_1780566797751.png,0,1,0,1,0,0
haan_ghil_muulnaat_1780566798487.png,0,1,1,1,0,0
haan_ghil_muulnaat_1780566799218.png,0,0,0,1,0,0
haan_ghil_muulnaat_1780566799986.png,0,1,1,1,0,1
haan_ghil_muulnaat_1780566800762.png,0,1,1,1,1,1
haan_ghil_muulnaat_1780566801534.png,0,1,0,1,0,0
haan_ghil_muulnaat_1780566802115.png,0,1,1,1,1,1
haan_ghil_muulnaat_1780566802782.png,0,1,0,1,0,1
haan_ghil_muulnaat_1780566803566.png,0,1,0,1,0,0
haan_ghil_muulnaat_1780566804153.png,0,1,1,1,0,1
haan_ghil_muulnaat_1780566804931.png,0,1,1,0,0,1
haan_ghil_muulnaat_1780566805699.png,1,0,1,0,1,0
haan_ghil_muulnaat_1780566806269.png,1,1,1,1,0,0
haan_ghil_muulnaat_1780566806829.png,0,1,1,1,0,1
haan_ghil_muulnaat_1780566807588.png,1,1,1,1,0,1
haan_ghil_muulnaat_1780566808379.png,0,1,0,1,0,0
haan_ghil_muulnaat_1780566809143.png,1,1,1,1,0,0
haan_ghil_muulnaat_1780566809713.png,0,1,1,1,0,1
haan_ghil_muulnaat_1780566810345.png,0,1,0,1,0,1
haan_ghil_muulnaat_1780566811139.png,1,1,1,0,1,1
haan_ghil_muulnaat_1780566811746.png,1,1,1,1,1,1
haan_ghil_muulnaat_1780566812343.png,0,1,1,1,1,1
haan_ghil_muulnaat_1780566813004.png,0,1,1,1,1,1
haan_ghil_muulnaat_1780566813643.png,0,1,1,1,1,1
haan_ghil_muulnaat_1780566814267.png,0,1,1,1,0,0
haan_ghil_muulnaat_1780566815080.png,0,1,0,1,0,0
haan_ghil_muulnaat_1780566815714.png,0,1,1,1,0,1
haan_ghil_muulnaat_1780566816306.png,0,1,1,1,0,1
haan_ghil_muulnaat_1780566816954.png,0,1,1,1,1,1
haan_ghil_muulnaat_1780566817764.png,0,1,1,1,0,1
haan_ghil_muulnaat_1780566818414.png,0,1,1,1,0,1
haan_ghil_muulnaat_1780566819221.png,0,1,0,1,0,1
haan_ghil_muulnaat_1780566819857.png,0,1,1,1,0,1
haan_ghil_muulnaat_1780566820602.png,0,1,0,1,0,1
haan_ghil_muulnaat_1780566821216.png,0,1,1,1,0,1
haan_ghil_muulnaat_1780566821805.png,0,1,1,1,0,1
haan_ghil_muulnaat_1780566822622.png,0,1,0,1,0,0
haan_ghil_muulnaat_1780566823254.png,0,1,1,1,0,0
haan_ghil_muulnaat_1780566823884.png,0,1,1,1,0,1
haan_ghil_muulnaat_1780566824713.png,1,1,1,1,0,1
haan_ghil_muulnaat_1780566825326.png,0,0,1,1,0,1
haan_ghil_muulnaat_1780566825989.png,1,1,1,1,0,1
haan_ghil_muulnaat_1780566826806.png,0,1,1,1,1,1
haan_ghil_muulnaat_1780566827408.png,0,1,1,1,0,0
haan_ghil_muulnaat_1780566827979.png,0,0,1,1,0,0
haan_ghil_muulnaat_1780566828564.png,0,1,1,1,1,0
haan_ghil_muulnaat_1780566829387.png,1,1,1,1,0,1
haan_ghil_muulnaat_1780566830131.png,1,1,1,1,0,1
haan_ghil_muulnaat_1780566830794.png,1,1,1,1,1,1
haan_ghil_muulnaat_1780566831370.png,0,1,1,1,0,1
haan_ghil_muulnaat_1780566832078.png,0,1,0,1,0,1
haan_ghil_muulnaat_1780566832704.png,1,1,1,1,1,1
haan_ghil_muulnaat_1780566833493.png,0,1,1,1,0,0
haan_ghil_muulnaat_1780566834257.png,0,1,1,1,0,0
haan_ghil_muulnaat_1780566834995.png,0,0,0,0,0,0
haan_ghil_muulnaat_1780566835708.png,0,1,0,1,0,0
haan_ghil_muulnaat_1780566836292.png,0,1,1,1,0,1
haan_ghil_muulnaat_1780566836853.png,1,0,1,1,1,1
haan_ghil_muulnaat_1780566837399.png,0,1,1,1,0,0
haan_ghil_muulnaat_1780566838147.png,1,1,1,1,1,0
haan_ghil_muulnaat_1780566838744.png,0,0,1,0,0,1
haan_ghil_muulnaat_1780566839558.png,0,0,0,0,0,0
haan_ghil_muulnaat_1780566840373.png,0,0,0,1,0,0
haan_ghil_muulnaat_1780566840947.png,0,1,1,1,1,1
haan_ghil_muulnaat_1780566841716.png,0,1,0,1,0,0
haan_ghil_muulnaat_1780566842459.png,0,1,1,1,0,0
haan_ghil_muulnaat_1780566843051.png,0,1,1,1,0,0
haan_ghil_muulnaat_1780566843612.png,0,0,1,1,0,1
haan_ghil_muulnaat_1780566844201.png,0,1,1,1,0,1
haan_ghil_muulnaat_1780566844785.png,0,1,1,1,0,0
haan_ghil_muulnaat_1780566845347.png,0,1,1,1,0,1
haan_ghil_muulnaat_1780566845910.png,0,1,1,1,0,1
haan_ghil_muulnaat_1780566846634.png,0,1,1,1,1,1
haan_ghil_muulnaat_1780566847865.png,0,1,1,1,0,0
haan_ghil_muulnaat_1780566848485.png,0,1,1,1,0,1
haan_ghil_muulnaat_1780566849263.png,1,1,1,1,0,1
haan_ghil_muulnaat_1780566849897.png,0,1,1,1,1,1
haan_ghil_muulnaat_1780566851368.png,0,1,1,1,0,1
haan_ghil_muulnaat_1780566852117.png,0,1,1,1,0,0
haan_ghil_muulnaat_1780566852774.png,0,1,1,1,0,1
haan_ghil_muulnaat_1780566853523.png,0,1,0,0,0,0
haan_ghil_muulnaat_1780566854189.png,1,1,1,1,0,1
haan_ghil_muulnaat_1780566854787.png,0,1,1,1,1,1
haan_ghil_muulnaat_1780566855423.png,0,1,1,1,1,1
haan_ghil_muulnaat_1780566856272.png,0,1,0,1,0,0
haan_ghil_muulnaat_1780566857105.png,0,0,0,0,0,0
haan_ghil_muulnaat_1780566857705.png,0,1,1,1,0,1
haan_ghil_muulnaat_1780566858487.png,0,1,0,1,0,0
haan_ghil_muulnaat_1780566859282.png,0,1,1,1,0,1
haan_ghil_muulnaat_1780566860007.png,0,1,1,1,0,0
haan_ghil_muulnaat_1780566860569.png,0,1,1,1,0,1
haan_ghil_muulnaat_1780566861311.png,0,1,1,1,0,0
haan_ghil_muulnaat_1780566862049.png,0,0,0,0,0,0
haan_ghil_muulnaat_1780566862844.png,1,1,1,1,0,1
haan_ghil_muulnaat_1780566863587.png,0,1,1,1,1,1
haan_ghil_muulnaat_1780566864318.png,0,1,1,1,0,0
haan_ghil_muulnaat_1780566865126.png,0,1,1,0,0,0
haan_ghil_muulnaat_1780566865761.png,1,1,1,1,0,1
haan_ghil_muulnaat_1780566866359.png,0,1,1,1,0,0
haan_ghil_muulnaat_1780566866906.png,0,1,1,1,0,1
haan_ghil_muulnaat_1780566867492.png,0,1,1,1,1,1
haan_ghil_muulnaat_1780566868255.png,0,0,0,0,0,1
haan_ghil_muulnaat_1780566869041.png,0,1,1,1,1,1
haan_ghil_muulnaat_1780566869823.png,0,1,1,1,1,1
haan_ghil_muulnaat_1780566870610.png,1,1,1,1,1,1
haan_ghil_muulnaat_1780566871445.png,0,1,1,1,0,0
haan_ghil_muulnaat_1780566872070.png,0,1,1,1,0,0
haan_ghil_muulnaat_1780566872876.png,0,1,0,0,0,0
haan_ghil_muulnaat_1780566873670.png,0,1,1,1,0,1
haan_ghil_muulnaat_1780566874277.png,1,1,1,1,0,0
haan_ghil_muulnaat_1780566875042.png,0,1,1,1,0,1
haan_ghil_muulnaat_1780566875644.png,1,1,1,1,1,1
haan_ghil_muulnaat_1780566876270.png,0,1,1,1,0,1
haan_ghil_muulnaat_1780566877058.png,0,0,0,1,0,0
haan_ghil_muulnaat_1780566877838.png,0,1,1,1,0,0
haan_ghil_muulnaat_1780566878448.png,1,1,1,1,0,0
haan_ghil_muulnaat_1780566879241.png,0,1,1,1,0,0
haan_ghil_muulnaat_1780566880003.png,1,0,1,1,0,0
haan_ghil_muulnaat_1780566880629.png,0,1,1,1,0,0
haan_ghil_muulnaat_1780566881237.png,0,1,1,1,0,1
haan_ghil_muulnaat_1780566882017.png,0,1,1,1,0,1
haan_ghil_muulnaat_1780566882593.png,0,1,1,1,0,1
haan_ghil_muulnaat_1780566883339.png,0,1,1,1,0,0
haan_ghil_muulnaat_1780566883925.png,0,1,1,1,0,1
haan_ghil_muulnaat_1780566884716.png,0,0,0,1,0,1
haan_ghil_muulnaat_1780566885289.png,0,1,1,1,0,0
haan_ghil_muulnaat_1780566885901.png,1,1,1,1,0,1
haan_ghil_muulnaat_1780566886511.png,1,0,1,1,0,1
haan_ghil_muulnaat_1780566887133.png,1,1,1,1,0,1
haan_ghil_muulnaat_1780566887753.png,0,1,1,1,0,1
haan_ghil_muulnaat_1780566888350.png,0,1,1,1,0,0
haan_ghil_muulnaat_1780566889173.png,0,1,1,1,0,0
haan_ghil_muulnaat_1780566889792.png,0,1,1,1,0,1
haan_ghil_muulnaat_1780566890411.png,0,1,1,1,0,1
haan_ghil_muulnaat_1780566891027.png,1,1,1,0,1,1
haan_ghil_muulnaat_1780566891802.png,0,1,1,1,1,1
haan_ghil_muulnaat_1780566892447.png,0,1,1,1,1,1
haan_ghil_muulnaat_1780566893271.png,0,1,1,1,0,0
haan_ghil_muulnaat_1780566894061.png,0,1,1,1,0,1
haan_ghil_muulnaat_1780566894833.png,0,1,1,1,1,1
haan_ghil_muulnaat_1780566895590.png,0,1,1,1,0,0
haan_ghil_muulnaat_1780566896347.png,0,0,1,1,1,0
haan_ghil_muulnaat_1780566897111.png,0,1,0,1,0,1
haan_ghil_muulnaat_1780566897726.png,1,1,1,1,1,1
haan_ghil_muulnaat_1780566898353.png,0,1,1,1,0,1
haan_ghil_muulnaat_1780566899169.png,0,1,1,1,0,0
haan_ghil_muulnaat_1780566899791.png,0,1,1,1,0,1
haan_ghil_muulnaat_1780566900547.png,0,1,1,1,1,1
haan_ghil_muulnaat_1780566901128.png,1,1,1,1,0,0
haan_ghil_muulnaat_1780566901709.png,0,1,1,1,0,1
haan_ghil_muulnaat_1780566902327.png,0,1,0,1,0,1
haan_ghil_muulnaat_1780566903131.png,0,1,1,1,0,1
haan_ghil_muulnaat_1780566903889.png,0,1,1,1,0,0
haan_ghil_muulnaat_1780566904700.png,1,1,1,1,0,1
haan_ghil_muulnaat_1780566905326.png,0,1,1,1,1,1
haan_ghil_muulnaat_1780566906123.png,0,1,1,1,0,0
haan_ghil_muulnaat_1780566906884.png,0,1,1,1,1,1
haan_ghil_muulnaat_1780566907662.png,0,0,0,1,0,0
haan_ghil_muulnaat_1780566908225.png,1,1,1,1,1,0
haan_ghil_muulnaat_1780566908971.png,0,0,1,0,0,0
haan_ghil_muulnaat_1780566909739.png,0,1,1,1,0,1
haan_ghil_muulnaat_1780566910366.png,0,1,1,0,1,0
haan_ghil_muulnaat_1780566911127.png,0,1,0,1,0,1
haan_ghil_muulnaat_1780566911715.png,1,1,1,1,0,1
haan_ghil_muulnaat_1780566912338.png,0,1,1,1,1,1
haan_ghil_muulnaat_1780566912930.png,0,0,0,0,0,0
haan_ghil_muulnaat_1780566913631.png,0,1,1,1,0,0
haan_ghil_muulnaat_1780566914447.png,0,1,1,1,0,0
haan_ghil_muulnaat_1780566914996.png,1,0,0,0,0,0
haan_ghil_muulnaat_1780566915740.png,1,1,1,1,0,0
haan_ghil_muulnaat_1780566916510.png,0,1,0,1,0,0
haan_ghil_muulnaat_1780566917153.png,1,1,1,1,0,0
haan_ghil_muulnaat_1780566917959.png,0,1,1,1,0,0
haan_ghil_muulnaat_1780566918712.png,0,1,0,1,0,0
haan_ghil_muulnaat_1780566919504.png,0,1,1,1,0,1
haan_ghil_muulnaat_1780566920130.png,0,1,1,1,1,1
haan_ghil_muulnaat_1780566920958.png,0,1,1,1,0,0
haan_ghil_muulnaat_1780566921723.png,0,1,1,1,0,0
haan_ghil_muulnaat_1780566922311.png,0,1,1,1,0,1
haan_ghil_muulnaat_1780603072145.png,0,1,1,1,0,1
haan_ghil_muulnaat_1780603074201.png,0,1,1,1,0,1
haan_ghil_muulnaat_1780603075694.png,0,1,0,1,0,1
haan_ghil_muulnaat_1780603076330.png,0,1,0,1,0,0
haan_ghil_muulnaat_1780603076779.png,1,1,1,1,1,0
haan_ghil_muulnaat_1780603077276.png,0,1,1,1,0,0
haan_ghil_muulnaat_1780603077766.png,0,1,1,1,0,1
haan_ghil_muulnaat_1780603078238.png,0,1,1,1,1,1
haan_ghil_muulnaat_1780603078890.png,0,1,1,1,0,1
haan_ghil_muulnaat_1780603079497.png,0,0,0,1,0,0
haan_ghil_muulnaat_1780603080132.png,0,0,0,1,0,0
haan_ghil_muulnaat_1780603080605.png,0,1,1,1,0,1
haan_ghil_muulnaat_1780603081219.png,0,0,0,1,0,0
haan_ghil_muulnaat_1780603081852.png,1,1,1,1,1,0
haan_ghil_muulnaat_1780603082487.png,1,1,1,1,0,1
haan_ghil_muulnaat_1780603082994.png,1,1,1,1,0,1
haan_ghil_muulnaat_1780603083442.png,0,1,1,1,0,0
haan_ghil_muulnaat_1780603083993.png,0,1,1,1,0,0
haan_ghil_muulnaat_1780603084504.png,0,1,1,1,1,1
haan_ghil_muulnaat_1780603084967.png,0,1,1,1,0,1
haan_ghil_muulnaat_1780603085444.png,0,1,1,1,0,0
haan_ghil_muulnaat_1780603085928.png,0,1,1,1,0,1
haan_ghil_muulnaat_1780603086462.png,0,1,1,1,0,1
haan_ghil_muulnaat_1780603087074.png,0,1,0,1,0,0
haan_ghil_muulnaat_1780603087639.png,0,1,1,1,1,1
haan_ghil_muulnaat_1780603088269.png,0,1,1,1,0,0
haan_ghil_muulnaat_1780603088756.png,0,0,1,0,0,1
haan_ghil_muulnaat_1780603089379.png,0,1,1,1,0,0
haan_ghil_muulnaat_1780603089965.png,0,1,1,0,0,1
haan_ghil_muulnaat_1780603090577.png,0,1,1,1,0,1
haan_ghil_muulnaat_1780603091158.png,0,1,0,1,0,1
haan_ghil_muulnaat_1780603091639.png,0,0,0,0,0,0
haan_ghil_muulnaat_1780603092291.png,0,1,1,1,0,1
haan_ghil_muulnaat_1780603092870.png,0,1,1,1,0,0
haan_ghil_muulnaat_1780603093533.png,0,0,1,1,1,1
haan_ghil_muulnaat_1780603093998.png,0,0,0,0,0,1
haan_ghil_muulnaat_1780603094471.png,0,0,1,1,0,1
haan_ghil_muulnaat_1780603094977.png,0,1,1,1,0,1
haan_ghil_muulnaat_1780603095468.png,0,1,1,1,0,0
haan_ghil_muulnaat_1780603096109.png,0,1,1,1,0,1
haan_ghil_muulnaat_1780603096580.png,0,0,0,0,0,0
haan_ghil_muulnaat_1780603097255.png,0,1,1,1,0,0
haan_ghil_muulnaat_1780603097757.png,0,1,1,1,0,0
haan_ghil_muulnaat_1780603098232.png,0,0,0,0,0,0
haan_ghil_muulnaat_1780603098753.png,0,1,1,1,0,0
haan_ghil_muulnaat_1780603099197.png,0,1,1,1,0,1
haan_ghil_muulnaat_1780603099665.png,0,1,1,1,0,1
haan_ghil_muulnaat_1780603100174.png,0,1,1,1,1,1
haan_ghil_muulnaat_1780603100835.png,0,1,0,0,0,0
haan_ghil_muulnaat_1780603101323.png,0,1,1,1,1,1
haan_ghil_muulnaat_1780603101962.png,0,1,1,1,0,0
haan_ghil_muulnaat_1780603102554.png,0,1,1,1,0,0
haan_ghil_muulnaat_1780603103223.png,1,1,1,1,0,0
haan_ghil_muulnaat_1780603103900.png,1,1,1,1,1,1
haan_ghil_muulnaat_1780603104351.png,1,1,1,1,1,1
haan_ghil_muulnaat_1780603104990.png,0,1,1,0,0,0
haan_ghil_muulnaat_1780603105521.png,0,1,0,1,0,0
haan_ghil_muulnaat_1780603106153.png,1,0,1,1,0,1
haan_ghil_muulnaat_1780603106746.png,0,1,1,1,0,0
haan_ghil_muulnaat_1780603107432.png,0,1,1,1,0,0
haan_ghil_muulnaat_1780603108101.png,0,1,1,1,0,1
haan_ghil_muulnaat_1780603108770.png,1,1,1,1,0,1
haan_ghil_muulnaat_1780603109280.png,0,1,1,1,0,0
haan_ghil_muulnaat_1780603109762.png,1,1,1,1,0,1
haan_ghil_muulnaat_1780603110270.png,0,1,1,1,0,1
haan_ghil_muulnaat_1780603110947.png,0,1,1,1,0,0
haan_ghil_muulnaat_1780603111474.png,0,1,1,1,0,0
haan_ghil_muulnaat_1780603112004.png,0,1,1,1,0,1
haan_ghil_muulnaat_1780603112515.png,0,1,1,1,0,0
haan_ghil_muulnaat_1780603113230.png,0,1,1,1,1,1
haan_ghil_muulnaat_1780603113751.png,0,1,1,1,0,1
haan_ghil_muulnaat_1780603114189.png,0,0,1,0,0,0
haan_ghil_muulnaat_1780603114642.png,0,1,1,1,1,1
haan_ghil_muulnaat_1780603115119.png,0,1,1,1,0,0
haan_ghil_muulnaat_1780603115809.png,0,1,1,0,0,0
haan_ghil_muulnaat_1780603116497.png,1,1,1,1,1,1
haan_ghil_muulnaat_1780603116973.png,0,1,1,1,1,0
haan_ghil_muulnaat_1780603117644.png,0,1,1,1,0,0
haan_ghil_muulnaat_1780603118322.png,0,0,1,1,1,1
haan_ghil_muulnaat_1780603119023.png,0,0,0,1,0,0
haan_ghil_muulnaat_1780603119553.png,0,1,1,1,0,1
haan_ghil_muulnaat_1780603120165.png,0,1,1,1,1,1
haan_ghil_muulnaat_1780603120829.png,0,1,1,1,0,0
haan_ghil_muulnaat_1780603121490.png,0,1,0,0,0,1
haan_ghil_muulnaat_1780603122133.png,0,1,1,1,1,1
haan_ghil_muulnaat_1780603122736.png,0,1,1,1,1,1
haan_ghil_muulnaat_1780603123351.png,0,1,1,1,1,1
haan_ghil_muulnaat_1780603123968.png,0,0,0,1,0,0
haan_ghil_muulnaat_1780603124450.png,0,0,0,0,0,0
haan_ghil_muulnaat_1780603124906.png,1,1,1,1,1,1
haan_ghil_muulnaat_1780603125534.png,0,1,1,1,0,1
haan_ghil_muulnaat_1780603126162.png,0,1,1,1,0,1
haan_ghil_muulnaat_1780603126828.png,0,1,1,1,0,0
haan_ghil_muulnaat_1780603127357.png,0,0,1,1,0,0
haan_ghil_muulnaat_1780603127886.png,0,1,1,1,0,1
haan_ghil_muulnaat_1780603128566.png,0,1,1,1,0,1
haan_ghil_muulnaat_1780603129021.png,0,1,1,1,1,1
haan_ghil_muulnaat_1780603129548.png,1,1,1,1,1,1
haan_ghil_muulnaat_1780603130073.png,0,1,1,1,0,1
haan_ghil_muulnaat_1780603130732.png,1,1,1,0,1,1
haan_ghil_muulnaat_1780603131243.png,1,1,1,1,1,1
haan_ghil_muulnaat_1780603131939.png,0,1,1,1,0,0
haan_ghil_muulnaat_1780603132619.png,1,1,1,1,0,1
haan_ghil_muulnaat_1780603133093.png,0,0,1,1,0,1
haan_ghil_muulnaat_1780603133747.png,0,1,1,1,0,0
haan_ghil_muulnaat_1780603134285.png,0,1,1,1,0,1
haan_ghil_muulnaat_1780603134791.png,1,1,1,1,0,0
haan_ghil_muulnaat_1780603135406.png,1,1,1,1,1,1
haan_ghil_muulnaat_1780603136067.png,0,1,0,1,0,0
haan_ghil_muulnaat_1780603136590.png,0,1,1,1,0,0
haan_ghil_muulnaat_1780603137150.png,0,1,1,1,0,1
haan_ghil_muulnaat_1780603137835.png,0,1,1,1,0,1
haan_ghil_muulnaat_1780603138346.png,0,1,1,1,1,1
haan_ghil_muulnaat_1780603139039.png,0,1,0,1,0,0
haan_ghil_muulnaat_1780603139546.png,0,1,1,0,1,1
haan_ghil_muulnaat_1780603141309.png,1,1,1,1,0,0
haan_ghil_muulnaat_1780603141846.png,0,1,1,1,1,1
haan_ghil_muulnaat_1780603142517.png,0,1,0,1,0,0
haan_ghil_muulnaat_1780603143216.png,0,1,1,1,0,1
haan_ghil_muulnaat_1780603143922.png,1,1,1,1,1,0
haan_ghil_muulnaat_1780603144422.png,0,1,1,1,0,1
haan_ghil_muulnaat_1780603145121.png,0,1,1,0,0,0
haan_ghil_muulnaat_1780603145646.png,0,1,1,1,1,1
haan_ghil_muulnaat_1780603146376.png,0,1,0,1,0,1
haan_ghil_muulnaat_1780603147063.png,1,1,1,1,0,1
haan_ghil_muulnaat_1780603147763.png,0,1,1,1,0,1
haan_ghil_muulnaat_1780603148315.png,1,1,1,1,1,1
haan_ghil_muulnaat_1780603148911.png,1,1,1,1,1,1
haan_ghil_muulnaat_1780603149606.png,0,1,0,1,0,1
haan_ghil_muulnaat_1780603150320.png,0,1,1,1,0,1
haan_ghil_muulnaat_1780603151019.png,0,1,1,1,0,1
haan_ghil_muulnaat_1780603151569.png,1,1,1,1,0,1
haan_ghil_muulnaat_1780603152279.png,0,1,1,1,0,1
haan_ghil_muulnaat_1780603152820.png,0,1,1,1,0,0
haan_ghil_muulnaat_1780603153522.png,0,1,1,1,0,1
haan_ghil_muulnaat_1780603154247.png,0,1,1,1,0,1
haan_ghil_muulnaat_1780603154950.png,1,1,1,1,1,1
haan_ghil_muulnaat_1780603155675.png,1,1,1,1,0,1
haan_ghil_muulnaat_1780603156456.png,0,1,1,1,0,0
haan_ghil_muulnaat_1780603157271.png,1,0,0,1,0,0
haan_ghil_muulnaat_1780603158069.png,1,1,1,1,0,1
haan_ghil_muulnaat_1780603158662.png,0,1,1,1,0,1
haan_ghil_muulnaat_1780603159482.png,1,1,1,1,0,0
haan_ghil_muulnaat_1780603160242.png,0,1,1,1,0,1
haan_ghil_muulnaat_1780603161009.png,0,1,1,1,0,1
haan_ghil_muulnaat_1780603161770.png,0,0,1,1,0,0
haan_ghil_muulnaat_1780603162517.png,1,1,1,1,0,0
haan_ghil_muulnaat_1780603163265.png,0,1,1,1,0,1
haan_ghil_muulnaat_1780603164021.png,1,1,0,0,0,0
haan_ghil_muulnaat_1780603164717.png,0,1,1,1,0,1
haan_ghil_muulnaat_1780603165464.png,1,0,1,0,0,1
haan_ghil_muulnaat_1780603166213.png,0,1,1,1,0,1
haan_ghil_muulnaat_1780603166974.png,0,1,1,1,0,1
haan_ghil_muulnaat_1780603167745.png,0,1,1,1,0,1
haan_ghil_muulnaat_1780603168354.png,0,1,1,1,0,1
haan_ghil_muulnaat_1780603169147.png,0,1,1,1,0,1
haan_ghil_muulnaat_1780603169906.png,0,1,1,1,0,0
haan_ghil_muulnaat_1780603170713.png,1,1,1,1,0,0
haan_ghil_muulnaat_1780603171296.png,1,1,1,1,1,1
haan_ghil_muulnaat_1780603172050.png,1,1,1,1,0,1
haan_ghil_muulnaat_1780603172798.png,1,1,1,1,0,0
haan_ghil_muulnaat_1780603173597.png,0,1,1,1,0,1
haan_ghil_muulnaat_1780603174375.png,0,1,1,1,0,1
haan_ghil_muulnaat_1780603175197.png,0,1,1,1,0,0
haan_ghil_muulnaat_1780603175804.png,0,1,1,1,1,1
haan_ghil_muulnaat_1780603176386.png,0,1,1,1,0,0
haan_ghil_muulnaat_1780603176990.png,0,1,1,0,0,1
haan_ghil_muulnaat_1780603177610.png,0,1,1,1,1,1
haan_ghil_muulnaat_1780603178381.png,0,1,0,1,0,0
haan_ghil_muulnaat_1780603178998.png,1,1,1,1,1,1
haan_ghil_muulnaat_1780603179571.png,0,1,1,1,1,0
haan_ghil_muulnaat_1780603180345.png,1,1,1,1,1,1
haan_ghil_muulnaat_1780603181112.png,0,1,1,0,0,1
haan_ghil_muulnaat_1780603181833.png,0,1,1,1,0,1
haan_ghil_muulnaat_1780603182561.png,0,1,1,1,0,1
haan_ghil_muulnaat_1780603183188.png,0,1,1,1,1,1
haan_ghil_muulnaat_1780603183822.png,0,1,1,1,0,0
haan_ghil_muulnaat_1780603184606.png,0,1,1,1,0,0
haan_ghil_muulnaat_1780603185367.png,0,0,1,0,0,0
haan_ghil_muulnaat_1780603186145.png,0,1,1,1,0,0
haan_ghil_muulnaat_1780603186726.png,0,1,1,1,0,1
haan_ghil_muulnaat_1780603187385.png,1,1,1,1,0,1
haan_ghil_muulnaat_1780603188189.png,0,1,1,1,0,1
haan_ghil_muulnaat_1780603188968.png,0,0,1,1,0,0
haan_ghil_muulnaat_1780603189749.png,0,1,1,1,0,0
haan_ghil_muulnaat_1780603190427.png,0,1,1,1,1,1
haan_ghil_muulnaat_1780603191176.png,1,1,1,1,0,1
haan_ghil_muulnaat_1780603192007.png,0,1,1,1,0,1
haan_ghil_muulnaat_1780603192730.png,0,1,0,1,0,0
haan_ghil_muulnaat_1780603193506.png,0,1,1,0,0,1
haan_ghil_muulnaat_1780603194104.png,0,0,1,1,0,1
haan_ghil_muulnaat_1780603194957.png,0,1,1,1,0,1
haan_ghil_muulnaat_1780603195592.png,0,1,1,1,0,1
haan_ghil_muulnaat_1780603196170.png,0,0,1,1,0,1
haan_ghil_muulnaat_1780603196769.png,0,1,1,1,0,0
haan_ghil_muulnaat_1780603197351.png,0,1,1,1,1,0
haan_ghil_muulnaat_1780603197936.png,1,1,1,1,1,1
haan_ghil_muulnaat_1780603198727.png,0,0,0,1,0,0
haan_ghil_muulnaat_1780603199519.png,0,1,1,1,0,0
haan_ghil_muulnaat_1780603200125.png,0,1,0,1,0,1
haan_ghil_muulnaat_1780603200712.png,0,1,1,1,0,1
haan_ghil_muulnaat_1780603201322.png,0,1,1,1,0,1
haan_ghil_muulnaat_1780603201935.png,0,1,1,1,0,0
haan_ghil_muulnaat_1780603202541.png,0,1,1,1,0,1
haan_ghil_muulnaat_1780603203140.png,0,1,1,1,0,1
haan_ghil_muulnaat_1780603203907.png,0,0,0,1,0,0
haan_ghil_muulnaat_1780603205158.png,0,0,0,1,0,0
haan_ghil_muulnaat_1780603205741.png,0,1,1,1,1,1
haan_ghil_muulnaat_1780603206333.png,0,1,1,1,0,1
haan_ghil_muulnaat_1780603206994.png,0,1,1,1,0,1
haan_ghil_muulnaat_1780603207739.png,0,0,0,1,0,0
haan_ghil_muulnaat_1780603208286.png,0,1,1,1,0,0
haan_ghil_muulnaat_1780603208901.png,0,1,1,1,1,0
haan_ghil_muulnaat_1780603209650.png,0,1,1,1,0,0
haan_ghil_muulnaat_1780603210256.png,0,1,1,0,1,1
haan_ghil_muulnaat_1780603211021.png,0,0,0,1,0,0
haan_ghil_muulnaat_1780603211781.png,0,1,1,1,0,0
haan_ghil_muulnaat_1780603212366.png,1,1,1,1,0,1
haan_ghil_muulnaat_1780603213165.png,0,1,1,1,0,0
haan_ghil_muulnaat_1780603213779.png,1,1,1,1,0,1
haan_ghil_muulnaat_1780603214372.png,1,0,1,1,1,1
haan_ghil_muulnaat_1780603215125.png,0,1,1,1,0,1
haan_ghil_muulnaat_1780603215891.png,0,1,1,1,0,0
haan_ghil_muulnaat_1780603216467.png,1,1,1,1,1,1
haan_ghil_muulnaat_1780603217314.png,0,1,1,1,1,1
haan_ghil_muulnaat_1780603218130.png,0,1,0,1,0,0
haan_ghil_muulnaat_1780603218972.png,1,1,1,1,0,0
haan_ghil_muulnaat_1780603219833.png,0,1,1,1,0,1
haan_ghil_muulnaat_1780603220642.png,1,1,1,1,0,0
haan_ghil_muulnaat_1780603221272.png,1,1,1,1,1,1
haan_ghil_muulnaat_1780603221891.png,1,1,1,1,0,1
haan_ghil_muulnaat_1780603222535.png,0,1,1,1,0,1
haan_ghil_muulnaat_1780603223356.png,1,1,0,1,0,1
haan_ghil_muulnaat_1780603223996.png,1,1,1,1,0,1
haan_ghil_muulnaat_1780603224601.png,1,1,1,1,0,1
haan_ghil_muulnaat_1780603225422.png,0,1,1,1,0,0
haan_ghil_muulnaat_1780603226031.png,0,1,1,1,1,0
haan_ghil_muulnaat_1780603226836.png,0,1,1,1,0,0
haan_ghil_muulnaat_1780603227452.png,0,1,1,1,0,0
haan_ghil_muulnaat_1780603228058.png,0,0,1,1,0,0
haan_ghil_muulnaat_1780603228904.png,0,1,1,1,0,0
haan_ghil_muulnaat_1780603229505.png,0,1,1,1,0,1
haan_ghil_muulnaat_1780603230292.png,1,1,1,1,1,0
haan_ghil_muulnaat_1780603230902.png,0,1,1,1,0,0
haan_ghil_muulnaat_1780603231690.png,0,1,0,1,0,0
haan_ghil_muulnaat_1780603232454.png,0,1,1,0,0,1
haan_ghil_muulnaat_1780603233208.png,0,1,1,1,0,1
haan_ghil_muulnaat_1780603233785.png,1,1,1,1,1,1
haan_ghil_muulnaat_1780603234405.png,0,1,1,1,1,1
haan_ghil_muulnaat_1780603235195.png,0,1,0,1,0,0
haan_ghil_muulnaat_1780603235797.png,0,1,1,1,1,0
haan_ghil_muulnaat_1780603236493.png,0,1,1,1,1,1
haan_ghil_muulnaat_1780603237238.png,0,1,1,1,0,1
haan_ghil_muulnaat_1780603237825.png,0,1,1,1,1,0
haan_ghil_muulnaat_1780603238427.png,0,1,1,1,0,1
haan_ghil_muulnaat_1780603239018.png,0,1,1,1,0,1
haan_ghil_muulnaat_1780603239785.png,1,1,1,1,0,0
haan_ghil_muulnaat_1780603240403.png,0,0,0,1,0,0
haan_ghil_muulnaat_1780603240992.png,0,1,1,1,0,0
haan_ghil_muulnaat_1780603241725.png,0,0,0,1,0,0
haan_ghil_muulnaat_1780603242311.png,0,0,1,0,0,1
haan_ghil_muulnaat_1780603242895.png,0,1,1,1,1,0
haan_ghil_muulnaat_1780603243450.png,0,0,0,0,0,0
haan_ghil_muulnaat_1780603244024.png,1,1,1,0,1,0
haan_ghil_muulnaat_1780603244739.png,1,1,1,1,1,1
haan_ghil_muulnaat_1780603245344.png,1,1,1,1,1,1
haan_ghil_muulnaat_1780603246093.png,0,1,1,1,0,1
haan_ghil_muulnaat_1780603246891.png,1,1,1,1,1,1
haan_ghil_muulnaat_1780603247698.png,0,1,1,1,0,0
haan_ghil_muulnaat_1780603248454.png,0,1,1,1,0,0
haan_ghil_muulnaat_1780603249067.png,0,1,1,1,0,0
haan_ghil_muulnaat_1780603249804.png,0,1,1,1,0,0
haan_ghil_muulnaat_1780603250593.png,1,1,1,1,0,1
haan_ghil_muulnaat_1780603251237.png,0,1,1,1,0,0
haan_ghil_muulnaat_1780603252007.png,1,1,1,1,0,1
haan_ghil_muulnaat_1780603252599.png,0,1,1,1,0,1
haan_ghil_muulnaat_1780603253199.png,0,1,1,1,0,0
haan_ghil_muulnaat_1780603253770.png,1,1,1,1,1,1
haan_ghil_muulnaat_1780603254523.png,0,1,1,1,0,0
haan_ghil_muulnaat_1780603255278.png,0,1,1,1,0,1
haan_ghil_muulnaat_1780603256026.png,1,1,1,1,0,0
haan_ghil_muulnaat_1780603256714.png,0,1,1,1,0,0
haan_ghil_muulnaat_1780603257472.png,0,0,0,1,0,0
haan_ghil_muulnaat_1780603258247.png,0,1,0,1,0,0
haan_ghil_muulnaat_1780603259002.png,0,1,1,1,0,1
haan_ghil_muulnaat_1780603259844.png,0,1,1,1,1,0
haan_ghil_muulnaat_1780603260442.png,0,1,1,1,0,0
haan_ghil_muulnaat_1780603261040.png,0,1,1,1,0,0
haan_ghil_muulnaat_1780603261825.png,0,0,0,1,0,0
haan_ghil_muulnaat_1780603262569.png,1,1,1,1,0,1
haan_ghil_muulnaat_1780603263175.png,0,1,1,1,0,1
haan_ghil_muulnaat_1780603263924.png,0,1,1,1,0,1
haan_ghil_muulnaat_1780603264725.png,1,1,1,1,0,0
haan_ghil_muulnaat_1780603265496.png,0,0,0,1,0,0
haan_ghil_muulnaat_1780603266141.png,0,1,1,1,0,1
haan_ghil_muulnaat_1780603267428.png,1,1,1,1,0,1
haan_ghil_muulnaat_1780603268178.png,0,0,0,0,0,0
haan_ghil_muulnaat_1780603268776.png,0,0,0,1,0,0
haan_ghil_muulnaat_1780603269364.png,0,1,1,1,0,1
haan_ghil_muulnaat_1780603269993.png,0,1,1,1,0,1
haan_ghil_muulnaat_1780603270573.png,0,1,1,1,0,1
haan_ghil_muulnaat_1780603271153.png,1,1,1,1,1,1
haan_ghil_muulnaat_1780603271784.png,1,1,1,1,1,1
haan_ghil_muulnaat_1780603272403.png,0,1,1,1,1,1
haan_ghil_muulnaat_1780603272995.png,0,1,1,0,0,0
haan_ghil_muulnaat_1780603273766.png,1,0,1,0,0,1
haan_ghil_muulnaat_1780603274524.png,1,1,0,1,0,0
haan_ghil_muulnaat_1780603275333.png,1,1,1,1,0,0
haan_ghil_muulnaat_1780603276151.png,0,1,1,1,0,1
haan_ghil_muulnaat_1780603276754.png,1,1,0,1,0,1
haan_ghil_muulnaat_1780603277364.png,0,1,1,1,0,1
haan_ghil_muulnaat_1780603278132.png,0,0,1,1,0,0
haan_ghil_muulnaat_1780603278709.png,0,1,1,1,0,1
haan_ghil_muulnaat_1780603280113.png,1,1,1,1,1,1
haan_ghil_muulnaat_1780603280915.png,0,1,0,1,0,0
haan_ghil_muulnaat_1780603281514.png,0,1,1,1,0,1
haan_ghil_muulnaat_1780603282255.png,0,1,1,1,1,1
haan_ghil_muulnaat_1780603282852.png,0,1,1,1,1,0
haan_ghil_muulnaat_1780603283640.png,0,0,0,0,0,0
haan_ghil_muulnaat_1780603284246.png,0,0,1,1,0,0
haan_ghil_muulnaat_1780603285039.png,0,0,0,1,0,0
haan_ghil_muulnaat_1780603285877.png,0,1,0,1,0,1
haan_ghil_muulnaat_1780603286554.png,0,1,1,1,1,1
haan_ghil_muulnaat_1780603287320.png,0,1,1,1,1,1
haan_ghil_muulnaat_1780603287966.png,0,0,1,0,0,1
haan_ghil_muulnaat_1780603288734.png,1,1,1,1,1,1
haan_ghil_muulnaat_1780603289525.png,0,1,1,1,0,1
haan_ghil_muulnaat_1780603290150.png,0,1,1,1,0,1
haan_ghil_muulnaat_1780603290938.png,1,1,1,1,0,1
haan_ghil_muulnaat_1780603291582.png,1,1,1,1,0,1
haan_ghil_muulnaat_1780603292214.png,1,1,1,1,0,0
haan_ghil_muulnaat_1780603292847.png,0,1,1,1,0,1
haan_ghil_muulnaat_1780603293661.png,0,0,1,1,0,1
haan_ghil_muulnaat_1780603294286.png,0,1,1,1,0,1
haan_ghil_muulnaat_1780603295094.png,0,1,1,1,1,1
haan_ghil_muulnaat_1780603295841.png,0,1,1,1,0,0
haan_ghil_muulnaat_1780603296588.png,1,1,1,1,0,0
haan_ghil_muulnaat_1780603297172.png,0,1,1,1,0,0
haan_ghil_muulnaat_1780603298618.png,0,0,0,1,0,0
haan_ghil_muulnaat_1780603299350.png,0,1,1,1,0,1
haan_ghil_muulnaat_1780603300082.png,0,1,1,1,0,0
haan_ghil_muulnaat_1780603300827.png,1,0,1,0,0,1
haan_ghil_muulnaat_1780603301415.png,1,1,1,1,0,0
haan_ghil_muulnaat_1780603301999.png,1,1,1,1,1,1
haan_ghil_muulnaat_1780603302583.png,1,1,1,1,1,0
haan_ghil_muulnaat_1780603303181.png,1,1,1,1,0,1
haan_ghil_muulnaat_1780603303780.png,0,1,1,1,0,1
haan_ghil_muulnaat_1780603304991.png,0,1,1,1,0,1
haan_ghil_muulnaat_1780603305791.png,0,1,1,1,0,0
haan_ghil_muulnaat_1780603306397.png,0,1,0,1,0,0
haan_ghil_muulnaat_1780603307011.png,0,0,0,1,0,1
haan_ghil_muulnaat_1780603307817.png,0,1,1,1,0,1
haan_ghil_muulnaat_1780603308401.png,0,1,0,1,0,1
haan_ghil_muulnaat_1780603309032.png,0,1,1,1,0,0
haan_ghil_muulnaat_1780603309837.png,0,0,0,0,0,1
haan_ghil_muulnaat_1780603310614.png,0,1,0,1,0,0
haan_ghil_muulnaat_1780603311419.png,0,1,0,1,0,1
haan_ghil_muulnaat_1780603312208.png,0,1,1,1,0,0
haan_ghil_muulnaat_1780603313057.png,0,1,1,1,1,1
haan_ghil_muulnaat_1780603313661.png,0,1,1,1,0,1
haan_ghil_muulnaat_1780603314465.png,0,1,1,1,0,1
haan_ghil_muulnaat_1780603315127.png,1,1,1,1,0,1
haan_ghil_muulnaat_1780603315738.png,0,1,1,1,1,1
haan_ghil_muulnaat_1780603316507.png,1,1,1,1,1,1
haan_ghil_muulnaat_1780603317275.png,0,1,1,1,0,0
haan_ghil_muulnaat_1780603317827.png,1,1,1,1,0,1
haan_ghil_muulnaat_1780603318591.png,0,1,0,1,0,0
haan_ghil_muulnaat_1780603319181.png,0,1,1,1,1,1
haan_ghil_muulnaat_1780603319818.png,0,1,1,1,1,1
haan_ghil_muulnaat_1780603320639.png,0,1,1,1,1,1
haan_ghil_muulnaat_1780603321474.png,0,1,0,1,0,1
haan_ghil_muulnaat_1780603322259.png,0,1,1,1,0,1
haan_ghil_muulnaat_1780603322869.png,0,1,1,1,1,1
haan_ghil_muulnaat_1780603323677.png,0,1,1,1,0,1
haan_ghil_muulnaat_1780603324444.png,0,1,1,1,1,1
haan_ghil_muulnaat_1780603325230.png,0,1,1,1,1,1
haan_ghil_muulnaat_1780603326005.png,0,1,1,0,0,1
haan_ghil_muulnaat_1780603326826.png,1,0,0,1,1,1
haan_ghil_muulnaat_1780603327418.png,1,0,1,1,0,1
haan_ghil_muulnaat_1780603328230.png,0,1,1,1,1,1
haan_ghil_muulnaat_1780603328837.png,0,1,1,1,0,1
haan_ghil_muulnaat_1780603329451.png,0,1,1,0,0,1
haan_ghil_muulnaat_1780603330233.png,0,1,1,1,0,0
haan_ghil_muulnaat_1780603330838.png,0,0,1,1,0,1
haan_ghil_muulnaat_1780603331621.png,0,1,1,1,1,1
haan_ghil_muulnaat_1780603332420.png,1,1,1,1,1,0
haan_ghil_muulnaat_1780603333035.png,0,1,1,1,0,1
haan_ghil_muulnaat_1780603333626.png,0,1,1,1,0,1
haan_ghil_muulnaat_1780603334407.png,0,1,1,1,0,0
haan_ghil_muulnaat_1780603335047.png,0,1,1,0,1,0
haan_ghil_muulnaat_1780603335659.png,0,0,0,1,0,1
haan_ghil_muulnaat_1780603336255.png,0,1,1,1,1,1
haan_ghil_muulnaat_1780603336877.png,0,1,1,1,0,1
haan_ghil_muulnaat_1780603337471.png,1,1,1,1,1,1
haan_ghil_muulnaat_1780603338888.png,0,1,1,1,0,1
haan_ghil_muulnaat_1780603339667.png,0,1,1,1,1,1
haan_ghil_muulnaat_1780603340288.png,0,1,1,1,1,0
haan_ghil_muulnaat_1780603340893.png,0,1,1,1,0,1
haan_ghil_muulnaat_1780603341505.png,0,0,1,1,1,1
haan_ghil_muulnaat_1780603342253.png,0,1,0,1,0,0
haan_ghil_muulnaat_1780603343080.png,1,1,1,1,0,0
haan_ghil_muulnaat_1780603343843.png,1,0,0,0,0,1
haan_ghil_muulnaat_1780603344418.png,0,1,1,1,1,0
haan_ghil_muulnaat_1780603345206.png,0,1,1,1,0,0
haan_ghil_muulnaat_1780603345815.png,0,1,1,1,0,0
haan_ghil_muulnaat_1780603346622.png,0,1,1,1,0,1
haan_ghil_muulnaat_1780603347389.png,0,1,1,1,0,0
haan_ghil_muulnaat_1780603347979.png,0,1,1,1,0,1
haan_ghil_muulnaat_1780603348788.png,0,0,1,1,0,1
haan_ghil_muulnaat_1780603349385.png,0,1,1,1,1,1
haan_ghil_muulnaat_1780603350008.png,1,1,1,1,1,1
haan_ghil_muulnaat_1780603350835.png,0,1,1,0,0,1
haan_ghil_muulnaat_1780603351603.png,0,1,1,0,0,0
haan_ghil_muulnaat_1780603352229.png,0,1,1,1,1,1
haan_ghil_muulnaat_1780603353052.png,1,1,0,1,0,0
haan_ghil_muulnaat_1780603353832.png,0,1,1,1,0,1
haan_ghil_muulnaat_1780603354469.png,0,1,1,1,0,1
haan_ghil_muulnaat_1780603355241.png,0,1,1,1,0,1
haan_ghil_muulnaat_1780603355832.png,0,1,1,1,0,0
haan_ghil_muulnaat_1780603356449.png,1,1,1,1,0,1
haan_ghil_muulnaat_1780603357014.png,1,1,1,1,0,0
haan_ghil_muulnaat_1780603357583.png,0,1,1,1,0,1
haan_ghil_muulnaat_1780603358204.png,0,1,1,1,1,0
haan_ghil_muulnaat_1780603359039.png,0,1,0,1,0,0
haan_ghil_muulnaat_1780603359751.png,0,0,0,1,0,0
haan_ghil_muulnaat_1780603360342.png,0,1,1,0,1,1
haan_ghil_muulnaat_1780603361073.png,0,1,1,1,1,1
haan_ghil_muulnaat_1780603361808.png,0,0,1,0,1,1
haan_ghil_muulnaat_1780603362410.png,0,1,1,1,1,1
haan_ghil_muulnaat_1780603363000.png,0,1,1,1,1,0
haan_ghil_muulnaat_1780603363719.png,0,0,0,1,0,0
haan_ghil_muulnaat_1780603364307.png,0,0,0,0,0,0
haan_ghil_muulnaat_1780603364906.png,0,1,1,0,0,1
haan_ghil_muulnaat_1780603365505.png,0,1,1,1,0,1
haan_ghil_muulnaat_1780603366270.png,0,0,0,1,0,0
haan_ghil_muulnaat_1780603366882.png,0,0,1,1,0,1
haan_ghil_muulnaat_1780603367668.png,0,1,1,1,0,1
haan_ghil_muulnaat_1780603368248.png,0,1,1,1,0,1
haan_ghil_muulnaat_1780603369048.png,0,1,1,1,1,0
haan_ghil_muulnaat_1780603369677.png,0,0,1,0,0,0
haan_ghil_muulnaat_1780603370246.png,0,1,1,1,0,1
haan_ghil_muulnaat_1780603371046.png,0,1,1,1,0,0
haan_ghil_muulnaat_1780603371786.png,0,1,1,1,1,1
haan_ghil_muulnaat_1780603372545.png,0,1,1,1,1,1
haan_ghil_muulnaat_1780603373135.png,0,1,1,1,0,0
haan_ghil_muulnaat_1780603373962.png,0,1,1,1,0,1
haan_ghil_muulnaat_1780603374590.png,0,1,1,1,0,0
haan_ghil_muulnaat_1780603375342.png,0,1,1,1,1,1
haan_ghil_muulnaat_1780603376143.png,0,1,0,1,0,0
haan_ghil_muulnaat_1780603376776.png,0,1,1,1,1,1
haan_ghil_muulnaat_1780603377401.png,0,1,1,1,0,1
haan_ghil_muulnaat_1780603378040.png,0,1,1,1,0,0
haan_ghil_muulnaat_1780603378850.png,0,1,1,1,0,1
haan_ghil_muulnaat_1780603379450.png,0,1,1,1,0,1
haan_ghil_muulnaat_1780603380315.png,0,1,1,1,1,1
haan_ghil_muulnaat_1780603380962.png,0,1,1,1,0,0
haan_ghil_muulnaat_1780603381615.png,0,1,1,1,1,1
haan_ghil_muulnaat_1780603382200.png,0,1,1,1,0,0
haan_ghil_muulnaat_1780603382855.png,0,1,1,1,1,1
haan_ghil_muulnaat_1780603383481.png,0,1,1,1,1,1
haan_ghil_muulnaat_1780603384270.png,1,1,1,1,0,0
haan_ghil_muulnaat_1780603384967.png,1,1,1,1,1,1
haan_ghil_muulnaat_1780603385797.png,0,1,0,1,0,0
haan_ghil_muulnaat_1780603386629.png,0,1,1,1,0,0
haan_ghil_muulnaat_1780603387229.png,0,1,1,1,1,1
haan_ghil_muulnaat_1780603388006.png,1,1,1,1,1,1
haan_ghil_muulnaat_1780603388564.png,0,1,1,1,0,1
haan_ghil_muulnaat_1780603389316.png,0,1,1,1,0,0
haan_ghil_muulnaat_1780603389862.png,0,1,1,1,1,1
haan_ghil_muulnaat_1780603390434.png,0,1,1,1,1,1
haan_ghil_muulnaat_1780603391214.png,0,0,1,0,1,0
haan_ghil_muulnaat_1780603391802.png,0,1,1,1,0,0
haan_ghil_muulnaat_1780603392393.png,0,1,1,1,1,1
haan_ghil_muulnaat_1780603393002.png,0,1,1,1,1,1
haan_ghil_muulnaat_1780603393561.png,0,1,1,1,1,0
haan_ghil_muulnaat_1780603394170.png,0,1,1,1,0,0
haan_ghil_muulnaat_1780603394943.png,0,1,1,1,0,1
haan_ghil_muulnaat_1780603395727.png,0,1,1,1,1,0
haan_ghil_muulnaat_1780603396370.png,0,0,0,0,0,1
haan_ghil_muulnaat_1780603397173.png,0,1,1,1,0,1
haan_ghil_muulnaat_1780603397930.png,0,1,1,1,0,0
haan_ghil_muulnaat_1780603398488.png,0,1,1,1,0,0
haan_ghil_muulnaat_1780603399271.png,0,1,1,1,0,0
haan_ghil_muulnaat_1780603399910.png,0,1,0,1,0,1
haan_ghil_muulnaat_1780603400508.png,0,1,1,1,1,1
haan_ghil_muulnaat_1780603401256.png,0,1,0,1,0,1
haan_ghil_muulnaat_1780603402027.png,1,1,0,1,0,1
haan_ghil_muulnaat_1780603402802.png,0,1,1,1,0,0
haan_ghil_muulnaat_1780603597536.png,0,1,1,1,0,1
haan_ghil_muulnaat_1780603599088.png,0,1,0,1,0,0
haan_ghil_muulnaat_1780603599794.png,0,1,0,1,0,0
haan_ghil_muulnaat_1780603600292.png,0,0,1,1,0,1
haan_ghil_muulnaat_1780603600923.png,0,0,1,0,0,0
haan_ghil_muulnaat_1780603601526.png,0,1,0,0,0,1
haan_ghil_muulnaat_1780603602017.png,0,1,1,1,0,1
haan_ghil_muulnaat_1780603602502.png,0,1,1,1,0,1
haan_ghil_muulnaat_1780603603000.png,0,1,1,1,1,1
haan_ghil_muulnaat_1780603603486.png,0,1,1,1,0,1
haan_ghil_muulnaat_1780603603970.png,1,1,1,1,1,0
haan_ghil_muulnaat_1780603604568.png,0,1,1,1,0,1
haan_ghil_muulnaat_1780603605035.png,0,1,1,1,0,1
haan_ghil_muulnaat_1780603605537.png,0,1,1,1,0,1
haan_ghil_muulnaat_1780603606002.png,0,1,1,1,1,0
haan_ghil_muulnaat_1780603606683.png,0,1,0,1,0,0
haan_ghil_muulnaat_1780603607193.png,0,1,1,1,1,0
haan_ghil_muulnaat_1780603607816.png,0,1,1,1,1,1
haan_ghil_muulnaat_1780603608488.png,0,1,1,1,0,0
haan_ghil_muulnaat_1780603609007.png,0,1,1,0,1,1
haan_ghil_muulnaat_1780603609480.png,0,1,1,1,1,1
haan_ghil_muulnaat_1780603610186.png,0,1,1,1,0,1
haan_ghil_muulnaat_1780603610814.png,1,1,1,1,0,1
haan_ghil_muulnaat_1780603611411.png,0,0,0,1,0,0
haan_ghil_muulnaat_1780603611995.png,0,1,1,0,1,1
haan_ghil_muulnaat_1780603612602.png,0,1,1,1,0,0
haan_ghil_muulnaat_1780603613217.png,0,1,1,1,1,0
haan_ghil_muulnaat_1780603613687.png,0,1,1,1,0,1
haan_ghil_muulnaat_1780603614332.png,0,1,1,1,0,0
haan_ghil_muulnaat_1780603614795.png,0,1,1,1,0,0
haan_ghil_muulnaat_1780603615366.png,0,1,1,1,0,1
haan_ghil_muulnaat_1780603615841.png,0,1,1,1,0,0
haan_ghil_muulnaat_1780603616342.png,1,1,1,1,0,1
haan_ghil_muulnaat_1780603617046.png,0,1,1,1,0,1
haan_ghil_muulnaat_1780603617545.png,0,1,1,1,0,1
haan_ghil_muulnaat_1780603618203.png,0,1,1,1,1,1
haan_ghil_muulnaat_1780603618711.png,0,1,1,1,0,1
haan_ghil_muulnaat_1780603619240.png,0,1,1,1,0,1
haan_ghil_muulnaat_1780603619869.png,1,1,1,1,1,1
haan_ghil_muulnaat_1780603620370.png,1,1,1,1,1,0
haan_ghil_muulnaat_1780603620884.png,0,0,1,1,0,0
haan_ghil_muulnaat_1780603621423.png,0,1,1,1,1,0
haan_ghil_muulnaat_1780603622071.png,1,1,1,1,0,0
haan_ghil_muulnaat_1780603622578.png,0,1,1,1,0,0
haan_ghil_muulnaat_1780603623075.png,1,1,1,1,0,1
haan_ghil_muulnaat_1780603623579.png,0,0,1,1,1,1
haan_ghil_muulnaat_1780603624145.png,1,1,1,1,0,1
haan_ghil_muulnaat_1780603624640.png,1,1,1,1,1,1
haan_ghil_muulnaat_1780603625296.png,0,1,0,0,0,0
haan_ghil_muulnaat_1780603625934.png,0,1,0,1,0,0
haan_ghil_muulnaat_1780603626456.png,1,1,1,1,0,1
haan_ghil_muulnaat_1780603626973.png,0,1,1,0,1,1
haan_ghil_muulnaat_1780603627505.png,0,1,1,1,1,1
haan_ghil_muulnaat_1780603628272.png,0,1,1,1,0,0
haan_ghil_muulnaat_1780603628909.png,0,1,1,1,1,0
haan_ghil_muulnaat_1780603629574.png,1,1,0,1,1,1
haan_ghil_muulnaat_1780603630242.png,0,1,1,1,0,1
haan_ghil_muulnaat_1780603630915.png,0,1,1,1,0,1
haan_ghil_muulnaat_1780603631570.png,0,0,1,1,0,0
haan_ghil_muulnaat_1780603632078.png,0,0,0,1,0,0
haan_ghil_muulnaat_1780603632751.png,0,1,1,1,0,1
haan_ghil_muulnaat_1780603633260.png,1,1,1,1,1,1
haan_ghil_muulnaat_1780603633957.png,0,1,1,1,0,1
haan_ghil_muulnaat_1780603634492.png,0,1,1,1,0,1
haan_ghil_muulnaat_1780603635173.png,0,1,1,0,0,1
haan_ghil_muulnaat_1780603635698.png,0,1,1,1,1,1
haan_ghil_muulnaat_1780603636448.png,0,1,0,1,0,0
haan_ghil_muulnaat_1780603637001.png,1,1,1,1,0,1
haan_ghil_muulnaat_1780603637574.png,0,1,1,1,0,0
haan_ghil_muulnaat_1780603638146.png,0,1,1,1,1,1
haan_ghil_muulnaat_1780603638720.png,0,1,1,1,0,1
haan_ghil_muulnaat_1780603639435.png,0,1,1,1,0,1
haan_ghil_muulnaat_1780603639987.png,0,1,1,1,0,1
haan_ghil_muulnaat_1780603640537.png,0,1,1,1,1,1
haan_ghil_muulnaat_1780603641099.png,0,1,1,1,1,1
haan_ghil_muulnaat_1780603641661.png,0,1,1,1,1,1
haan_ghil_muulnaat_1780603642402.png,1,1,1,1,0,1
haan_ghil_muulnaat_1780603643116.png,0,1,1,1,0,0
haan_ghil_muulnaat_1780603643801.png,0,1,1,1,0,0
haan_ghil_muulnaat_1780603644535.png,0,0,1,0,1,1
haan_ghil_muulnaat_1780603645081.png,1,1,1,1,0,1
haan_ghil_muulnaat_1780603645651.png,0,1,1,1,1,1
haan_ghil_muulnaat_1780603646381.png,0,1,1,1,0,1
haan_ghil_muulnaat_1780603647081.png,0,1,1,1,0,0
haan_ghil_muulnaat_1780603647849.png,0,1,1,1,0,1
haan_ghil_muulnaat_1780603648441.png,0,1,1,1,1,1
haan_ghil_muulnaat_1780603649188.png,0,1,1,1,0,0
haan_ghil_muulnaat_1780603649779.png,1,1,1,1,0,1
haan_ghil_muulnaat_1780603650365.png,0,1,1,1,0,1
haan_ghil_muulnaat_1780603650953.png,0,1,1,1,0,1
haan_ghil_muulnaat_1780603651675.png,1,1,1,1,1,1
haan_ghil_muulnaat_1780603652440.png,1,1,1,1,1,1
haan_ghil_muulnaat_1780603653190.png,0,1,1,1,0,0
haan_ghil_muulnaat_1780603653958.png,1,1,1,1,1,1
haan_ghil_muulnaat_1780603654570.png,1,1,1,1,0,1
haan_ghil_muulnaat_1780603655171.png,1,1,1,1,0,1
haan_ghil_muulnaat_1780603655927.png,1,0,1,1,0,1
haan_ghil_muulnaat_1780603656530.png,0,1,1,1,1,1
haan_ghil_muulnaat_1780603657149.png,1,1,1,1,1,1
haan_ghil_muulnaat_1780603657745.png,0,1,1,1,1,1
haan_ghil_muulnaat_1780603658365.png,0,1,1,1,1,1
haan_ghil_muulnaat_1780603658990.png,0,1,1,1,1,1
haan_ghil_muulnaat_1780603659766.png,0,1,1,1,0,1
haan_ghil_muulnaat_1780603660533.png,0,0,0,0,0,0
haan_ghil_muulnaat_1780603661126.png,0,1,1,1,1,0
haan_ghil_muulnaat_1780603661901.png,0,1,1,1,0,0
haan_ghil_muulnaat_1780603662632.png,0,1,1,1,0,1
haan_ghil_muulnaat_1780603663200.png,0,1,1,1,0,1
haan_ghil_muulnaat_1780603663967.png,0,1,1,1,0,0
haan_ghil_muulnaat_1780603664548.png,0,0,0,0,0,0
haan_ghil_muulnaat_1780603665306.png,0,1,1,1,0,0
haan_ghil_muulnaat_1780603665925.png,0,1,1,1,0,1
haan_ghil_muulnaat_1780603666532.png,1,1,1,1,1,1
haan_ghil_muulnaat_1780603667144.png,0,1,1,1,0,1
haan_ghil_muulnaat_1780603667918.png,0,1,1,1,0,0
haan_ghil_muulnaat_1780603668696.png,0,0,1,1,0,1
haan_ghil_muulnaat_1780603669463.png,0,1,1,1,0,1
haan_ghil_muulnaat_1780603670091.png,1,1,1,1,1,1
haan_ghil_muulnaat_1780603670869.png,0,1,1,1,0,1
haan_ghil_muulnaat_1780603671454.png,1,1,1,1,0,1
haan_ghil_muulnaat_1780603672208.png,0,1,1,1,0,0
haan_ghil_muulnaat_1780603672800.png,1,1,1,1,1,1
haan_ghil_muulnaat_1780603673390.png,0,0,1,1,1,1
haan_ghil_muulnaat_1780603673975.png,0,1,1,1,0,1
haan_ghil_muulnaat_1780603674584.png,0,1,1,1,0,1
haan_ghil_muulnaat_1780603675338.png,0,1,1,1,0,1
haan_ghil_muulnaat_1780603676097.png,0,1,1,1,0,1
haan_ghil_muulnaat_1780603676929.png,1,1,1,1,0,0
haan_ghil_muulnaat_1780603677728.png,0,1,1,1,0,0
haan_ghil_muulnaat_1780603678471.png,0,1,1,1,1,1
haan_ghil_muulnaat_1780603679281.png,0,1,1,1,1,1
haan_ghil_muulnaat_1780603680521.png,0,1,1,1,1,1
haan_ghil_muulnaat_1780603681271.png,0,0,0,1,0,0
haan_ghil_muulnaat_1780603681870.png,0,1,1,1,1,0
haan_ghil_muulnaat_1780603682491.png,0,1,1,1,1,1
haan_ghil_muulnaat_1780603683281.png,0,1,1,1,0,0
haan_ghil_muulnaat_1780603684074.png,0,1,1,1,0,0
haan_ghil_muulnaat_1780603684688.png,1,1,1,0,0,1
haan_ghil_muulnaat_1780603685520.png,0,1,1,1,0,1
haan_ghil_muulnaat_1780603686146.png,0,1,1,1,1,1
haan_ghil_muulnaat_1780603686745.png,0,0,1,0,0,1
haan_ghil_muulnaat_1780603687363.png,1,0,0,0,0,0
haan_ghil_muulnaat_1780603688189.png,0,1,1,1,0,1
haan_ghil_muulnaat_1780603688967.png,0,1,1,0,0,1
haan_ghil_muulnaat_1780603689637.png,0,1,1,1,0,1
haan_ghil_muulnaat_1780603690481.png,0,1,1,1,0,1
haan_ghil_muulnaat_1780603691224.png,0,1,0,1,0,1
haan_ghil_muulnaat_1780603692026.png,0,1,1,1,0,0
haan_ghil_muulnaat_1780603692777.png,0,1,1,1,0,1
haan_ghil_muulnaat_1780603693412.png,1,1,1,1,0,1
haan_ghil_muulnaat_1780603694075.png,0,0,0,0,0,0
haan_ghil_muulnaat_1780603694845.png,1,1,1,1,1,1
haan_ghil_muulnaat_1780603695465.png,0,1,1,1,0,1
haan_ghil_muulnaat_1780603696286.png,0,1,1,1,0,1
haan_ghil_muulnaat_1780603696948.png,0,1,1,0,0,0
haan_ghil_muulnaat_1780603697587.png,0,1,1,1,0,1
haan_ghil_muulnaat_1780603698443.png,0,1,1,1,0,0
haan_ghil_muulnaat_1780603699233.png,0,1,0,1,0,0
haan_ghil_muulnaat_1780603699881.png,0,0,1,1,1,1
haan_ghil_muulnaat_1780603700677.png,1,1,1,1,0,1
haan_ghil_muulnaat_1780603701318.png,0,1,1,1,0,1
haan_ghil_muulnaat_1780603702133.png,0,1,1,1,0,1
haan_ghil_muulnaat_1780603702938.png,1,1,1,1,0,1
haan_ghil_muulnaat_1780603703709.png,0,1,1,1,0,0
haan_ghil_muulnaat_1780603704538.png,0,1,1,1,0,1
haan_ghil_muulnaat_1780603705141.png,0,1,1,1,1,1
haan_ghil_muulnaat_1780603705743.png,0,1,1,1,0,0
haan_ghil_muulnaat_1780603706315.png,1,1,1,1,0,1
haan_ghil_muulnaat_1780603706957.png,1,1,1,1,0,1
haan_ghil_muulnaat_1780603707601.png,0,1,1,1,1,1
haan_ghil_muulnaat_1780603708350.png,0,1,1,1,0,1
haan_ghil_muulnaat_1780603709128.png,0,0,0,1,0,0
haan_ghil_muulnaat_1780603709763.png,0,1,1,1,0,1
haan_ghil_muulnaat_1780603710534.png,0,0,0,1,0,0
haan_ghil_muulnaat_1780603711328.png,0,1,1,1,0,1
haan_ghil_muulnaat_1780603711960.png,0,1,1,1,0,1
haan_ghil_muulnaat_1780603712537.png,0,1,1,1,0,0
haan_ghil_muulnaat_1780603713328.png,0,1,1,1,0,1
haan_ghil_muulnaat_1780603713883.png,1,1,1,1,1,1
haan_ghil_muulnaat_1780603714625.png,0,1,1,1,0,0
haan_ghil_muulnaat_1780603715228.png,1,1,1,1,0,0
haan_ghil_muulnaat_1780603715811.png,0,1,1,1,0,0
haan_ghil_muulnaat_1780603716586.png,0,1,1,1,1,0
haan_ghil_muulnaat_1780603717369.png,1,1,1,1,1,1
haan_ghil_muulnaat_1780603718181.png,0,1,1,1,0,1
haan_ghil_muulnaat_1780603718817.png,0,0,0,0,0,0
haan_ghil_muulnaat_1780603720302.png,0,1,0,1,0,0
haan_ghil_muulnaat_1780603720946.png,1,1,1,0,0,0
haan_ghil_muulnaat_1780603721580.png,1,1,1,1,1,1
haan_ghil_muulnaat_1780603722145.png,0,1,1,0,1,0
haan_ghil_muulnaat_1780603722936.png,0,1,0,0,0,0
haan_ghil_muulnaat_1780603723531.png,1,1,1,1,0,0
haan_ghil_muulnaat_1780603724295.png,0,1,1,1,1,0
haan_ghil_muulnaat_1780603725061.png,1,1,1,1,0,1
haan_ghil_muulnaat_1780603725672.png,0,1,1,1,0,1
haan_ghil_muulnaat_1780603726461.png,0,1,1,1,1,0
haan_ghil_muulnaat_1780603727042.png,1,1,1,1,1,1
haan_ghil_muulnaat_1780603727626.png,1,1,1,1,1,1
haan_ghil_muulnaat_1780603728239.png,0,1,1,1,0,1
haan_ghil_muulnaat_1780603728866.png,0,0,1,0,0,0
haan_ghil_muulnaat_1780603729640.png,0,1,1,1,1,1
haan_ghil_muulnaat_1780603730249.png,1,1,1,1,1,1
haan_ghil_muulnaat_1780603731530.png,1,1,1,1,0,1
haan_ghil_muulnaat_1780603732083.png,0,0,0,1,0,1
haan_ghil_muulnaat_1780603732888.png,1,1,1,1,1,1
haan_ghil_muulnaat_1780603733519.png,0,1,1,1,0,0
haan_ghil_muulnaat_1780603734122.png,0,1,1,1,0,0
haan_ghil_muulnaat_1780603735578.png,1,1,1,1,1,1
haan_ghil_muulnaat_1780603736155.png,0,0,1,0,0,0
haan_ghil_muulnaat_1780603736935.png,0,1,1,1,1,1
haan_ghil_muulnaat_1780603737667.png,0,0,0,1,0,0
haan_ghil_muulnaat_1780603738193.png,1,1,1,1,0,1
haan_ghil_muulnaat_1780603738922.png,0,1,1,1,0,0
haan_ghil_muulnaat_1780603739713.png,0,0,0,0,0,0
haan_ghil_muulnaat_1780603740486.png,0,1,1,1,0,0
haan_ghil_muulnaat_1780603741237.png,0,1,0,1,0,1
haan_ghil_muulnaat_1780603741777.png,0,1,1,1,0,1
haan_ghil_muulnaat_1780603742356.png,0,0,0,0,0,0
haan_ghil_muulnaat_1780603742899.png,1,1,1,1,0,1
haan_ghil_muulnaat_1780603743711.png,0,1,0,1,0,0
haan_ghil_muulnaat_1780603744449.png,1,1,1,1,0,1
haan_ghil_muulnaat_1780603745056.png,0,1,0,1,0,1
haan_ghil_muulnaat_1780603745667.png,0,1,1,1,0,0
haan_ghil_muulnaat_1780603746282.png,0,1,1,1,1,1
haan_ghil_muulnaat_1780603747109.png,0,1,0,1,0,0
haan_ghil_muulnaat_1780603747847.png,0,1,1,1,0,0
haan_ghil_muulnaat_1780603748617.png,0,0,0,1,0,0
haan_ghil_muulnaat_1780603749244.png,0,1,1,1,0,0
haan_ghil_muulnaat_1780603749957.png,0,1,1,1,0,0
haan_ghil_muulnaat_1780603750541.png,1,1,1,1,1,0
haan_ghil_muulnaat_1780603751155.png,0,1,1,1,0,0
haan_ghil_muulnaat_1780603751855.png,0,1,1,1,1,1
haan_ghil_muulnaat_1780603752675.png,0,1,0,1,0,0
haan_ghil_muulnaat_1780603753300.png,0,1,1,1,1,1
haan_ghil_muulnaat_1780603753942.png,1,1,0,1,0,1
haan_ghil_muulnaat_1780603754552.png,0,1,1,1,1,1
haan_ghil_muulnaat_1780603755389.png,0,1,1,1,0,1
haan_ghil_muulnaat_1780603756027.png,0,1,1,1,0,1
haan_ghil_muulnaat_1780603756660.png,0,0,0,0,0,0
haan_ghil_muulnaat_1780603757297.png,0,1,1,1,0,1
haan_ghil_muulnaat_1780603757890.png,0,1,1,1,0,0
haan_ghil_muulnaat_1780603758619.png,0,1,1,1,0,0
haan_ghil_muulnaat_1780603759206.png,0,1,1,1,0,1
haan_ghil_muulnaat_1780603759811.png,0,1,1,1,1,1
haan_ghil_muulnaat_1780603760585.png,0,1,0,1,0,0
haan_ghil_muulnaat_1780603761139.png,0,1,1,1,1,1
haan_ghil_muulnaat_1780603761941.png,1,1,1,1,0,0
haan_ghil_muulnaat_1780603762527.png,0,1,1,1,1,0
haan_ghil_muulnaat_1780603763155.png,0,1,1,1,0,0
haan_ghil_muulnaat_1780603763875.png,0,1,1,1,0,0
haan_ghil_muulnaat_1780603764630.png,0,1,1,1,0,1
haan_ghil_muulnaat_1780603765381.png,0,1,1,1,1,1
haan_ghil_muulnaat_1780603766185.png,0,1,1,1,0,1
haan_ghil_muulnaat_1780603767018.png,0,1,1,1,0,0
haan_ghil_muulnaat_1780603767812.png,0,1,0,1,0,0
haan_ghil_muulnaat_1780603768414.png,1,1,1,0,0,1
haan_ghil_muulnaat_1780603768902.png,0,1,1,1,0,0
haan_ghil_muulnaat_1780603769919.png,0,1,1,0,1,1
haan_ghil_muulnaat_1780603770370.png,1,1,1,1,1,0
haan_ghil_muulnaat_1780603770826.png,0,1,1,1,1,1
haan_ghil_muulnaat_1780603771432.png,0,1,1,1,1,1
haan_ghil_muulnaat_1780603772081.png,0,1,1,1,0,0
haan_ghil_muulnaat_1780603772622.png,0,1,1,1,0,1
haan_ghil_muulnaat_1780603773224.png,0,1,1,0,0,1
haan_ghil_muulnaat_1780603774083.png,0,1,0,1,0,0
haan_ghil_muulnaat_1780603774730.png,0,0,1,1,1,1
haan_ghil_muulnaat_1780603775376.png,1,1,1,1,0,1
haan_ghil_muulnaat_1780603776910.png,1,1,1,1,1,1
haan_ghil_muulnaat_1780603777685.png,0,1,1,1,1,0
haan_ghil_muulnaat_1780603778307.png,0,1,1,0,0,1
haan_ghil_muulnaat_1780603778907.png,0,0,1,1,0,1
haan_ghil_muulnaat_1780603779704.png,1,1,1,1,1,1
haan_ghil_muulnaat_1780603780328.png,0,1,1,1,0,1
haan_ghil_muulnaat_1780603781132.png,1,1,1,1,1,1
haan_ghil_muulnaat_1780603781931.png,1,1,1,1,0,1
haan_ghil_muulnaat_1780603782520.png,1,1,1,1,1,1
haan_ghil_muulnaat_1780603783278.png,0,1,1,1,0,1
haan_ghil_muulnaat_1780603783879.png,0,1,1,1,1,0
haan_ghil_muulnaat_1780603784489.png,0,1,1,1,0,0
haan_ghil_muulnaat_1780603785279.png,0,1,1,1,1,1
haan_ghil_muulnaat_1780603785871.png,0,0,1,0,0,1
haan_ghil_muulnaat_1780603786684.png,0,1,1,1,0,0
haan_ghil_muulnaat_1780603787298.png,0,1,1,1,0,0
haan_ghil_muulnaat_1780603787968.png,1,1,1,1,1,1
haan_ghil_muulnaat_1780603788614.png,0,1,1,1,1,1
haan_ghil_muulnaat_1780603789449.png,0,1,0,1,0,0
haan_ghil_muulnaat_1780603790099.png,1,1,1,1,0,1
haan_ghil_muulnaat_1780603790678.png,1,1,1,1,0,1
haan_ghil_muulnaat_1780603791329.png,0,1,0,1,1,1
haan_ghil_muulnaat_1780603792166.png,0,1,1,1,1,1
haan_ghil_muulnaat_1780603792811.png,0,1,1,1,1,0
haan_ghil_muulnaat_1780603793669.png,1,0,1,1,1,1
haan_ghil_muulnaat_1780603794298.png,1,1,1,1,1,0
haan_ghil_muulnaat_1780603794922.png,0,1,1,1,0,1
haan_ghil_muulnaat_1780603795764.png,0,1,1,1,1,1
haan_ghil_muulnaat_1780603796526.png,0,1,1,0,0,0
haan_ghil_muulnaat_1780603797322.png,0,1,1,1,0,0
haan_ghil_muulnaat_1780603797930.png,0,0,1,1,0,1
haan_ghil_muulnaat_1780603798724.png,0,0,0,1,0,0
haan_ghil_muulnaat_1780603799482.png,1,1,1,1,1,0
haan_ghil_muulnaat_1780603800058.png,0,1,1,0,1,1
haan_ghil_muulnaat_1780603800859.png,0,0,1,0,0,1
haan_ghil_muulnaat_1780603801653.png,0,1,1,1,0,0
haan_ghil_muulnaat_1780603802410.png,0,1,1,1,0,1
haan_ghil_muulnaat_1780603803049.png,0,0,1,1,0,1
haan_ghil_muulnaat_1780603803843.png,0,1,1,1,1,1
haan_ghil_muulnaat_1780603804599.png,0,0,0,1,0,0
haan_ghil_muulnaat_1780603805198.png,0,1,1,1,1,1
haan_ghil_muulnaat_1780603805951.png,0,0,1,0,0,0
haan_ghil_muulnaat_1780603806531.png,0,1,1,1,0,0
haan_ghil_muulnaat_1780603807221.png,0,1,1,1,0,0
haan_ghil_muulnaat_1780603807934.png,0,1,0,1,0,0
haan_ghil_muulnaat_1780603808697.png,0,1,0,1,0,0
haan_ghil_muulnaat_1780603809315.png,0,1,1,1,0,0
haan_ghil_muulnaat_1780603810074.png,0,1,1,1,1,1
haan_ghil_muulnaat_1780603810666.png,0,0,1,1,1,1
haan_ghil_muulnaat_1780603811439.png,0,1,1,1,0,0
haan_ghil_muulnaat_1780603812152.png,0,1,1,1,0,0
haan_ghil_muulnaat_1780603812751.png,0,0,1,0,0,0
haan_ghil_muulnaat_1780603813315.png,0,0,1,1,1,1
haan_ghil_muulnaat_1780603814057.png,0,1,1,1,0,1
haan_ghil_muulnaat_1780603814662.png,0,1,1,1,0,0
haan_ghil_muulnaat_1780603815479.png,0,1,1,1,1,1
haan_ghil_muulnaat_1780603816059.png,1,1,1,1,0,1
haan_ghil_muulnaat_1780603816676.png,1,1,1,1,0,0
haan_ghil_muulnaat_1780603817279.png,0,1,1,1,0,0
haan_ghil_muulnaat_1780603818087.png,0,1,1,0,0,1
haan_ghil_muulnaat_1780603818701.png,0,1,1,1,0,1
haan_ghil_muulnaat_1780603819460.png,0,1,1,1,0,0
haan_ghil_muulnaat_1780603820070.png,1,0,1,0,0,1
haan_ghil_muulnaat_1780603820718.png,1,1,1,1,0,1
haan_ghil_muulnaat_1780603821333.png,0,1,1,1,1,0
haan_ghil_muulnaat_1780603822801.png,0,0,1,1,0,0
haan_ghil_muulnaat_1780603823555.png,1,1,1,0,0,1
haan_ghil_muulnaat_1780603824328.png,0,0,0,1,0,0
haan_ghil_muulnaat_1780603824951.png,0,1,1,1,0,1
haan_ghil_muulnaat_1780603825654.png,0,1,1,1,1,1
haan_ghil_muulnaat_1780603826486.png,0,1,1,1,0,0
haan_ghil_muulnaat_1780603827124.png,0,1,1,1,0,1
haan_ghil_muulnaat_1780603828607.png,0,1,1,1,1,1
haan_ghil_muulnaat_1780603829213.png,0,1,1,1,0,1
haan_ghil_muulnaat_1780603829827.png,0,1,1,1,1,1
haan_ghil_muulnaat_1780603830482.png,0,1,1,1,0,0
haan_ghil_muulnaat_1780603831127.png,0,1,1,0,0,1
haan_ghil_muulnaat_1780603831738.png,0,1,1,1,0,1
haan_ghil_muulnaat_1780603832352.png,0,1,1,1,0,0
haan_ghil_muulnaat_1780603832960.png,1,1,1,1,1,1
haan_ghil_muulnaat_1780603833799.png,0,0,0,1,0,0
haan_ghil_muulnaat_1780603835078.png,0,1,1,1,0,1
haan_ghil_muulnaat_1780603835881.png,0,1,1,1,0,0
haan_ghil_muulnaat_1780603836534.png,0,0,0,0,0,0
haan_ghil_muulnaat_1780603837173.png,0,1,1,1,1,1
haan_ghil_muulnaat_1780603837781.png,0,1,1,1,1,0
haan_ghil_muulnaat_1780603838406.png,0,1,1,1,1,1
haan_ghil_muulnaat_1780603839014.png,0,1,1,1,1,1
haan_ghil_muulnaat_1780603839606.png,0,1,1,1,1,1
haan_ghil_muulnaat_1780603840229.png,0,1,1,1,0,1
haan_ghil_muulnaat_1780603840818.png,0,1,1,1,0,1
haan_ghil_muulnaat_1780603841475.png,1,1,1,1,1,1
haan_ghil_muulnaat_1780603842085.png,0,1,1,1,0,1
haan_ghil_muulnaat_1780603842680.png,0,0,1,1,0,1
haan_ghil_muulnaat_1780603843309.png,0,1,1,1,0,1
haan_ghil_muulnaat_1780603844097.png,0,1,0,1,0,0
haan_ghil_muulnaat_1780603844753.png,0,1,1,1,0,1
haan_ghil_muulnaat_1780603845381.png,0,1,1,1,0,1
haan_ghil_muulnaat_1780603846155.png,0,1,1,0,0,1
haan_ghil_muulnaat_1780603846910.png,1,1,1,1,0,1
haan_ghil_muulnaat_1780603847527.png,1,1,1,1,1,1
haan_ghil_muulnaat_1780603848145.png,1,1,1,1,1,0
haan_ghil_muulnaat_1780603848889.png,0,0,0,0,0,0
haan_ghil_muulnaat_1780603849603.png,1,1,1,1,1,0
haan_ghil_muulnaat_1780603850207.png,0,1,1,1,0,1
haan_ghil_muulnaat_1780603850982.png,1,1,0,1,1,1
haan_ghil_muulnaat_1780603851680.png,0,1,1,1,0,1
haan_ghil_muulnaat_1780603852277.png,0,1,1,1,0,1
haan_ghil_muulnaat_1780603852860.png,1,1,1,1,0,1
haan_ghil_muulnaat_1780603853455.png,0,1,1,1,0,1
haan_ghil_muulnaat_1780603854193.png,0,1,1,1,1,1
haan_ghil_muulnaat_1780603854914.png,0,1,0,1,0,0
haan_ghil_muulnaat_1780603855647.png,0,1,1,1,0,0
haan_ghil_muulnaat_1780603856393.png,1,1,1,0,0,1
haan_ghil_muulnaat_1780603856985.png,0,1,1,1,0,0
haan_ghil_muulnaat_1780603857547.png,0,1,1,1,0,1
haan_ghil_muulnaat_1780603858124.png,0,1,1,1,1,1
haan_ghil_muulnaat_1780603858710.png,0,1,1,1,0,1
haan_ghil_muulnaat_1780603859279.png,0,1,1,0,0,0
haan_ghil_muulnaat_1780603860036.png,0,1,1,1,0,0
haan_ghil_muulnaat_1780603860632.png,0,1,1,1,0,1
haan_ghil_muulnaat_1780603861197.png,0,0,0,0,0,0
haan_ghil_muulnaat_1780603861781.png,1,1,1,1,1,1
haan_ghil_muulnaat_1780603862359.png,0,0,1,0,1,0
haan_ghil_muulnaat_1780603863751.png,0,0,0,1,0,0
haan_ghil_muulnaat_1780603864510.png,0,1,1,1,0,1
haan_ghil_muulnaat_1780603865110.png,0,1,1,1,0,1
haan_ghil_muulnaat_1780603865937.png,0,1,1,1,0,0
haan_ghil_muulnaat_1780603866698.png,0,1,0,1,0,0
haan_ghil_muulnaat_1780603867502.png,0,1,1,1,0,0
haan_ghil_muulnaat_1780603868322.png,0,1,1,1,0,1
haan_ghil_muulnaat_1780603868927.png,1,1,1,1,1,1
haan_ghil_muulnaat_1780603869589.png,1,1,1,1,1,0
haan_ghil_muulnaat_1780603870449.png,1,1,1,1,0,1
haan_ghil_muulnaat_1780603871055.png,0,1,1,1,1,1
haan_ghil_muulnaat_1780603871890.png,0,0,0,0,0,0
haan_ghil_muulnaat_1780603872717.png,0,1,1,0,0,1
haan_ghil_muulnaat_1780603873550.png,0,1,1,1,0,1
haan_ghil_muulnaat_1780603874163.png,1,0,0,1,1,1
haan_ghil_muulnaat_1780603874968.png,1,1,1,1,0,0
haan_ghil_muulnaat_1780603875829.png,0,1,1,1,0,1
haan_ghil_muulnaat_1780603876651.png,1,1,1,1,0,1
haan_ghil_muulnaat_1780603877400.png,1,1,1,1,0,1
haan_ghil_muulnaat_1780603878149.png,1,0,1,0,0,1
haan_ghil_muulnaat_1780603878930.png,0,1,1,1,0,0
haan_ghil_muulnaat_1780603879722.png,0,1,1,0,0,0
haan_ghil_muulnaat_1780603880946.png,1,1,1,1,1,1
haan_ghil_muulnaat_1780603881723.png,1,1,1,1,0,1
haan_ghil_muulnaat_1780603882542.png,1,1,1,1,0,1
haan_ghil_muulnaat_1780603883437.png,1,1,1,1,0,1
haan_ghil_muulnaat_1780603884204.png,1,1,1,1,0,0
haan_ghil_muulnaat_1780603884860.png,0,1,1,1,0,1
haan_ghil_muulnaat_1780603885646.png,0,1,1,1,0,0
haan_ghil_muulnaat_1780603886446.png,0,1,1,1,1,1
haan_ghil_muulnaat_1780603887227.png,0,1,1,1,0,0
haan_ghil_muulnaat_1780603887871.png,0,1,1,1,0,0
haan_ghil_muulnaat_1780603888483.png,0,1,1,1,0,1
haan_ghil_muulnaat_1780603889277.png,1,1,1,1,0,1
haan_ghil_muulnaat_1780603890058.png,0,1,1,1,0,1
haan_ghil_muulnaat_1780603890866.png,0,1,1,1,0,1
haan_ghil_muulnaat_1780603891475.png,0,1,1,1,0,1
haan_ghil_muulnaat_1780603892266.png,0,1,1,1,0,0
haan_ghil_muulnaat_1780603893070.png,0,1,1,1,0,1
haan_ghil_muulnaat_1780603893836.png,0,0,0,1,0,0
haan_ghil_muulnaat_1780603894436.png,1,1,1,1,1,1
haan_ghil_muulnaat_1780603895271.png,0,1,1,1,0,0
haan_ghil_muulnaat_1780603895859.png,0,1,1,1,1,1
haan_ghil_muulnaat_1780603896484.png,0,1,1,1,0,1
haan_ghil_muulnaat_1780603897076.png,1,1,1,0,0,1
haan_ghil_muulnaat_1780603897874.png,0,0,0,1,0,0
haan_ghil_muulnaat_1780603899054.png,0,1,1,1,1,1
haan_ghil_muulnaat_1780603899683.png,0,1,1,1,0,1
haan_ghil_muulnaat_1780603900302.png,0,1,1,1,1,1
haan_ghil_muulnaat_1780603900929.png,1,1,1,1,0,1
haan_ghil_muulnaat_1780603901706.png,0,1,1,1,0,1
haan_ghil_muulnaat_1780603902300.png,1,1,1,1,0,0
haan_ghil_muulnaat_1780603903075.png,0,1,1,1,0,0
haan_ghil_muulnaat_1780603903678.png,1,1,1,1,1,1
haan_ghil_muulnaat_1780603904259.png,1,1,1,1,0,1
haan_ghil_muulnaat_1780603904854.png,0,1,1,1,0,0
haan_ghil_muulnaat_1780603905699.png,0,1,1,1,1,1
haan_ghil_muulnaat_1780603906441.png,0,1,1,1,0,1
haan_ghil_muulnaat_1780603907056.png,0,1,1,1,1,1
haan_ghil_muulnaat_1780603907832.png,0,1,1,0,0,0
haan_ghil_muulnaat_1780603908456.png,0,1,1,1,1,0
haan_ghil_muulnaat_1780603909212.png,0,1,1,1,1,0
haan_ghil_muulnaat_1780603909955.png,0,1,1,1,0,0
haan_ghil_muulnaat_1780603910740.png,1,1,1,1,1,1
haan_ghil_muulnaat_1780603911425.png,0,1,1,0,1,1
haan_ghil_muulnaat_1780603912026.png,0,1,1,1,1,1
haan_ghil_muulnaat_1780603912666.png,1,1,1,0,1,1
haan_ghil_muulnaat_1780603913919.png,0,1,1,1,0,1
haan_ghil_muulnaat_1780603914741.png,0,1,1,1,0,0
haan_ghil_muulnaat_1780603915378.png,1,1,1,1,0,1
haan_ghil_muulnaat_1780603916158.png,0,1,1,1,0,0
haan_ghil_muulnaat_1780603916907.png,0,1,1,1,0,1
haan_ghil_muulnaat_1780603917718.png,0,1,1,1,0,0
haan_ghil_muulnaat_1780603918348.png,1,1,1,1,0,1
haan_ghil_muulnaat_1780603919117.png,0,1,0,1,0,0
haan_ghil_muulnaat_1780603919723.png,0,1,1,1,0,1
haan_ghil_muulnaat_1780603920346.png,0,1,1,1,0,1
haan_ghil_muulnaat_1780603921129.png,0,1,1,1,0,1
haan_ghil_muulnaat_1780603921759.png,1,0,0,0,0,0
haan_ghil_muulnaat_1780603922545.png,0,0,0,1,0,0
haan_ghil_muulnaat_1780603923135.png,0,1,1,1,0,1
haan_ghil_muulnaat_1780603923896.png,0,1,1,1,0,1
haan_ghil_muulnaat_1780603924489.png,0,1,1,1,0,0
haan_ghil_muulnaat_1780603925255.png,0,1,0,0,0,1
haan_ghil_muulnaat_1780603925894.png,0,1,1,1,0,0
haan_ghil_muulnaat_1780603926621.png,0,1,1,1,0,0
haan_ghil_muulnaat_1780603927379.png,0,1,1,0,1,1
haan_ghil_muulnaat_1780603928592.png,0,1,1,1,0,0
haan_ghil_muulnaat_1780603929379.png,0,1,0,1,0,0
haan_ghil_muulnaat_1780603930164.png,0,1,0,1,0,0
haan_ghil_muulnaat_1780603930885.png,0,1,1,1,0,1
haan_ghil_muulnaat_1780603931654.png,0,1,1,1,0,0
haan_ghil_muulnaat_1780604036754.png,0,1,1,1,0,1
haan_ghil_muulnaat_1780604038824.png,0,1,1,1,0,0
haan_ghil_muulnaat_1780604040470.png,0,1,1,1,0,1
haan_ghil_muulnaat_1780604042761.png,0,1,1,1,0,1
haan_ghil_muulnaat_1780604045120.png,0,1,1,0,0,0
haan_ghil_muulnaat_1780604047430.png,0,1,1,0,0,0
haan_ghil_muulnaat_1780604049046.png,0,1,1,1,0,1
haan_ghil_muulnaat_1780604050621.png,0,1,1,1,0,0
haan_ghil_muulnaat_1780604052907.png,1,1,1,1,0,0
haan_ghil_muulnaat_1780604055243.png,0,1,0,1,0,0
haan_ghil_muulnaat_1780604056996.png,0,1,1,1,0,0
haan_ghil_muulnaat_1780604057621.png,0,1,1,1,0,1
haan_ghil_muulnaat_1780604058273.png,0,1,0,1,0,0
haan_ghil_muulnaat_1780604058886.png,0,1,0,1,0,0
haan_ghil_muulnaat_1780604059556.png,0,1,1,1,1,1
haan_ghil_muulnaat_1780604060054.png,1,0,1,1,0,0
haan_ghil_muulnaat_1780604060732.png,0,0,0,1,0,0
haan_ghil_muulnaat_1780604061368.png,0,0,0,1,0,0
haan_ghil_muulnaat_1780604062063.png,0,1,1,1,1,1
haan_ghil_muulnaat_1780604062696.png,0,1,0,1,0,0
haan_ghil_muulnaat_1780604063374.png,0,0,0,1,0,0
haan_ghil_muulnaat_1780604063906.png,1,1,0,1,1,0
haan_ghil_muulnaat_1780604064549.png,0,1,1,1,1,1
haan_ghil_muulnaat_1780604065062.png,0,1,1,1,0,0
haan_ghil_muulnaat_1780604065568.png,0,1,1,1,0,0
haan_ghil_muulnaat_1780604066201.png,0,1,1,1,1,1
haan_ghil_muulnaat_1780604066730.png,0,1,1,0,0,1
haan_ghil_muulnaat_1780604067289.png,0,1,1,1,0,0
haan_ghil_muulnaat_1780604067836.png,0,1,1,1,1,1
haan_ghil_muulnaat_1780604068383.png,0,1,1,1,1,1
haan_ghil_muulnaat_1780604068932.png,0,1,1,0,1,1
haan_ghil_muulnaat_1780604069478.png,1,1,1,1,1,1
haan_ghil_muulnaat_1780604070021.png,0,1,1,1,0,0
haan_ghil_muulnaat_1780604070613.png,1,1,1,1,0,1
haan_ghil_muulnaat_1780604071958.png,0,1,1,1,0,0
haan_ghil_muulnaat_1780604072495.png,0,1,1,1,0,0
haan_ghil_muulnaat_1780604073064.png,0,0,1,0,0,1
haan_ghil_muulnaat_1780604073581.png,1,1,1,1,1,1
haan_ghil_muulnaat_1780604074312.png,0,1,0,1,0,0
haan_ghil_muulnaat_1780604075002.png,0,1,1,1,0,0
haan_ghil_muulnaat_1780604075539.png,1,1,1,1,1,1
haan_ghil_muulnaat_1780604076052.png,0,1,1,1,1,1
haan_ghil_muulnaat_1780604076650.png,1,1,1,1,0,0
haan_ghil_muulnaat_1780604077436.png,0,1,1,1,1,1
haan_ghil_muulnaat_1780604078031.png,0,1,1,1,0,1
haan_ghil_muulnaat_1780604078619.png,0,1,1,1,0,0
haan_ghil_muulnaat_1780604079234.png,1,1,1,1,1,1
haan_ghil_muulnaat_1780604080017.png,0,1,1,1,0,1
haan_ghil_muulnaat_1780604080764.png,0,1,1,1,1,1
haan_ghil_muulnaat_1780604081569.png,0,1,1,1,1,1
haan_ghil_muulnaat_1780604082369.png,0,1,1,1,1,1
haan_ghil_muulnaat_1780604082970.png,0,1,1,1,0,1
haan_ghil_muulnaat_1780604083599.png,1,1,1,0,0,1
haan_ghil_muulnaat_1780604084234.png,1,1,1,1,1,1
haan_ghil_muulnaat_1780604084860.png,0,1,1,1,0,1
haan_ghil_muulnaat_1780604085463.png,0,1,1,1,1,1
haan_ghil_muulnaat_1780604086078.png,1,1,1,1,0,0
haan_ghil_muulnaat_1780604086778.png,0,1,1,1,1,1
haan_ghil_muulnaat_1780604087522.png,0,1,1,1,0,1
haan_ghil_muulnaat_1780604088038.png,0,1,1,1,0,0
haan_ghil_muulnaat_1780604088591.png,1,1,1,1,0,0
haan_ghil_muulnaat_1780604089213.png,0,1,1,1,0,1
haan_ghil_muulnaat_1780604089990.png,0,0,1,0,0,1
haan_ghil_muulnaat_1780604090558.png,0,1,1,1,1,1
haan_ghil_muulnaat_1780604091293.png,1,0,1,1,0,0
haan_ghil_muulnaat_1780604091903.png,1,1,1,1,0,0
haan_ghil_muulnaat_1780604092683.png,0,1,1,1,0,0
haan_ghil_muulnaat_1780604093244.png,0,1,1,1,1,1
haan_ghil_muulnaat_1780604093865.png,0,1,1,0,0,1
haan_ghil_muulnaat_1780604094450.png,0,1,1,1,1,1
haan_ghil_muulnaat_1780604095261.png,0,1,1,1,0,1
haan_ghil_muulnaat_1780604096036.png,1,1,1,1,1,1
haan_ghil_muulnaat_1780604096786.png,1,1,1,1,1,1
haan_ghil_muulnaat_1780604097580.png,1,1,1,1,1,1
haan_ghil_muulnaat_1780604098139.png,0,1,1,1,0,1
haan_ghil_muulnaat_1780604098686.png,0,1,1,1,0,0
haan_ghil_muulnaat_1780604099300.png,1,1,1,1,1,1
haan_ghil_muulnaat_1780604100014.png,1,1,1,1,0,1
haan_ghil_muulnaat_1780604100583.png,0,0,1,1,0,0
haan_ghil_muulnaat_1780604101158.png,0,1,1,1,1,0
haan_ghil_muulnaat_1780604101735.png,1,0,1,1,0,1
haan_ghil_muulnaat_1780604102535.png,0,1,0,1,0,0
haan_ghil_muulnaat_1780604103271.png,0,0,1,1,0,0
haan_ghil_muulnaat_1780604104035.png,0,1,0,1,0,0
haan_ghil_muulnaat_1780604104639.png,0,1,1,1,1,1
haan_ghil_muulnaat_1780604105370.png,0,1,1,1,0,0
haan_ghil_muulnaat_1780604106101.png,0,1,1,1,0,1
haan_ghil_muulnaat_1780604106858.png,0,0,0,1,0,0
haan_ghil_muulnaat_1780604107484.png,0,1,1,1,1,1
haan_ghil_muulnaat_1780604108081.png,0,1,1,0,1,1
haan_ghil_muulnaat_1780604108922.png,0,1,0,1,0,1
haan_ghil_muulnaat_1780604109706.png,0,1,1,1,0,0
haan_ghil_muulnaat_1780604110349.png,0,1,1,1,1,1
haan_ghil_muulnaat_1780604111174.png,0,1,1,1,0,1
haan_ghil_muulnaat_1780604112010.png,0,0,0,1,0,0
haan_ghil_muulnaat_1780604112632.png,0,1,1,1,1,1
haan_ghil_muulnaat_1780604113473.png,0,1,0,0,0,1
haan_ghil_muulnaat_1780604114133.png,0,0,0,0,0,0
haan_ghil_muulnaat_1780604114782.png,1,1,1,1,0,0
haan_ghil_muulnaat_1780604115380.png,0,1,1,1,0,1
haan_ghil_muulnaat_1780604115987.png,0,1,1,1,1,1
haan_ghil_muulnaat_1780604116730.png,0,0,0,1,0,0
haan_ghil_muulnaat_1780604117334.png,0,1,1,1,1,1
haan_ghil_muulnaat_1780604118110.png,0,1,1,1,0,1
haan_ghil_muulnaat_1780604118729.png,0,1,1,1,0,1
haan_ghil_muulnaat_1780604119528.png,0,1,1,1,0,1
haan_ghil_muulnaat_1780604120151.png,0,1,1,1,0,0
haan_ghil_muulnaat_1780604120912.png,0,1,1,1,1,1
haan_ghil_muulnaat_1780604121691.png,0,1,1,1,1,1
haan_ghil_muulnaat_1780604122345.png,0,1,1,1,0,1
haan_ghil_muulnaat_1780604122923.png,0,1,1,1,0,1
haan_ghil_muulnaat_1780604123749.png,0,1,1,0,1,1
haan_ghil_muulnaat_1780604124368.png,0,1,1,1,0,1
haan_ghil_muulnaat_1780604125002.png,0,1,1,1,0,1
haan_ghil_muulnaat_1780604125745.png,0,0,0,1,0,0
haan_ghil_muulnaat_1780604126574.png,0,1,1,0,0,1
haan_ghil_muulnaat_1780604127182.png,1,1,1,1,1,0
haan_ghil_muulnaat_1780604127984.png,0,1,1,1,0,1
haan_ghil_muulnaat_1780604128794.png,1,1,1,0,1,0
haan_ghil_muulnaat_1780604129409.png,0,0,1,1,0,1
haan_ghil_muulnaat_1780604130024.png,1,1,1,1,1,1
haan_ghil_muulnaat_1780604130830.png,0,1,1,1,0,1
haan_ghil_muulnaat_1780604131614.png,0,1,1,1,0,0
haan_ghil_muulnaat_1780604132436.png,0,1,1,1,0,0
haan_ghil_muulnaat_1780604133255.png,0,1,1,1,0,1
haan_ghil_muulnaat_1780604133854.png,0,1,1,0,0,1
haan_ghil_muulnaat_1780604134630.png,0,1,0,1,0,0
haan_ghil_muulnaat_1780604135404.png,0,0,0,1,0,0
haan_ghil_muulnaat_1780604136036.png,0,0,0,0,0,0
haan_ghil_muulnaat_1780604136648.png,0,1,1,1,0,0
haan_ghil_muulnaat_1780604137287.png,0,1,1,1,0,0
haan_ghil_muulnaat_1780604138148.png,0,1,1,1,1,1
haan_ghil_muulnaat_1780604138985.png,1,1,1,1,1,1
haan_ghil_muulnaat_1780604139604.png,1,1,1,1,0,1
haan_ghil_muulnaat_1780604140434.png,1,1,1,1,1,1
haan_ghil_muulnaat_1780604141079.png,0,1,1,1,0,1
haan_ghil_muulnaat_1780604141724.png,0,1,1,1,0,1
haan_ghil_muulnaat_1780604142366.png,0,1,1,1,0,1
haan_ghil_muulnaat_1780604142999.png,0,1,1,1,0,0
haan_ghil_muulnaat_1780604143817.png,0,1,1,1,0,1
haan_ghil_muulnaat_1780604144422.png,0,1,1,1,0,1
haan_ghil_muulnaat_1780604145231.png,0,1,1,0,1,1
haan_ghil_muulnaat_1780604145870.png,0,1,1,1,0,1
haan_ghil_muulnaat_1780604146621.png,0,1,0,1,0,0
haan_ghil_muulnaat_1780604147240.png,0,1,1,1,0,0
haan_ghil_muulnaat_1780604147841.png,0,0,1,1,0,0
haan_ghil_muulnaat_1780604148599.png,0,1,0,1,0,0
haan_ghil_muulnaat_1780604149324.png,0,1,1,1,0,0
haan_ghil_muulnaat_1780604150079.png,0,1,1,1,0,1
haan_ghil_muulnaat_1780604150642.png,0,1,1,1,1,1
haan_ghil_muulnaat_1780604151387.png,0,1,1,1,0,1
haan_ghil_muulnaat_1780604152189.png,1,1,1,1,0,1
haan_ghil_muulnaat_1780604152873.png,1,1,1,1,1,1
haan_ghil_muulnaat_1780604153591.png,0,1,1,1,0,0
haan_ghil_muulnaat_1780604154108.png,1,1,1,1,1,1
haan_ghil_muulnaat_1780604154863.png,1,1,1,1,1,0
haan_ghil_muulnaat_1780604155437.png,1,1,1,1,0,1
haan_ghil_muulnaat_1780604156191.png,1,1,1,1,0,0
haan_ghil_muulnaat_1780604156813.png,0,1,1,0,0,1
haan_ghil_muulnaat_1780604157578.png,0,1,1,1,0,0
haan_ghil_muulnaat_1780604158319.png,0,0,0,1,0,0
haan_ghil_muulnaat_1780604159067.png,0,1,1,1,0,1
haan_ghil_muulnaat_1780604159690.png,1,1,1,1,1,1
haan_ghil_muulnaat_1780604160303.png,1,1,1,1,1,1
haan_ghil_muulnaat_1780604161062.png,0,0,1,1,0,1
haan_ghil_muulnaat_1780604161774.png,0,1,1,1,0,0
haan_ghil_muulnaat_1780604162555.png,1,1,1,1,0,1
haan_ghil_muulnaat_1780604163123.png,1,1,1,1,0,1
haan_ghil_muulnaat_1780604163962.png,0,1,1,1,1,0
haan_ghil_muulnaat_1780604164756.png,0,1,1,1,1,0
haan_ghil_muulnaat_1780604165335.png,0,0,1,1,0,1
haan_ghil_muulnaat_1780604166109.png,0,1,0,1,0,0
haan_ghil_muulnaat_1780604166668.png,0,1,0,1,1,1
haan_ghil_muulnaat_1780604167296.png,0,1,1,1,0,1
haan_ghil_muulnaat_1780604167932.png,0,1,1,1,0,1
haan_ghil_muulnaat_1780604168714.png,1,1,1,1,0,1
haan_ghil_muulnaat_1780604169270.png,0,1,1,1,0,1
haan_ghil_muulnaat_1780604169875.png,0,1,1,1,0,0
haan_ghil_muulnaat_1780604170462.png,1,1,1,1,1,0
haan_ghil_muulnaat_1780604171100.png,1,1,1,1,1,1
haan_ghil_muulnaat_1780604171710.png,0,0,1,0,1,1
haan_ghil_muulnaat_1780604172286.png,0,1,1,1,0,1
haan_ghil_muulnaat_1780604172915.png,1,1,1,1,0,1
haan_ghil_muulnaat_1780604173733.png,0,1,0,1,0,0
haan_ghil_muulnaat_1780604174530.png,0,0,0,1,0,0
haan_ghil_muulnaat_1780604175157.png,1,1,1,1,1,1
haan_ghil_muulnaat_1780604175965.png,0,1,1,1,1,1
haan_ghil_muulnaat_1780604176582.png,0,0,1,0,0,0
haan_ghil_muulnaat_1780604177333.png,1,1,1,1,1,1
haan_ghil_muulnaat_1780604177899.png,0,1,1,1,1,1
haan_ghil_muulnaat_1780604178674.png,0,1,1,1,0,0
haan_ghil_muulnaat_1780604179265.png,0,1,1,1,1,1
haan_ghil_muulnaat_1780604180053.png,0,1,1,1,0,0
haan_ghil_muulnaat_1780604180831.png,0,1,1,1,0,1
haan_ghil_muulnaat_1780604181513.png,0,1,0,1,0,0
haan_ghil_muulnaat_1780604182231.png,0,1,1,1,0,1
haan_ghil_muulnaat_1780604182807.png,0,0,1,1,1,0
haan_ghil_muulnaat_1780604183572.png,1,0,1,1,0,0
haan_ghil_muulnaat_1780604184349.png,1,1,1,1,0,1
haan_ghil_muulnaat_1780604185057.png,1,1,1,1,1,0
haan_ghil_muulnaat_1780604185828.png,1,1,1,1,1,1
haan_ghil_muulnaat_1780604186578.png,0,1,1,1,0,1
haan_ghil_muulnaat_1780604187234.png,0,1,0,1,0,1
haan_ghil_muulnaat_1780604187814.png,0,1,1,1,0,1
haan_ghil_muulnaat_1780604188479.png,0,1,1,1,0,0
haan_ghil_muulnaat_1780604189315.png,0,1,1,0,0,1
haan_ghil_muulnaat_1780604190112.png,0,0,0,1,0,0
haan_ghil_muulnaat_1780604190873.png,0,0,1,1,0,1
haan_ghil_muulnaat_1780604191678.png,0,1,1,1,0,1
haan_ghil_muulnaat_1780604192299.png,1,1,1,1,0,0
haan_ghil_muulnaat_1780604193167.png,0,1,1,1,1,1
haan_ghil_muulnaat_1780604193792.png,0,1,1,1,0,1
haan_ghil_muulnaat_1780604194448.png,1,1,1,1,1,0
haan_ghil_muulnaat_1780604195262.png,0,1,1,1,0,0
haan_ghil_muulnaat_1780604195892.png,0,1,1,1,1,1
haan_ghil_muulnaat_1780604196514.png,1,0,0,0,0,1
haan_ghil_muulnaat_1780604197307.png,0,1,1,1,0,1
haan_ghil_muulnaat_1780604197902.png,1,1,1,1,0,0
haan_ghil_muulnaat_1780604198674.png,0,1,1,1,0,0
haan_ghil_muulnaat_1780604199248.png,1,1,1,1,0,1
haan_ghil_muulnaat_1780604199871.png,0,1,1,1,0,1
haan_ghil_muulnaat_1780604200648.png,0,1,1,1,1,1
haan_ghil_muulnaat_1780604201221.png,0,1,1,1,0,1
haan_ghil_muulnaat_1780604201860.png,0,1,1,1,0,0
haan_ghil_muulnaat_1780604202605.png,0,1,1,1,0,0
haan_ghil_muulnaat_1780604203200.png,0,1,1,1,0,1
haan_ghil_muulnaat_1780604203803.png,0,1,1,1,0,1
haan_ghil_muulnaat_1780604204403.png,0,1,1,1,0,1
haan_ghil_muulnaat_1780604205019.png,0,1,1,1,0,1
haan_ghil_muulnaat_1780604205830.png,1,1,1,1,0,0
haan_ghil_muulnaat_1780604206600.png,0,1,1,1,0,0
haan_ghil_muulnaat_1780604207226.png,0,1,1,1,1,0
haan_ghil_muulnaat_1780604207811.png,0,1,1,1,0,1
haan_ghil_muulnaat_1780604208439.png,1,1,1,1,0,1
haan_ghil_muulnaat_1780604209023.png,0,0,0,0,0,0
haan_ghil_muulnaat_1780604209640.png,0,1,1,1,0,1
haan_ghil_muulnaat_1780604210251.png,1,1,1,1,0,1
haan_ghil_muulnaat_1780604210859.png,0,1,1,1,0,1
haan_ghil_muulnaat_1780604211469.png,0,1,1,1,0,1
haan_ghil_muulnaat_1780604212236.png,0,1,1,1,0,0
haan_ghil_muulnaat_1780604212874.png,0,0,1,0,0,0
haan_ghil_muulnaat_1780604213662.png,0,0,0,0,0,0
haan_ghil_muulnaat_1780604214479.png,0,1,1,1,1,1
haan_ghil_muulnaat_1780604215269.png,1,1,1,1,1,1
haan_ghil_muulnaat_1780604215919.png,1,1,1,1,0,1
haan_ghil_muulnaat_1780604216700.png,0,1,1,1,1,1
haan_ghil_muulnaat_1780604217462.png,0,0,1,0,0,1
haan_ghil_muulnaat_1780604218037.png,0,1,1,1,1,1
haan_ghil_muulnaat_1780604218793.png,0,1,1,1,0,1
haan_ghil_muulnaat_1780604219402.png,0,1,1,1,0,0
haan_ghil_muulnaat_1780604220037.png,0,1,1,1,1,0
haan_ghil_muulnaat_1780604220673.png,0,1,1,1,0,1
haan_ghil_muulnaat_1780604221283.png,0,0,1,1,0,1
haan_ghil_muulnaat_1780604221902.png,0,1,1,1,0,1
haan_ghil_muulnaat_1780604222614.png,0,0,0,0,0,1
haan_ghil_muulnaat_1780604223401.png,0,1,1,1,0,0
haan_ghil_muulnaat_1780604223983.png,1,1,1,1,1,1
haan_ghil_muulnaat_1780604224726.png,0,1,1,1,1,1
haan_ghil_muulnaat_1780604225482.png,0,1,1,0,0,0
haan_ghil_muulnaat_1780604226080.png,0,0,1,1,1,1
haan_ghil_muulnaat_1780604226688.png,0,1,1,1,1,0
haan_ghil_muulnaat_1780604227416.png,0,0,0,0,0,0
haan_ghil_muulnaat_1780604228147.png,1,1,1,1,0,1
haan_ghil_muulnaat_1780604228873.png,0,1,1,1,0,0
haan_ghil_muulnaat_1780604229613.png,0,1,0,1,0,0
haan_ghil_muulnaat_1780604230376.png,0,0,0,1,0,0
haan_ghil_muulnaat_1780604231154.png,0,0,0,0,0,0
haan_ghil_muulnaat_1780604231876.png,0,1,0,1,0,0
haan_ghil_muulnaat_1780604232594.png,0,1,1,1,0,1
haan_ghil_muulnaat_1780604233177.png,0,1,1,1,0,1
haan_ghil_muulnaat_1780604233763.png,0,1,1,1,1,1
haan_ghil_muulnaat_1780604234477.png,0,1,1,1,1,1
haan_ghil_muulnaat_1780604235244.png,0,1,1,1,0,0
haan_ghil_muulnaat_1780604235835.png,0,1,1,1,1,1
haan_ghil_muulnaat_1780604236576.png,0,1,1,1,0,1
haan_ghil_muulnaat_1780604237305.png,0,1,1,1,0,1
haan_ghil_muulnaat_1780604237949.png,0,1,0,1,0,1
haan_ghil_muulnaat_1780604238538.png,0,1,1,1,1,1
haan_ghil_muulnaat_1780604239335.png,0,1,1,1,0,1
haan_ghil_muulnaat_1780604240065.png,0,1,1,1,0,0
haan_ghil_muulnaat_1780604240833.png,1,1,1,1,0,0
haan_ghil_muulnaat_1780604241447.png,0,1,1,1,0,1
haan_ghil_muulnaat_1780604242046.png,0,1,1,1,1,1
haan_ghil_muulnaat_1780604242784.png,0,0,0,0,0,0
haan_ghil_muulnaat_1780604243620.png,0,1,1,1,0,0
haan_ghil_muulnaat_1780604244406.png,1,1,1,1,0,1
haan_ghil_muulnaat_1780604245196.png,0,1,1,0,0,1
haan_ghil_muulnaat_1780604245772.png,0,1,1,1,1,1
haan_ghil_muulnaat_1780604246375.png,0,0,1,1,0,1
haan_ghil_muulnaat_1780604247129.png,1,1,1,1,1,1
haan_ghil_muulnaat_1780604247666.png,0,1,1,1,0,1
haan_ghil_muulnaat_1780604248277.png,1,1,1,1,1,0
haan_ghil_muulnaat_1780604248898.png,0,1,1,1,0,1
haan_ghil_muulnaat_1780604249662.png,0,1,1,1,0,1
haan_ghil_muulnaat_1780604250398.png,0,0,0,1,0,0
haan_ghil_muulnaat_1780604251180.png,0,1,1,1,1,1
haan_ghil_muulnaat_1780604251859.png,1,1,1,1,1,1
haan_ghil_muulnaat_1780604252580.png,0,1,1,1,0,0
haan_ghil_muulnaat_1780604253188.png,0,1,1,1,0,0
haan_ghil_muulnaat_1780604253811.png,0,1,1,1,1,0
haan_ghil_muulnaat_1780604254385.png,0,1,1,1,0,0
haan_ghil_muulnaat_1780604255019.png,0,1,1,1,0,0
haan_ghil_muulnaat_1780604255655.png,0,1,0,1,0,1
haan_ghil_muulnaat_1780604256464.png,0,1,1,1,0,1
haan_ghil_muulnaat_1780604257113.png,0,1,1,1,1,0
haan_ghil_muulnaat_1780604257777.png,0,1,1,1,0,1
haan_ghil_muulnaat_1780604258384.png,0,1,1,1,1,1
haan_ghil_muulnaat_1780604259176.png,0,1,1,1,1,1
haan_ghil_muulnaat_1780604259790.png,0,0,1,0,0,0
haan_ghil_muulnaat_1780604260394.png,1,1,1,1,0,0
haan_ghil_muulnaat_1780604261035.png,0,1,1,1,0,0
haan_ghil_muulnaat_1780604261619.png,1,1,1,1,0,1
haan_ghil_muulnaat_1780604262295.png,0,1,1,1,0,1
haan_ghil_muulnaat_1780604262901.png,0,1,1,1,1,1
haan_ghil_muulnaat_1780604263713.png,0,0,0,0,0,0
haan_ghil_muulnaat_1780604264522.png,0,1,1,1,1,0
haan_ghil_muulnaat_1780604265144.png,0,1,1,1,0,1
haan_ghil_muulnaat_1780604265772.png,0,1,1,0,1,1
haan_ghil_muulnaat_1780604266573.png,0,1,1,1,0,0
haan_ghil_muulnaat_1780604267164.png,0,1,1,1,0,0
haan_ghil_muulnaat_1780604267741.png,0,1,1,1,0,0
haan_ghil_muulnaat_1780604268416.png,0,0,0,1,0,0
haan_ghil_muulnaat_1780604269169.png,0,1,1,1,0,1
haan_ghil_muulnaat_1780604269854.png,0,0,0,1,0,0
haan_ghil_muulnaat_1780604270420.png,1,1,1,1,0,1
haan_ghil_muulnaat_1780604271124.png,0,0,0,1,0,0
haan_ghil_muulnaat_1780604271860.png,1,1,1,1,0,0
haan_ghil_muulnaat_1780604272440.png,0,1,1,1,0,0
haan_ghil_muulnaat_1780604273183.png,0,1,0,1,0,0
haan_ghil_muulnaat_1780604273880.png,0,0,0,0,0,0
haan_ghil_muulnaat_1780604274637.png,0,1,1,1,0,0
haan_ghil_muulnaat_1780604275390.png,0,1,1,0,0,1
haan_ghil_muulnaat_1780604276112.png,0,0,1,1,0,0
haan_ghil_muulnaat_1780604277551.png,0,1,0,1,0,1
haan_ghil_muulnaat_1780604278160.png,0,1,1,1,0,1
haan_ghil_muulnaat_1780604278769.png,0,1,1,1,0,1
haan_ghil_muulnaat_1780604279357.png,0,1,1,1,0,1
haan_ghil_muulnaat_1780604280210.png,0,1,1,1,1,1
haan_ghil_muulnaat_1780604280853.png,1,1,1,1,1,1
haan_ghil_muulnaat_1780604281658.png,0,1,1,1,1,1
haan_ghil_muulnaat_1780604282279.png,1,0,1,1,0,1
haan_ghil_muulnaat_1780604282859.png,0,1,1,1,0,1
haan_ghil_muulnaat_1780604283493.png,0,1,1,1,0,0
haan_ghil_muulnaat_1780604284300.png,0,1,0,1,0,0
haan_ghil_muulnaat_1780604284942.png,0,1,1,1,1,1
haan_ghil_muulnaat_1780604285787.png,0,1,1,1,0,0
haan_ghil_muulnaat_1780604286395.png,0,1,1,1,1,1
haan_ghil_muulnaat_1780604287156.png,0,1,1,1,1,1
haan_ghil_muulnaat_1780604287944.png,1,1,0,1,0,0
haan_ghil_muulnaat_1780604288762.png,0,1,1,0,0,1
haan_ghil_muulnaat_1780604289363.png,0,1,1,1,0,1
haan_ghil_muulnaat_1780604289961.png,0,0,1,1,1,0
haan_ghil_muulnaat_1780604290737.png,0,0,0,1,0,0
haan_ghil_muulnaat_1780604291330.png,1,1,1,0,1,1
haan_ghil_muulnaat_1780604292059.png,1,1,1,1,1,1
haan_ghil_muulnaat_1780604292889.png,0,1,1,1,0,0
haan_ghil_muulnaat_1780604293508.png,0,1,1,1,1,0
haan_ghil_muulnaat_1780604294126.png,0,0,1,1,0,1
haan_ghil_muulnaat_1780604294754.png,0,1,1,1,1,1
haan_ghil_muulnaat_1780604295368.png,0,1,1,1,0,1
haan_ghil_muulnaat_1780604296164.png,0,1,1,1,1,1
haan_ghil_muulnaat_1780604296754.png,0,1,0,1,0,1
haan_ghil_muulnaat_1780604297357.png,0,1,1,0,0,1
haan_ghil_muulnaat_1780604298132.png,0,1,1,1,1,1
haan_ghil_muulnaat_1780604298718.png,0,1,1,1,1,1
haan_ghil_muulnaat_1780604299472.png,1,1,1,1,1,1
haan_ghil_muulnaat_1780604300209.png,0,1,1,1,1,1
haan_ghil_muulnaat_1780604300763.png,0,1,1,1,0,1
haan_ghil_muulnaat_1780604301552.png,0,1,1,1,0,0
haan_ghil_muulnaat_1780604302683.png,0,1,1,1,0,1
haan_ghil_muulnaat_1780604303440.png,1,1,1,1,0,1
haan_ghil_muulnaat_1780604304045.png,0,1,1,1,0,1
haan_ghil_muulnaat_1780604304662.png,0,1,1,1,0,1
haan_ghil_muulnaat_1780604305446.png,0,1,1,1,0,1
haan_ghil_muulnaat_1780604306039.png,0,1,1,1,1,1
haan_ghil_muulnaat_1780604306672.png,0,1,1,1,1,1
haan_ghil_muulnaat_1780604307437.png,1,1,1,1,1,1
haan_ghil_muulnaat_1780604308206.png,1,0,1,1,0,0
haan_ghil_muulnaat_1780604309429.png,0,1,1,1,0,1
haan_ghil_muulnaat_1780604310205.png,0,1,1,1,1,0
haan_ghil_muulnaat_1780604310817.png,0,1,1,1,0,0
haan_ghil_muulnaat_1780604311422.png,0,0,0,0,0,1
haan_ghil_muulnaat_1780604311988.png,0,1,1,1,0,1
haan_ghil_muulnaat_1780604312788.png,0,1,1,1,1,1
haan_ghil_muulnaat_1780604313386.png,0,1,1,1,1,0
haan_ghil_muulnaat_1780604314170.png,1,0,0,1,0,1
haan_ghil_muulnaat_1780604314928.png,0,1,0,1,0,0
haan_ghil_muulnaat_1780604315737.png,0,0,0,1,0,0
haan_ghil_muulnaat_1780604316497.png,0,1,0,1,0,0
haan_ghil_muulnaat_1780604317110.png,0,0,1,1,0,1
haan_ghil_muulnaat_1780604317897.png,0,1,1,0,1,1
haan_ghil_muulnaat_1780604318682.png,0,1,1,1,0,1
haan_ghil_muulnaat_1780604319417.png,0,1,1,1,1,0
haan_ghil_muulnaat_1780604320094.png,0,1,1,1,1,1
haan_ghil_muulnaat_1780604320711.png,1,1,1,1,0,1
haan_ghil_muulnaat_1780604321343.png,0,1,1,1,0,0
haan_ghil_muulnaat_1780604321904.png,0,1,1,1,1,1
haan_ghil_muulnaat_1780604322480.png,0,1,1,1,1,1
haan_ghil_muulnaat_1780604323274.png,0,1,1,1,0,1
haan_ghil_muulnaat_1780604323922.png,0,1,1,1,1,1
haan_ghil_muulnaat_1780604324517.png,0,1,1,1,0,0
haan_ghil_muulnaat_1780604325110.png,0,1,1,1,0,0
haan_ghil_muulnaat_1780604325743.png,0,1,1,1,0,1
haan_ghil_muulnaat_1780604326536.png,0,1,1,1,0,0
haan_ghil_muulnaat_1780604327294.png,0,1,1,1,0,1
haan_ghil_muulnaat_1780604327896.png,0,1,1,1,1,1
haan_ghil_muulnaat_1780604328688.png,1,1,1,1,1,1
haan_ghil_muulnaat_1780604329287.png,1,1,1,1,0,1
haan_ghil_muulnaat_1780604329819.png,1,1,1,1,1,1
haan_ghil_muulnaat_1780604330537.png,0,1,1,1,0,1
haan_ghil_muulnaat_1780604331303.png,0,1,1,1,1,1
haan_ghil_muulnaat_1780604331885.png,0,1,1,1,0,1
haan_ghil_muulnaat_1780604332654.png,0,1,1,1,1,1
haan_ghil_muulnaat_1780604333238.png,0,1,1,1,0,1
haan_ghil_muulnaat_1780604333984.png,0,1,1,1,1,1
haan_ghil_muulnaat_1780604334566.png,0,1,1,1,0,1
haan_ghil_muulnaat_1780604335102.png,0,1,1,1,0,0
haan_ghil_muulnaat_1780604335638.png,1,1,1,1,0,0
haan_ghil_muulnaat_1780604336235.png,1,1,1,1,1,1
haan_ghil_muulnaat_1780604336994.png,0,1,0,1,0,0
haan_ghil_muulnaat_1780604337618.png,0,1,1,1,0,1
haan_ghil_muulnaat_1780604338256.png,0,1,1,1,1,1
haan_ghil_muulnaat_1780604338894.png,1,1,1,1,1,1
haan_ghil_muulnaat_1780604339574.png,0,1,1,1,1,1
haan_ghil_muulnaat_1780604340225.png,1,1,1,1,0,0
haan_ghil_muulnaat_1780604340887.png,0,1,1,1,1,1
haan_ghil_muulnaat_1780604341525.png,0,1,1,1,0,1
haan_ghil_muulnaat_1780604342202.png,1,1,1,1,1,1
haan_ghil_muulnaat_1780604342850.png,0,1,1,1,0,1
haan_ghil_muulnaat_1780604343482.png,0,1,1,0,0,1
haan_ghil_muulnaat_1780604344075.png,1,1,1,1,1,1
haan_ghil_muulnaat_1780604344703.png,1,1,1,1,1,1
haan_ghil_muulnaat_1780604345481.png,1,1,1,1,1,0
haan_ghil_muulnaat_1780604346126.png,0,1,1,1,0,1
haan_ghil_muulnaat_1780604346879.png,0,1,0,1,1,0
haan_ghil_muulnaat_1780604347698.png,0,1,1,1,0,0
haan_ghil_muulnaat_1780604349092.png,1,1,1,1,0,0
haan_ghil_muulnaat_1780604349655.png,0,1,1,1,1,1
haan_ghil_muulnaat_1780604350380.png,0,1,1,1,0,0
haan_ghil_muulnaat_1780604351099.png,0,1,1,1,0,0
haan_ghil_muulnaat_1780604351804.png,0,0,0,1,0,0
haan_ghil_muulnaat_1780604352531.png,1,1,1,1,0,1
haan_ghil_muulnaat_1780604353207.png,0,1,1,1,0,0
haan_ghil_muulnaat_1780604353804.png,1,1,1,1,0,1
haan_ghil_muulnaat_1780604354395.png,0,1,1,1,0,1
haan_ghil_muulnaat_1780604355133.png,0,0,1,0,0,1
haan_ghil_muulnaat_1780604355703.png,0,1,1,1,0,1
haan_ghil_muulnaat_1780604356248.png,0,1,1,1,1,1
haan_ghil_muulnaat_1780604356842.png,0,1,1,1,1,1
haan_ghil_muulnaat_1780604357624.png,0,0,1,1,1,1
haan_ghil_muulnaat_1780604358203.png,0,0,1,1,0,0
haan_ghil_muulnaat_1780604358964.png,0,1,1,1,0,0
haan_ghil_muulnaat_1780604359743.png,0,1,0,1,0,0
haan_ghil_muulnaat_1780604360375.png,0,1,1,1,1,1
haan_ghil_muulnaat_1780604360995.png,0,1,1,1,1,1
haan_ghil_muulnaat_1780604361612.png,0,1,1,1,1,1
haan_ghil_muulnaat_1780604362183.png,0,1,1,1,0,1
haan_ghil_muulnaat_1780604362957.png,0,0,1,0,0,0
haan_ghil_muulnaat_1780604363517.png,0,1,1,1,1,1
haan_ghil_muulnaat_1780604364126.png,1,1,1,1,1,1
haan_ghil_muulnaat_1780604364761.png,0,1,1,1,1,1
haan_ghil_muulnaat_1780604365573.png,1,1,1,1,1,0
haan_ghil_muulnaat_1780604366188.png,1,1,1,1,1,0
haan_ghil_muulnaat_1780604366754.png,0,1,1,1,1,0
haan_ghil_muulnaat_1780604367399.png,0,1,1,1,0,1
haan_ghil_muulnaat_1780604368130.png,1,1,1,1,1,1
haan_ghil_muulnaat_1780604368869.png,0,1,1,1,0,1
haan_ghil_muulnaat_1780604369462.png,0,1,1,1,1,1
haan_ghil_muulnaat_1780604370101.png,1,1,1,1,0,1
haan_ghil_muulnaat_1780604370838.png,0,1,1,1,1,1
haan_ghil_muulnaat_1780604371432.png,0,1,1,0,1,1
haan_ghil_muulnaat_1780604372190.png,0,1,1,1,0,0
haan_ghil_muulnaat_1780604372817.png,1,1,1,1,0,1
haan_ghil_muulnaat_1780604373558.png,0,1,1,0,1,1
haan_ghil_muulnaat_1780604374337.png,0,1,1,1,0,0
haan_ghil_muulnaat_1780604374947.png,0,1,1,1,0,1
haan_ghil_muulnaat_1780604375531.png,1,1,1,1,1,1
haan_ghil_muulnaat_1780604376178.png,0,1,1,1,1,1
haan_ghil_muulnaat_1780604376948.png,0,1,1,1,0,1
haan_ghil_muulnaat_1780604377740.png,0,1,0,1,0,0
haan_ghil_muulnaat_1780604378331.png,1,1,1,1,1,1
haan_ghil_muulnaat_1780604379109.png,1,1,1,1,1,1
haan_ghil_muulnaat_1780604379745.png,1,1,1,1,0,1
haan_ghil_muulnaat_1780604381187.png,1,1,1,1,1,1
haan_ghil_muulnaat_1780604381721.png,1,1,1,1,0,1
haan_ghil_muulnaat_1780604382350.png,0,1,1,1,0,1
haan_ghil_muulnaat_1780604382928.png,0,1,1,1,1,1
haan_ghil_muulnaat_1780604383714.png,0,1,1,1,1,1
haan_ghil_muulnaat_1780604384291.png,0,1,1,1,0,1
haan_ghil_muulnaat_1780604385043.png,0,1,1,0,0,1
haan_ghil_muulnaat_1780604627350.png,0,1,1,1,1,1
haan_ghil_muulnaat_1780604629455.png,0,0,0,1,0,0
haan_ghil_muulnaat_1780604631758.png,0,1,1,1,1,0
haan_ghil_muulnaat_1780604632742.png,0,0,0,0,0,1
haan_ghil_muulnaat_1780604633218.png,0,1,1,1,1,1
haan_ghil_muulnaat_1780604633830.png,1,1,1,1,1,0
haan_ghil_muulnaat_1780604634277.png,0,1,1,1,1,0
haan_ghil_muulnaat_1780604634782.png,0,1,1,1,0,1
haan_ghil_muulnaat_1780604635411.png,1,0,1,0,0,0
haan_ghil_muulnaat_1780604635963.png,1,1,1,1,0,0
haan_ghil_muulnaat_1780604636466.png,0,0,1,1,0,0
haan_ghil_muulnaat_1780604638336.png,0,1,1,1,0,0
haan_ghil_muulnaat_1780604639878.png,0,1,1,1,0,0
haan_ghil_muulnaat_1780604641627.png,0,0,1,1,0,0
haan_ghil_muulnaat_1780604643340.png,0,0,0,0,0,0
haan_ghil_muulnaat_1780604645566.png,0,1,0,1,0,0
haan_ghil_muulnaat_1780604647198.png,0,1,1,1,1,0
haan_ghil_muulnaat_1780604649362.png,0,1,1,1,0,1
haan_ghil_muulnaat_1780604650924.png,1,1,1,1,1,0
haan_ghil_muulnaat_1780604652493.png,0,1,1,1,1,0
haan_ghil_muulnaat_1780604654066.png,0,1,1,1,1,1
haan_ghil_muulnaat_1780604656441.png,1,1,1,1,1,1
haan_ghil_muulnaat_1780604658080.png,0,1,1,1,0,1
haan_ghil_muulnaat_1780604660440.png,1,1,1,1,0,0
haan_ghil_muulnaat_1780604662063.png,0,1,1,1,1,0
haan_ghil_muulnaat_1780604663643.png,1,1,1,1,1,1
haan_ghil_muulnaat_1780604665914.png,0,1,1,1,0,0
haan_ghil_muulnaat_1780604668251.png,1,1,1,1,0,0
haan_ghil_muulnaat_1780604669894.png,0,1,1,1,0,1
haan_ghil_muulnaat_1780604672373.png,1,1,1,1,1,1
haan_ghil_muulnaat_1780604674833.png,0,1,1,1,0,0
haan_ghil_muulnaat_1780604677243.png,0,1,1,1,1,1
haan_ghil_muulnaat_1780604678885.png,0,1,1,1,1,1
haan_ghil_muulnaat_1780604680455.png,0,1,0,1,0,0
haan_ghil_muulnaat_1780604681929.png,0,1,1,1,0,1
haan_ghil_muulnaat_1780604683991.png,0,0,1,1,0,0
haan_ghil_muulnaat_1780604685729.png,0,1,1,1,1,1
haan_ghil_muulnaat_1780604687506.png,0,1,1,1,0,1
haan_ghil_muulnaat_1780604690214.png,0,1,1,1,0,0
haan_ghil_muulnaat_1780604691667.png,0,1,1,1,0,1
haan_ghil_muulnaat_1780604693854.png,0,1,1,1,1,0
haan_ghil_muulnaat_1780604695484.png,0,1,1,1,1,1
haan_ghil_muulnaat_1780604697873.png,1,1,1,1,1,1
haan_ghil_muulnaat_1780604700260.png,0,1,1,1,0,1
haan_ghil_muulnaat_1780604701854.png,0,1,1,1,1,1
haan_ghil_muulnaat_1780604702461.png,0,1,1,1,0,1
haan_ghil_muulnaat_1780604703102.png,1,1,1,1,1,1
haan_ghil_muulnaat_1780604703735.png,0,1,1,1,0,1
haan_ghil_muulnaat_1780604704311.png,0,1,1,1,0,0
haan_ghil_muulnaat_1780604704862.png,0,1,0,1,0,0
haan_ghil_muulnaat_1780604705495.png,0,0,1,0,0,0
haan_ghil_muulnaat_1780604706195.png,0,1,1,1,0,0
haan_ghil_muulnaat_1780604706960.png,1,1,1,1,1,1
haan_ghil_muulnaat_1780604707709.png,0,1,1,1,0,0
haan_ghil_muulnaat_1780604708350.png,0,1,1,1,0,0
haan_ghil_muulnaat_1780604708941.png,0,1,1,1,1,1
haan_ghil_muulnaat_1780604709528.png,1,1,1,1,0,1
haan_ghil_muulnaat_1780604710092.png,0,1,1,1,0,0
haan_ghil_muulnaat_1780604710851.png,1,1,1,0,0,1
haan_ghil_muulnaat_1780604711557.png,0,1,0,1,0,0
haan_ghil_muulnaat_1780604712333.png,0,1,1,1,0,1
haan_ghil_muulnaat_1780604712908.png,1,0,1,1,0,1
haan_ghil_muulnaat_1780604713480.png,0,1,1,1,0,0
haan_ghil_muulnaat_1780604714090.png,1,1,1,1,0,1
haan_ghil_muulnaat_1780604714650.png,0,1,1,1,0,1
haan_ghil_muulnaat_1780604715219.png,1,1,1,1,0,0
haan_ghil_muulnaat_1780604715816.png,0,1,0,1,0,1
haan_ghil_muulnaat_1780604716421.png,1,1,1,1,0,0
haan_ghil_muulnaat_1780604717001.png,0,0,1,0,0,1
haan_ghil_muulnaat_1780604717601.png,1,1,1,1,0,1
haan_ghil_muulnaat_1780604718220.png,0,1,1,1,0,0
haan_ghil_muulnaat_1780604718988.png,1,1,1,1,1,1
haan_ghil_muulnaat_1780604719561.png,0,1,1,1,0,1
haan_ghil_muulnaat_1780604720301.png,0,1,1,1,0,0
haan_ghil_muulnaat_1780604721065.png,0,1,1,1,1,1
haan_ghil_muulnaat_1780604721645.png,0,1,1,1,0,1
haan_ghil_muulnaat_1780604722267.png,0,1,1,1,0,1
haan_ghil_muulnaat_1780604723042.png,1,0,0,0,0,0
haan_ghil_muulnaat_1780604723830.png,1,1,1,1,0,1
haan_ghil_muulnaat_1780604724622.png,0,1,1,1,0,1
haan_ghil_muulnaat_1780604725208.png,1,1,1,1,0,1
haan_ghil_muulnaat_1780604725821.png,0,1,1,1,0,0
haan_ghil_muulnaat_1780604726581.png,0,1,1,1,0,1
haan_ghil_muulnaat_1780604727327.png,0,0,0,1,0,0
haan_ghil_muulnaat_1780604727953.png,1,1,0,1,1,1
haan_ghil_muulnaat_1780604728551.png,0,1,1,1,1,1
haan_ghil_muulnaat_1780604729297.png,1,1,1,1,1,1
haan_ghil_muulnaat_1780604729863.png,1,1,1,1,0,1
haan_ghil_muulnaat_1780604730481.png,0,1,1,1,0,1
haan_ghil_muulnaat_1780604731078.png,0,1,1,1,1,1
haan_ghil_muulnaat_1780604731671.png,0,1,0,1,1,0
haan_ghil_muulnaat_1780604732441.png,1,1,1,1,0,0
haan_ghil_muulnaat_1780604733661.png,0,1,0,1,0,0
haan_ghil_muulnaat_1780604734407.png,0,1,1,1,1,0
haan_ghil_muulnaat_1780604735006.png,0,1,1,1,1,1
haan_ghil_muulnaat_1780604735603.png,0,1,1,1,1,1
haan_ghil_muulnaat_1780604736382.png,0,1,1,1,0,1
haan_ghil_muulnaat_1780604736981.png,0,1,1,1,0,1
haan_ghil_muulnaat_1780604737573.png,0,1,1,1,0,1
haan_ghil_muulnaat_1780604738358.png,0,1,1,1,0,0
haan_ghil_muulnaat_1780604739110.png,0,1,1,1,0,0
haan_ghil_muulnaat_1780604739741.png,0,1,0,1,1,0
haan_ghil_muulnaat_1780604740560.png,0,1,1,1,0,0
haan_ghil_muulnaat_1780604741180.png,1,1,1,1,1,0
haan_ghil_muulnaat_1780604741773.png,0,1,1,1,0,0
haan_ghil_muulnaat_1780604742372.png,1,1,1,1,0,1
haan_ghil_muulnaat_1780604742969.png,1,1,1,1,1,1
haan_ghil_muulnaat_1780604743774.png,0,1,1,1,0,0
haan_ghil_muulnaat_1780604744540.png,0,1,1,1,0,0
haan_ghil_muulnaat_1780604745169.png,0,1,1,1,0,1
haan_ghil_muulnaat_1780604745760.png,0,1,1,1,1,0
haan_ghil_muulnaat_1780604746336.png,0,1,1,1,0,1
haan_ghil_muulnaat_1780604746938.png,0,1,1,1,0,0
haan_ghil_muulnaat_1780604747575.png,0,1,1,1,1,0
haan_ghil_muulnaat_1780604748175.png,0,1,1,1,0,0
haan_ghil_muulnaat_1780604748736.png,0,1,1,1,0,1
haan_ghil_muulnaat_1780604749485.png,0,1,1,1,0,1
haan_ghil_muulnaat_1780604750111.png,0,1,1,1,1,1
haan_ghil_muulnaat_1780604750734.png,0,1,1,1,1,1
haan_ghil_muulnaat_1780604751333.png,0,1,1,1,0,1
haan_ghil_muulnaat_1780604752121.png,0,1,1,1,0,1
haan_ghil_muulnaat_1780604752918.png,0,1,1,1,0,1
haan_ghil_muulnaat_1780604753642.png,0,1,1,1,0,0
haan_ghil_muulnaat_1780604754248.png,0,1,1,1,0,1
haan_ghil_muulnaat_1780604754820.png,0,1,1,1,0,1
haan_ghil_muulnaat_1780604755443.png,0,1,1,1,0,1
haan_ghil_muulnaat_1780604756234.png,0,1,1,1,0,0
haan_ghil_muulnaat_1780604756823.png,1,1,1,1,0,1
haan_ghil_muulnaat_1780604757407.png,0,1,1,1,1,1
haan_ghil_muulnaat_1780604758135.png,0,1,0,1,0,0
haan_ghil_muulnaat_1780604758695.png,0,1,1,1,0,1
haan_ghil_muulnaat_1780604759448.png,0,1,0,1,1,1
haan_ghil_muulnaat_1780604760148.png,0,1,1,1,1,1
haan_ghil_muulnaat_1780604760651.png,1,1,1,1,1,1
haan_ghil_muulnaat_1780604761414.png,0,1,1,1,1,1
haan_ghil_muulnaat_1780604761972.png,0,1,1,1,1,0
haan_ghil_muulnaat_1780604762708.png,0,1,1,1,0,0
haan_ghil_muulnaat_1780604763458.png,0,0,0,1,0,0
haan_ghil_muulnaat_1780604763999.png,0,1,1,1,0,0
haan_ghil_muulnaat_1780604764571.png,0,1,0,1,0,1
haan_ghil_muulnaat_1780604765332.png,0,1,1,1,0,0
haan_ghil_muulnaat_1780604766091.png,0,1,1,1,0,1
haan_ghil_muulnaat_1780604766821.png,0,1,1,1,0,0
haan_ghil_muulnaat_1780604767646.png,1,0,1,1,0,0
haan_ghil_muulnaat_1780604768485.png,0,1,1,1,0,0
haan_ghil_muulnaat_1780604769255.png,0,1,0,1,0,0
haan_ghil_muulnaat_1780604769856.png,1,1,1,1,1,0
haan_ghil_muulnaat_1780604770686.png,0,1,0,1,0,0
haan_ghil_muulnaat_1780604771498.png,0,1,1,1,0,1
haan_ghil_muulnaat_1780604772299.png,0,1,0,0,0,0
haan_ghil_muulnaat_1780604773132.png,0,1,1,1,0,0
haan_ghil_muulnaat_1780604773894.png,1,1,1,1,0,0
haan_ghil_muulnaat_1780604774714.png,0,1,1,1,1,1
haan_ghil_muulnaat_1780604775526.png,0,1,1,1,0,0
haan_ghil_muulnaat_1780604776343.png,0,1,1,1,0,1
haan_ghil_muulnaat_1780604776966.png,0,1,1,1,0,1
haan_ghil_muulnaat_1780604777722.png,0,1,1,1,1,1
haan_ghil_muulnaat_1780604778352.png,1,1,1,1,1,1
haan_ghil_muulnaat_1780604779132.png,0,1,1,1,0,0
haan_ghil_muulnaat_1780604779912.png,0,1,1,1,0,0
haan_ghil_muulnaat_1780604780685.png,1,1,1,1,1,1
haan_ghil_muulnaat_1780604782155.png,0,1,0,1,0,0
haan_ghil_muulnaat_1780604782882.png,0,1,1,1,1,0
haan_ghil_muulnaat_1780604783504.png,0,1,1,1,0,0
haan_ghil_muulnaat_1780604784274.png,1,1,1,1,1,1
haan_ghil_muulnaat_1780604785003.png,1,0,1,1,0,1
haan_ghil_muulnaat_1780604785708.png,0,1,1,1,0,1
haan_ghil_muulnaat_1780604786464.png,0,1,1,1,0,0
haan_ghil_muulnaat_1780604787246.png,0,1,1,1,0,1
haan_ghil_muulnaat_1780604788091.png,1,1,0,0,0,0
haan_ghil_muulnaat_1780604788851.png,0,1,1,1,0,0
haan_ghil_muulnaat_1780604789478.png,0,1,1,1,0,1
haan_ghil_muulnaat_1780604790317.png,1,0,0,0,0,0
haan_ghil_muulnaat_1780604790942.png,0,1,1,1,0,0
haan_ghil_muulnaat_1780604791577.png,0,1,1,1,1,1
haan_ghil_muulnaat_1780604792224.png,0,1,1,1,1,0
haan_ghil_muulnaat_1780604792870.png,0,1,1,1,0,1
haan_ghil_muulnaat_1780604793499.png,0,1,1,1,0,0
haan_ghil_muulnaat_1780604794106.png,0,1,1,1,1,1
haan_ghil_muulnaat_1780604794740.png,0,1,1,1,1,1
haan_ghil_muulnaat_1780604795575.png,0,1,1,1,0,1
haan_ghil_muulnaat_1780604796410.png,0,0,0,1,0,0
haan_ghil_muulnaat_1780604797231.png,0,1,1,1,1,1
haan_ghil_muulnaat_1780604797814.png,0,1,1,1,1,0
haan_ghil_muulnaat_1780604798420.png,0,1,1,1,1,0
haan_ghil_muulnaat_1780604799005.png,0,1,1,1,1,1
haan_ghil_muulnaat_1780604799594.png,0,1,1,1,0,1
haan_ghil_muulnaat_1780604800219.png,0,1,1,1,0,0
haan_ghil_muulnaat_1780604800792.png,0,1,1,1,0,1
haan_ghil_muulnaat_1780604801574.png,0,1,1,1,0,1
haan_ghil_muulnaat_1780604802387.png,1,0,1,0,1,1
haan_ghil_muulnaat_1780604803152.png,0,1,1,1,1,1
haan_ghil_muulnaat_1780604803772.png,0,1,1,1,0,1
haan_ghil_muulnaat_1780604804331.png,0,1,1,1,0,1
haan_ghil_muulnaat_1780604805074.png,0,1,1,1,0,1
haan_ghil_muulnaat_1780604805683.png,0,1,1,1,0,1
haan_ghil_muulnaat_1780604806294.png,0,1,1,1,1,0
haan_ghil_muulnaat_1780604807055.png,0,1,1,1,1,1
haan_ghil_muulnaat_1780604807806.png,0,0,0,0,0,0
haan_ghil_muulnaat_1780604808371.png,0,1,1,1,1,1
haan_ghil_muulnaat_1780604809125.png,0,1,1,1,1,1
haan_ghil_muulnaat_1780604809700.png,1,1,1,1,0,1
haan_ghil_muulnaat_1780604810269.png,0,1,1,1,0,0
haan_ghil_muulnaat_1780604811025.png,0,1,1,1,0,1
haan_ghil_muulnaat_1780604811604.png,0,1,1,1,0,0
haan_ghil_muulnaat_1780604812204.png,0,1,1,1,0,0
haan_ghil_muulnaat_1780604812988.png,0,0,0,0,0,0
haan_ghil_muulnaat_1780604813801.png,0,1,1,1,0,1
haan_ghil_muulnaat_1780604814593.png,0,0,0,1,0,0
haan_ghil_muulnaat_1780604815332.png,0,1,1,1,0,1
haan_ghil_muulnaat_1780604815841.png,0,1,1,1,0,0
haan_ghil_muulnaat_1780604816604.png,0,1,0,0,0,0
haan_ghil_muulnaat_1780604817373.png,1,1,1,1,0,0
haan_ghil_muulnaat_1780604817972.png,0,1,1,1,0,1
haan_ghil_muulnaat_1780604818770.png,0,1,1,1,0,1
haan_ghil_muulnaat_1780604819406.png,0,0,1,1,0,1
haan_ghil_muulnaat_1780604820039.png,0,1,0,1,1,1
haan_ghil_muulnaat_1780604820681.png,0,1,1,1,0,0
haan_ghil_muulnaat_1780604821297.png,0,1,1,1,1,1
haan_ghil_muulnaat_1780604821901.png,0,0,1,0,0,1
haan_ghil_muulnaat_1780604822509.png,0,1,1,1,0,1
haan_ghil_muulnaat_1780604823262.png,1,1,1,1,1,1
haan_ghil_muulnaat_1780604823984.png,0,1,1,1,0,1
haan_ghil_muulnaat_1780604824786.png,0,1,1,1,0,0
haan_ghil_muulnaat_1780604825575.png,0,1,1,1,1,1
haan_ghil_muulnaat_1780604826135.png,0,1,1,1,1,1
haan_ghil_muulnaat_1780604826913.png,0,1,1,1,1,1
haan_ghil_muulnaat_1780604827521.png,0,1,1,1,0,1
haan_ghil_muulnaat_1780604828281.png,0,1,1,1,0,1
haan_ghil_muulnaat_1780604828915.png,0,1,1,1,0,0
haan_ghil_muulnaat_1780604829492.png,0,1,0,0,0,0
haan_ghil_muulnaat_1780604830266.png,0,1,1,1,1,1
haan_ghil_muulnaat_1780604830886.png,1,1,1,1,0,1
haan_ghil_muulnaat_1780604831660.png,0,1,1,1,0,0
haan_ghil_muulnaat_1780604832282.png,1,1,1,1,1,1
haan_ghil_muulnaat_1780604832879.png,0,1,1,1,0,1
haan_ghil_muulnaat_1780604833645.png,0,1,0,1,0,0
haan_ghil_muulnaat_1780604834442.png,1,1,1,1,0,1
haan_ghil_muulnaat_1780604835225.png,0,1,1,1,0,0
haan_ghil_muulnaat_1780604836004.png,1,1,1,1,0,0
haan_ghil_muulnaat_1780604836626.png,0,1,1,1,0,1
haan_ghil_muulnaat_1780604837447.png,0,0,1,1,0,0
haan_ghil_muulnaat_1780604838048.png,0,1,1,1,0,1
haan_ghil_muulnaat_1780604838645.png,0,1,1,1,1,1
haan_ghil_muulnaat_1780604839370.png,0,0,0,0,0,0
haan_ghil_muulnaat_1780604839953.png,0,1,1,1,0,0
haan_ghil_muulnaat_1780604840521.png,0,0,1,0,0,1
haan_ghil_muulnaat_1780604841277.png,0,1,1,1,0,0
haan_ghil_muulnaat_1780604842050.png,1,1,1,1,0,0
haan_ghil_muulnaat_1780604842783.png,0,1,1,1,0,0
haan_ghil_muulnaat_1780604843534.png,0,1,1,1,0,1
haan_ghil_muulnaat_1780604844266.png,0,1,0,1,0,0
haan_ghil_muulnaat_1780604844863.png,0,1,1,1,0,1
haan_ghil_muulnaat_1780604845614.png,0,1,1,1,0,0
haan_ghil_muulnaat_1780604846347.png,0,1,1,1,0,0
haan_ghil_muulnaat_1780604846952.png,1,1,1,1,1,0
haan_ghil_muulnaat_1780604847584.png,0,1,1,1,0,1
haan_ghil_muulnaat_1780604848198.png,0,1,1,1,0,1
haan_ghil_muulnaat_1780604848833.png,1,1,1,1,0,1
haan_ghil_muulnaat_1780604849422.png,0,1,1,1,0,0
haan_ghil_muulnaat_1780604850981.png,0,1,1,1,1,1
haan_ghil_muulnaat_1780604851791.png,0,1,1,1,0,1
haan_ghil_muulnaat_1780604852390.png,0,1,1,1,1,1
haan_ghil_muulnaat_1780604853010.png,0,1,1,1,1,1
haan_ghil_muulnaat_1780604853849.png,0,1,1,1,0,1
haan_ghil_muulnaat_1780604854667.png,1,1,1,1,0,1
haan_ghil_muulnaat_1780604855294.png,1,1,1,1,0,1
haan_ghil_muulnaat_1780604856101.png,0,1,1,1,1,1
haan_ghil_muulnaat_1780604856775.png,0,1,1,1,0,1
haan_ghil_muulnaat_1780604857519.png,1,1,1,1,0,1
haan_ghil_muulnaat_1780604858224.png,0,1,1,1,0,0
haan_ghil_muulnaat_1780604858792.png,1,1,1,0,0,1
haan_ghil_muulnaat_1780604859483.png,0,1,0,1,0,0
haan_ghil_muulnaat_1780604860237.png,1,1,1,1,0,0
haan_ghil_muulnaat_1780604860822.png,0,1,1,1,0,0
haan_ghil_muulnaat_1780604861523.png,0,0,0,1,0,0
haan_ghil_muulnaat_1780604862129.png,0,1,1,1,1,1
haan_ghil_muulnaat_1780604862871.png,0,1,1,1,0,1
haan_ghil_muulnaat_1780604863417.png,0,1,1,1,0,0
haan_ghil_muulnaat_1780604864150.png,0,1,0,1,0,0
haan_ghil_muulnaat_1780604864929.png,0,1,0,1,0,0
haan_ghil_muulnaat_1780604866315.png,0,1,1,1,0,0
haan_ghil_muulnaat_1780604866909.png,1,1,1,1,0,1
haan_ghil_muulnaat_1780604867467.png,0,0,1,1,0,1
haan_ghil_muulnaat_1780604868046.png,0,0,0,1,0,0
haan_ghil_muulnaat_1780604868612.png,0,1,1,1,1,1
haan_ghil_muulnaat_1780604869218.png,0,1,1,1,1,1
haan_ghil_muulnaat_1780604869813.png,0,1,1,1,0,1
haan_ghil_muulnaat_1780604870553.png,0,1,1,1,0,1
haan_ghil_muulnaat_1780604871166.png,0,0,1,1,1,0
haan_ghil_muulnaat_1780604871917.png,1,1,1,1,0,1
haan_ghil_muulnaat_1780604872700.png,0,1,1,1,1,1
haan_ghil_muulnaat_1780604873499.png,1,1,1,1,1,1
haan_ghil_muulnaat_1780604874265.png,0,1,1,1,0,0
haan_ghil_muulnaat_1780604874880.png,0,1,1,1,0,1
haan_ghil_muulnaat_1780604875669.png,0,1,1,1,1,1
haan_ghil_muulnaat_1780604876248.png,0,1,1,1,1,1
haan_ghil_muulnaat_1780604876978.png,0,1,1,1,0,1
haan_ghil_muulnaat_1780604877570.png,0,1,1,1,1,1
haan_ghil_muulnaat_1780604878142.png,0,1,1,1,1,1
haan_ghil_muulnaat_1780604878934.png,0,1,1,1,1,1
haan_ghil_muulnaat_1780604879644.png,0,1,1,0,0,1
haan_ghil_muulnaat_1780604880191.png,0,1,1,1,0,1
haan_ghil_muulnaat_1780604880798.png,0,1,1,1,0,1
haan_ghil_muulnaat_1780604881533.png,0,1,1,1,1,1
haan_ghil_muulnaat_1780604882328.png,0,0,1,1,1,1
haan_ghil_muulnaat_1780604883064.png,0,1,1,1,0,1
haan_ghil_muulnaat_1780604883663.png,0,1,1,1,0,0
haan_ghil_muulnaat_1780604884256.png,0,1,1,1,1,1
haan_ghil_muulnaat_1780604885019.png,0,0,1,0,0,0
haan_ghil_muulnaat_1780604885644.png,0,1,1,1,1,0
haan_ghil_muulnaat_1780604886228.png,0,1,1,1,1,1
haan_ghil_muulnaat_1780604887061.png,0,1,1,1,0,0
haan_ghil_muulnaat_1780604887830.png,0,1,1,1,0,0
haan_ghil_muulnaat_1780604888607.png,0,1,1,1,0,0
haan_ghil_muulnaat_1780604889213.png,1,1,1,1,1,1
haan_ghil_muulnaat_1780604889992.png,0,1,1,1,0,0
haan_ghil_muulnaat_1780604890603.png,0,0,0,0,0,0
haan_ghil_muulnaat_1780604891184.png,0,1,1,1,0,0
haan_ghil_muulnaat_1780604891771.png,0,1,1,1,1,1
haan_ghil_muulnaat_1780604892581.png,0,0,1,1,0,1
haan_ghil_muulnaat_1780604893204.png,0,1,1,1,0,1
haan_ghil_muulnaat_1780604893817.png,0,1,1,1,0,1
haan_ghil_muulnaat_1780604894407.png,0,1,1,1,1,1
haan_ghil_muulnaat_1780604895017.png,0,1,1,1,0,0
haan_ghil_muulnaat_1780604895649.png,0,1,1,1,0,1
haan_ghil_muulnaat_1780604896406.png,0,1,1,1,0,1
haan_ghil_muulnaat_1780604897201.png,0,1,1,1,1,1
haan_ghil_muulnaat_1780604897929.png,0,1,1,1,0,1
haan_ghil_muulnaat_1780604899287.png,0,1,0,1,0,0
haan_ghil_muulnaat_1780604900047.png,1,1,1,1,1,1
haan_ghil_muulnaat_1780604900785.png,1,1,1,1,0,1
haan_ghil_muulnaat_1780604901362.png,0,1,1,1,0,1
haan_ghil_muulnaat_1780604901943.png,0,1,1,1,1,0
haan_ghil_muulnaat_1780604902538.png,1,1,1,1,0,1
haan_ghil_muulnaat_1780604903277.png,0,1,1,1,0,0
haan_ghil_muulnaat_1780604903863.png,0,1,1,1,0,1
haan_ghil_muulnaat_1780604904426.png,1,1,1,1,0,1
haan_ghil_muulnaat_1780604905030.png,1,1,1,1,0,1
haan_ghil_muulnaat_1780604905604.png,0,1,1,1,0,1
haan_ghil_muulnaat_1780604906328.png,0,1,1,1,0,1
haan_ghil_muulnaat_1780604907087.png,1,1,1,1,0,0
haan_ghil_muulnaat_1780604907970.png,0,1,1,1,1,1
haan_ghil_muulnaat_1780604908768.png,0,1,1,1,1,0
haan_ghil_muulnaat_1780604909555.png,0,0,1,0,0,0
haan_ghil_muulnaat_1780604910357.png,0,1,1,1,0,1
haan_ghil_muulnaat_1780604911185.png,0,1,1,1,0,0
haan_ghil_muulnaat_1780604912015.png,0,1,1,0,0,0
haan_ghil_muulnaat_1780604912636.png,0,1,1,1,0,1
haan_ghil_muulnaat_1780604913413.png,0,1,1,1,0,1
haan_ghil_muulnaat_1780604913977.png,1,1,1,1,1,1
haan_ghil_muulnaat_1780604914583.png,0,1,1,1,1,0
haan_ghil_muulnaat_1780604915439.png,0,1,1,1,0,0
haan_ghil_muulnaat_1780604916305.png,0,1,1,1,1,1
haan_ghil_muulnaat_1780604916952.png,0,1,1,1,0,1
haan_ghil_muulnaat_1780604917715.png,0,1,1,1,0,1
haan_ghil_muulnaat_1780604918495.png,0,1,1,1,0,0
haan_ghil_muulnaat_1780604919243.png,0,1,0,1,0,0
haan_ghil_muulnaat_1780604919997.png,0,0,0,1,0,0
haan_ghil_muulnaat_1780604920564.png,1,0,1,1,1,0
haan_ghil_muulnaat_1780604921183.png,0,0,1,1,0,1
haan_ghil_muulnaat_1780604921958.png,0,1,1,1,0,0
haan_ghil_muulnaat_1780604922740.png,1,1,1,1,0,1
haan_ghil_muulnaat_1780604923362.png,0,1,1,1,1,1
haan_ghil_muulnaat_1780604923946.png,0,0,0,1,0,0
haan_ghil_muulnaat_1780604924550.png,0,0,1,1,0,1
haan_ghil_muulnaat_1780604925345.png,0,1,1,1,0,1
haan_ghil_muulnaat_1780604925941.png,1,1,1,0,1,1
haan_ghil_muulnaat_1780604926764.png,1,1,1,1,0,1
haan_ghil_muulnaat_1780604927507.png,0,0,0,1,0,0
haan_ghil_muulnaat_1780604928074.png,0,1,1,1,1,1
haan_ghil_muulnaat_1780604928803.png,0,1,1,1,0,0
haan_ghil_muulnaat_1780604929574.png,0,1,1,1,0,0
haan_ghil_muulnaat_1780604930139.png,0,0,1,0,0,0
haan_ghil_muulnaat_1780604930725.png,0,1,1,1,0,1
haan_ghil_muulnaat_1780604931463.png,0,1,1,1,0,1
haan_ghil_muulnaat_1780604932061.png,0,1,1,1,0,1
haan_ghil_muulnaat_1780604932795.png,0,1,1,1,0,0
haan_ghil_muulnaat_1780604933520.png,0,1,1,1,0,0
haan_ghil_muulnaat_1780604934105.png,0,1,1,1,0,0
haan_ghil_muulnaat_1780604934842.png,0,0,0,1,0,0
haan_ghil_muulnaat_1780604935385.png,0,1,1,1,0,0
haan_ghil_muulnaat_1780604936112.png,1,0,0,0,0,1
haan_ghil_muulnaat_1780604936867.png,0,0,0,1,0,0
haan_ghil_muulnaat_1780604937589.png,0,1,1,1,0,1
haan_ghil_muulnaat_1780604938147.png,0,1,1,1,1,1
haan_ghil_muulnaat_1780604939364.png,0,1,1,1,1,1
haan_ghil_muulnaat_1780604939930.png,0,1,1,1,1,1
haan_ghil_muulnaat_1780604940555.png,0,1,1,1,1,1
haan_ghil_muulnaat_1780604941123.png,0,1,1,1,1,1
haan_ghil_muulnaat_1780604941854.png,0,1,1,1,1,1
haan_ghil_muulnaat_1780604942470.png,0,1,1,1,0,1
haan_ghil_muulnaat_1780604943168.png,0,1,1,1,0,0
haan_ghil_muulnaat_1780604943929.png,0,1,1,1,0,0
haan_ghil_muulnaat_1780604944460.png,0,1,1,1,1,1
haan_ghil_muulnaat_1780604945204.png,0,1,0,1,0,0
haan_ghil_muulnaat_1780604945771.png,0,0,1,1,1,1
haan_ghil_muulnaat_1780604946323.png,0,0,1,1,0,1
haan_ghil_muulnaat_1780604947082.png,0,1,0,1,0,0
haan_ghil_muulnaat_1780604947958.png,1,0,1,1,1,1
haan_ghil_muulnaat_1780604948585.png,1,1,1,1,1,1
haan_ghil_muulnaat_1780604949426.png,1,1,0,1,0,0
haan_ghil_muulnaat_1780604950031.png,0,1,1,1,1,0
haan_ghil_muulnaat_1780604950685.png,0,1,1,1,1,1
haan_ghil_muulnaat_1780604951313.png,0,1,1,1,0,1
haan_ghil_muulnaat_1780604951935.png,0,1,1,1,1,1
haan_ghil_muulnaat_1780604952561.png,0,1,1,1,0,1
haan_ghil_muulnaat_1780604953375.png,0,1,1,1,1,1
haan_ghil_muulnaat_1780604954188.png,0,1,1,1,0,1
haan_ghil_muulnaat_1780604955044.png,0,1,1,1,0,0
haan_ghil_muulnaat_1780604955667.png,0,1,1,1,1,0
haan_ghil_muulnaat_1780604956457.png,1,1,1,1,1,0
haan_ghil_muulnaat_1780604957217.png,0,1,1,0,0,1
haan_ghil_muulnaat_1780604958034.png,0,1,1,1,1,1
haan_ghil_muulnaat_1780604958826.png,0,1,1,1,0,1
haan_ghil_muulnaat_1780604959414.png,0,1,1,1,1,1
haan_ghil_muulnaat_1780604960016.png,0,1,1,1,0,1
haan_ghil_muulnaat_1780604960769.png,1,1,1,1,1,1
haan_ghil_muulnaat_1780604961517.png,0,1,1,1,0,1
haan_ghil_muulnaat_1780604962233.png,0,1,1,1,0,0
haan_ghil_muulnaat_1780604962851.png,0,0,1,1,0,0
haan_ghil_muulnaat_1780604963689.png,0,0,0,0,0,0
haan_ghil_muulnaat_1780604964298.png,0,1,1,1,0,0
haan_ghil_muulnaat_1780604965097.png,1,1,1,1,0,1
haan_ghil_muulnaat_1780604965700.png,0,1,1,0,1,1
haan_ghil_muulnaat_1780604966321.png,0,1,1,1,0,1
haan_ghil_muulnaat_1780604966896.png,0,0,1,0,1,1
haan_ghil_muulnaat_1780604967714.png,1,1,1,1,1,1
haan_ghil_muulnaat_1780604968528.png,0,1,1,1,0,0
haan_ghil_muulnaat_1780604969298.png,1,0,1,1,1,1
haan_ghil_muulnaat_1780604969830.png,0,1,1,1,0,1
haan_ghil_muulnaat_1780604970601.png,0,1,1,1,1,1
haan_ghil_muulnaat_1780604971342.png,0,1,0,1,0,0
haan_ghil_muulnaat_1780604972098.png,0,0,1,1,1,1
haan_ghil_muulnaat_1780604972890.png,0,0,0,0,0,0
haan_ghil_muulnaat_1780604973504.png,0,1,1,1,0,1
haan_ghil_muulnaat_1780604974262.png,0,0,0,1,0,0
haan_ghil_muulnaat_1780604975001.png,0,1,1,1,1,1
haan_ghil_muulnaat_1780604975789.png,0,0,0,1,0,0
haan_ghil_muulnaat_1780604976361.png,0,1,1,1,1,1
haan_ghil_muulnaat_1780604976999.png,0,1,1,1,0,1
haan_ghil_muulnaat_1780604977649.png,0,1,1,1,0,0
haan_ghil_muulnaat_1780604978269.png,0,0,0,0,0,0
haan_ghil_muulnaat_1780604978902.png,0,1,1,1,0,0
haan_ghil_muulnaat_1780604979695.png,0,1,1,1,0,1
haan_ghil_muulnaat_1780604980466.png,0,0,1,1,1,1
haan_ghil_muulnaat_1780604981287.png,0,1,1,1,0,0
haan_ghil_muulnaat_1780604981917.png,0,1,1,1,0,1
haan_ghil_muulnaat_1780604982716.png,0,0,1,1,1,0
haan_ghil_muulnaat_1780604983538.png,1,1,1,1,1,1
haan_ghil_muulnaat_1780604984175.png,1,1,1,1,1,1
haan_ghil_muulnaat_1780604984766.png,1,0,1,0,0,0
haan_ghil_muulnaat_1780604985544.png,0,1,1,1,0,1
haan_ghil_muulnaat_1780604986147.png,0,1,1,1,0,1
haan_ghil_muulnaat_1780604986974.png,1,1,1,1,1,1
haan_ghil_muulnaat_1780604987725.png,0,1,1,1,0,0
haan_ghil_muulnaat_1780604988504.png,1,1,1,1,1,1
haan_ghil_muulnaat_1780604989254.png,0,0,1,1,0,1
haan_ghil_muulnaat_1780604990047.png,0,1,1,1,0,1
haan_ghil_muulnaat_1780604990824.png,0,1,1,1,1,1
haan_ghil_muulnaat_1780604991610.png,0,0,0,1,0,0
haan_ghil_muulnaat_1780604992217.png,0,1,1,1,0,1
haan_ghil_muulnaat_1780604992974.png,0,0,0,1,0,0
haan_ghil_muulnaat_1780604993605.png,0,1,1,1,0,0
haan_ghil_muulnaat_1780604994413.png,0,1,1,1,1,1
haan_ghil_muulnaat_1780604994988.png,0,0,1,0,0,0
haan_ghil_muulnaat_1780604995813.png,0,1,1,1,0,0
haan_ghil_muulnaat_1780604996599.png,1,1,1,1,0,1
haan_ghil_muulnaat_1780604997331.png,0,1,1,1,0,1
haan_ghil_muulnaat_1780604997921.png,0,1,1,1,0,1
haan_ghil_muulnaat_1780604998532.png,0,1,1,1,0,0
haan_ghil_muulnaat_1780604999291.png,0,1,1,1,0,1
haan_ghil_muulnaat_1780605000065.png,0,0,0,1,0,0
haan_ghil_muulnaat_1780605000695.png,0,1,1,1,0,1
haan_ghil_muulnaat_1780605001324.png,0,1,1,1,0,0
haan_ghil_muulnaat_1780605002101.png,0,1,1,1,0,0
haan_ghil_muulnaat_1780605002865.png,0,1,1,1,0,0
haan_ghil_muulnaat_1780605003422.png,1,1,1,1,1,1
haan_ghil_muulnaat_1780605004018.png,0,1,1,1,0,1
haan_ghil_muulnaat_1780605004652.png,1,1,1,1,1,0
haan_ghil_muulnaat_1780605005425.png,0,1,1,1,1,1
haan_ghil_muulnaat_1780605006023.png,1,1,1,1,1,1
haan_ghil_muulnaat_1780605006781.png,1,1,1,1,0,1
haan_ghil_muulnaat_1780605007370.png,0,1,1,1,1,1
haan_ghil_muulnaat_1780605007985.png,0,1,1,1,0,1
haan_ghil_muulnaat_1780605008617.png,0,1,1,1,0,0
haan_ghil_muulnaat_1780605009439.png,1,1,1,1,1,1
haan_ghil_muulnaat_1780605010067.png,0,1,1,1,0,0
haan_ghil_muulnaat_1780605010855.png,0,1,0,1,0,0
haan_ghil_muulnaat_1780605011483.png,0,1,1,1,0,0
haan_ghil_muulnaat_1780605012079.png,0,1,1,1,0,1
haan_ghil_muulnaat_1780605012718.png,0,1,1,1,1,1
haan_ghil_muulnaat_1780605013335.png,0,1,1,1,0,0
haan_ghil_muulnaat_1780605013906.png,0,1,0,0,0,0
haan_ghil_muulnaat_1780605014552.png,0,1,1,1,0,0
haan_ghil_muulnaat_1780605015326.png,0,1,1,1,0,1
haan_ghil_muulnaat_1780605015973.png,0,0,0,0,0,1
haan_ghil_muulnaat_1780605016585.png,0,1,1,1,0,0
haan_ghil_muulnaat_1780605017198.png,0,1,1,1,0,1
haan_ghil_muulnaat_1780605017810.png,1,0,0,0,0,1
haan_ghil_muulnaat_1780605018585.png,0,1,1,1,0,0
haan_ghil_muulnaat_1780605019203.png,0,1,1,0,0,1
haan_ghil_muulnaat_1780605019964.png,0,1,1,1,0,1
haan_ghil_muulnaat_1780605020718.png,0,1,1,1,0,1
haan_ghil_muulnaat_1780605021458.png,0,1,1,1,0,1
haan_ghil_muulnaat_1780605022286.png,1,1,1,1,1,0
haan_ghil_muulnaat_1780605022929.png,0,1,1,1,0,1
haan_ghil_muulnaat_1780605023712.png,0,1,1,1,0,1
haan_ghil_muulnaat_1780605024475.png,0,1,0,1,0,0
haan_ghil_muulnaat_1780605025258.png,0,1,1,1,1,1
haan_ghil_muulnaat_1780605025864.png,0,1,1,1,0,1
haan_ghil_muulnaat_1780605026467.png,0,1,1,1,1,0
haan_ghil_muulnaat_1780605027082.png,0,1,1,1,0,1
haan_ghil_muulnaat_1780605027665.png,0,1,1,1,0,1
haan_ghil_muulnaat_1780605028265.png,0,1,1,0,0,1
haan_ghil_muulnaat_1780605029018.png,0,1,1,1,1,0
haan_ghil_muulnaat_1780605029619.png,0,1,1,1,0,0
haan_ghil_muulnaat_1780605030200.png,1,1,0,1,0,0
haan_ghil_muulnaat_1780605030777.png,1,1,1,1,0,1
haan_ghil_muulnaat_1780605031546.png,0,0,1,1,1,0
haan_ghil_muulnaat_1780605032169.png,0,1,1,1,0,0
haan_ghil_muulnaat_1780605032759.png,0,0,0,0,0,0
haan_ghil_muulnaat_1780605033546.png,0,1,0,1,0,0
haan_ghil_muulnaat_1780605034098.png,0,1,1,1,0,1
haan_ghil_muulnaat_1780605034849.png,0,0,0,1,0,0
haan_ghil_muulnaat_1780605035592.png,0,1,0,1,0,0
haan_ghil_muulnaat_1780605036307.png,1,1,1,1,0,1
haan_ghil_muulnaat_1780605036883.png,0,0,0,0,0,0
haan_ghil_muulnaat_1780605037495.png,0,1,1,1,1,0
haan_ghil_muulnaat_1780605038296.png,0,1,1,1,0,1
haan_ghil_muulnaat_1780605039046.png,1,1,1,1,0,0
haan_ghil_muulnaat_1780605039628.png,0,1,1,1,1,1
haan_ghil_muulnaat_1780605040359.png,1,1,1,1,1,1
haan_ghil_muulnaat_1780605040971.png,0,1,1,1,1,1
haan_ghil_muulnaat_1780605041580.png,0,1,1,1,0,1
haan_ghil_muulnaat_1780605042331.png,0,1,1,1,0,0
haan_ghil_muulnaat_1780605042881.png,0,1,1,1,0,1
haan_ghil_muulnaat_1780605043600.png,0,1,1,1,0,0
haan_ghil_muulnaat_1780605044366.png,0,0,0,0,0,0
haan_ghil_muulnaat_1780605045092.png,0,1,1,1,0,0
haan_ghil_muulnaat_1780605045659.png,0,1,1,1,1,1
haan_ghil_muulnaat_1780605046381.png,0,1,1,1,0,1
haan_ghil_muulnaat_1780605047104.png,0,1,0,1,0,0
haan_ghil_muulnaat_1780605047668.png,1,1,1,1,0,0
haan_ghil_muulnaat_1780605048254.png,0,1,1,1,1,1
haan_ghil_muulnaat_1780605049088.png,0,1,0,0,0,1
haan_ghil_muulnaat_1780605049862.png,0,0,0,0,0,0
haan_ghil_muulnaat_1780605050471.png,0,1,1,1,0,1
haan_ghil_muulnaat_1780605051088.png,0,1,1,0,1,1
haan_ghil_muulnaat_1780605051716.png,0,1,1,1,0,1
haan_ghil_muulnaat_1780605052340.png,0,1,1,1,0,1
haan_ghil_muulnaat_1780605052928.png,1,0,1,1,0,1
haan_ghil_muulnaat_1780605053532.png,0,0,0,0,0,0
haan_ghil_muulnaat_1780605054134.png,0,1,1,1,1,1
haan_ghil_muulnaat_1780605054916.png,0,0,0,0,0,0
haan_ghil_muulnaat_1780605055510.png,0,1,1,1,1,1
haan_ghil_muulnaat_1780605056103.png,0,1,1,1,1,0
haan_ghil_muulnaat_1780605056892.png,1,1,1,1,1,1
haan_ghil_muulnaat_1780605057670.png,0,1,1,1,1,1
haan_ghil_muulnaat_1780605058467.png,0,1,1,1,0,1
haan_ghil_muulnaat_1780605059080.png,0,1,1,1,0,1
haan_ghil_muulnaat_1780605059641.png,0,1,1,1,0,1
haan_ghil_muulnaat_1780605060422.png,0,1,1,1,1,1
haan_ghil_muulnaat_1780605061021.png,0,1,1,1,0,1
haan_ghil_muulnaat_1780605061579.png,1,1,1,1,1,0
haan_ghil_muulnaat_1780605062316.png,0,1,0,1,1,1
haan_ghil_muulnaat_1780605062924.png,0,1,1,1,0,1
haan_ghil_muulnaat_1780605063534.png,1,1,1,1,0,1
haan_ghil_muulnaat_1780605064157.png,0,1,1,1,1,1
haan_ghil_muulnaat_1780605064780.png,0,1,1,1,0,1
haan_ghil_muulnaat_1780605065569.png,0,1,1,1,0,0
haan_ghil_muulnaat_1780605066315.png,0,1,1,1,0,0
haan_ghil_muulnaat_1780605067135.png,1,1,1,1,1,1
haan_ghil_muulnaat_1780605067714.png,0,1,1,1,0,0
haan_ghil_muulnaat_1780605068271.png,1,1,1,1,1,0
haan_ghil_muulnaat_1780605068849.png,0,1,1,1,0,0
haan_ghil_muulnaat_1780605069399.png,0,1,1,1,0,0
haan_ghil_muulnaat_1780605069974.png,1,1,1,1,0,1
haan_ghil_muulnaat_1780605070710.png,1,1,1,1,1,1
haan_ghil_muulnaat_1780605071454.png,1,1,1,1,1,1
haan_ghil_muulnaat_1780605072189.png,1,1,1,1,0,1
haan_ghil_muulnaat_1780605072723.png,0,1,1,1,0,0
haan_ghil_muulnaat_1780605073256.png,0,1,1,1,1,1
haan_ghil_muulnaat_1780605073797.png,0,1,1,1,0,0
haan_ghil_muulnaat_1780605074584.png,0,1,1,1,0,1
haan_ghil_muulnaat_1780605075342.png,0,1,1,1,1,1
haan_ghil_muulnaat_1780605075967.png,0,1,1,1,0,1
haan_ghil_muulnaat_1780605076682.png,1,1,1,1,0,1
haan_ghil_muulnaat_1780605077426.png,0,1,1,1,1,1
haan_ghil_muulnaat_1780605078012.png,1,1,1,1,0,1
haan_ghil_muulnaat_1780605078610.png,0,0,1,0,1,0
haan_ghil_muulnaat_1780605079183.png,0,1,0,1,0,1
haan_ghil_muulnaat_1780605079976.png,0,1,1,1,0,1
haan_ghil_muulnaat_1780605080553.png,0,0,1,0,0,1
haan_ghil_muulnaat_1780605081287.png,1,1,1,0,0,1
haan_ghil_muulnaat_1780605081830.png,0,1,1,1,1,0
haan_ghil_muulnaat_1780605082578.png,0,1,1,1,0,0
haan_ghil_muulnaat_1780605083129.png,0,1,1,1,0,1
haan_ghil_muulnaat_1780605083726.png,1,1,1,1,0,0
haan_ghil_muulnaat_1780605084460.png,1,1,1,1,0,1
haan_ghil_muulnaat_1780605085079.png,1,1,1,1,1,1
haan_ghil_muulnaat_1780605085610.png,0,1,1,1,0,1
haan_ghil_muulnaat_1780605086198.png,0,1,1,1,0,1
haan_ghil_muulnaat_1780605086949.png,1,1,1,1,1,1
haan_ghil_muulnaat_1780605087497.png,0,0,0,0,0,1
haan_ghil_muulnaat_1780605088083.png,0,1,1,1,0,1
haan_ghil_muulnaat_1780605088668.png,0,1,1,1,0,0
haan_ghil_muulnaat_1780605089416.png,0,1,1,1,1,0
haan_ghil_muulnaat_1780605090187.png,0,1,1,1,0,0
haan_ghil_muulnaat_1780605090936.png,0,1,1,1,0,1
haan_ghil_muulnaat_1780605091494.png,0,1,1,1,0,1
haan_ghil_muulnaat_1780605092079.png,0,1,1,1,0,1
haan_ghil_muulnaat_1780605092675.png,0,0,0,0,0,0
haan_ghil_muulnaat_1780605093262.png,0,1,1,1,0,1
haan_ghil_muulnaat_1780605094016.png,0,1,1,1,0,0
haan_ghil_muulnaat_1780605094801.png,0,1,1,1,0,0
haan_ghil_muulnaat_1780605095568.png,0,1,1,1,0,1
haan_ghil_muulnaat_1780605096173.png,0,1,1,1,1,1
haan_ghil_muulnaat_1780605096731.png,1,1,1,1,0,1
haan_ghil_muulnaat_1780605097360.png,0,1,1,1,0,1
haan_ghil_muulnaat_1780605097923.png,0,1,1,1,0,1
haan_ghil_muulnaat_1780605098693.png,0,1,0,1,0,0
haan_ghil_muulnaat_1780605099317.png,0,1,1,0,1,0
haan_ghil_muulnaat_1780605100083.png,0,1,0,1,0,0
haan_ghil_muulnaat_1780605100709.png,0,1,1,1,0,1
haan_ghil_muulnaat_1780605101494.png,0,1,1,0,0,0
haan_ghil_muulnaat_1780605102283.png,0,1,1,1,0,0
haan_ghil_muulnaat_1780605103041.png,0,0,1,1,0,1
haan_ghil_muulnaat_1780605103637.png,0,1,1,0,1,0
haan_ghil_muulnaat_1780605104397.png,0,1,1,1,0,1
haan_ghil_muulnaat_1780605105014.png,0,1,1,0,0,1
haan_ghil_muulnaat_1780605105757.png,0,1,1,1,1,0
haan_ghil_muulnaat_1780605106970.png,0,1,1,1,0,1
haan_ghil_muulnaat_1780605107702.png,1,1,1,0,1,0
haan_ghil_muulnaat_1780605108432.png,1,1,0,1,0,0
haan_ghil_muulnaat_1780605109022.png,0,1,1,1,1,0
haan_ghil_muulnaat_1780605109611.png,0,1,1,1,0,1
haan_ghil_muulnaat_1780605110342.png,0,0,0,1,0,0
haan_ghil_muulnaat_1780605110919.png,0,1,1,1,0,0
haan_ghil_muulnaat_1780605111669.png,0,1,1,1,0,1
haan_ghil_muulnaat_1780605112418.png,1,1,1,1,0,1
haan_ghil_muulnaat_1780605113190.png,0,1,1,1,0,1
haan_ghil_muulnaat_1780605113776.png,0,1,1,1,0,1
haan_ghil_muulnaat_1780605114395.png,1,1,1,1,0,1
haan_ghil_muulnaat_1780605115565.png,1,1,1,1,0,0
haan_ghil_muulnaat_1780605116252.png,0,1,0,1,0,0
haan_ghil_muulnaat_1780605116826.png,0,1,1,1,0,1
haan_ghil_muulnaat_1780605117440.png,1,1,0,1,0,0
haan_ghil_muulnaat_1780605118026.png,0,1,1,1,1,1
haan_ghil_muulnaat_1780605118586.png,0,0,1,0,0,0
haan_ghil_muulnaat_1780605119191.png,1,0,1,1,0,1
haan_ghil_muulnaat_1780605119759.png,0,1,1,1,1,0
haan_ghil_muulnaat_1780605120538.png,0,1,0,1,0,0
haan_ghil_muulnaat_1780605121266.png,0,1,1,1,0,0
haan_ghil_muulnaat_1780605121830.png,0,1,1,1,0,0
haan_ghil_muulnaat_1780605123002.png,0,1,1,1,0,1
haan_ghil_muulnaat_1780605123775.png,0,1,1,1,0,0
haan_ghil_muulnaat_1780605124519.png,0,1,1,1,1,1
haan_ghil_muulnaat_1780605125270.png,0,1,1,1,0,1
haan_ghil_muulnaat_1780605125856.png,0,1,1,1,0,0
haan_ghil_muulnaat_1780605126406.png,0,0,0,0,0,0
haan_ghil_muulnaat_1780605127107.png,0,1,1,1,0,1
haan_ghil_muulnaat_1780605127864.png,0,1,1,1,1,0
haan_ghil_muulnaat_1780605128616.png,0,1,1,1,1,1
haan_ghil_muulnaat_1780605129161.png,0,1,1,1,0,0
haan_ghil_muulnaat_1780605129894.png,1,1,1,1,1,1
haan_ghil_muulnaat_1780605130617.png,0,1,0,1,0,0
haan_ghil_muulnaat_1780605131327.png,0,1,1,1,0,0
haan_ghil_muulnaat_1780605131828.png,1,1,1,1,1,1
haan_ghil_muulnaat_1780605132617.png,0,1,1,1,0,0
haan_ghil_muulnaat_1780605133368.png,0,1,1,1,1,0
haan_ghil_muulnaat_1780605133917.png,0,1,1,1,0,1
haan_ghil_muulnaat_1780605134476.png,0,1,1,1,1,1
haan_ghil_muulnaat_1780605135055.png,0,1,1,1,1,1
haan_ghil_muulnaat_1780605135635.png,0,1,1,1,0,1
haan_ghil_muulnaat_1780605136395.png,0,1,1,0,0,0
haan_ghil_muulnaat_1780605137181.png,0,1,0,1,0,0
haan_ghil_muulnaat_1780605137747.png,0,1,1,1,0,0
haan_ghil_muulnaat_1780605138288.png,0,1,1,1,1,0
haan_ghil_muulnaat_1780605138969.png,0,1,1,1,1,1
haan_ghil_muulnaat_1780605139649.png,0,1,1,1,0,0
haan_ghil_muulnaat_1780605140222.png,0,1,1,1,0,1
haan_ghil_muulnaat_1780605140948.png,1,1,1,0,1,1
haan_ghil_muulnaat_1780605141538.png,0,1,1,0,0,1
haan_ghil_muulnaat_1780605142241.png,0,1,1,1,1,1
haan_ghil_muulnaat_1780605142957.png,0,1,1,1,1,1
haan_ghil_muulnaat_1780605143506.png,0,1,1,1,0,1
haan_ghil_muulnaat_1780605144251.png,0,1,1,1,0,0
haan_ghil_muulnaat_1780605144807.png,0,1,1,1,1,1
haan_ghil_muulnaat_1780605145344.png,0,1,1,1,1,1
haan_ghil_muulnaat_1780605146049.png,0,1,0,1,0,1
haan_ghil_muulnaat_1780605146587.png,0,1,1,0,0,0
haan_ghil_muulnaat_1780605147305.png,0,1,1,1,0,1
haan_ghil_muulnaat_1780605148016.png,0,1,1,1,1,1
haan_ghil_muulnaat_1780605148592.png,0,1,1,1,0,1
haan_ghil_muulnaat_1780605149759.png,0,1,1,1,0,0
haan_ghil_muulnaat_1780605150463.png,0,1,0,1,0,0
haan_ghil_muulnaat_1780605151162.png,0,1,1,1,0,0
haan_ghil_muulnaat_1780605151689.png,0,1,1,1,1,1
haan_ghil_muulnaat_1780605152443.png,0,1,1,1,1,1
haan_ghil_muulnaat_1780605152992.png,1,1,1,1,0,0
haan_ghil_muulnaat_1780605153533.png,0,1,1,1,0,1
haan_ghil_muulnaat_1780605154101.png,0,1,1,1,0,1
haan_ghil_muulnaat_1780605154701.png,1,1,1,1,1,1
haan_ghil_muulnaat_1780605155463.png,0,1,1,1,1,1
haan_ghil_muulnaat_1780605156189.png,0,1,1,1,0,1
haan_ghil_muulnaat_1780605156746.png,1,1,1,1,1,0
haan_ghil_muulnaat_1780605157518.png,0,1,1,1,0,1
haan_ghil_muulnaat_1780605158254.png,0,1,1,1,0,1
haan_ghil_muulnaat_1780605158825.png,1,1,1,0,1,1
haan_ghil_muulnaat_1780605159439.png,1,1,1,1,1,1
haan_ghil_muulnaat_1780605160149.png,0,1,1,1,0,0
haan_ghil_muulnaat_1780605160700.png,0,1,1,1,0,0
haan_ghil_muulnaat_1780605161426.png,0,1,0,1,0,0
haan_ghil_muulnaat_1780605162022.png,0,1,1,1,0,1
haan_ghil_muulnaat_1780605162755.png,0,1,0,1,0,1
haan_ghil_muulnaat_1780605163526.png,0,1,0,1,0,0
haan_ghil_muulnaat_1780605164111.png,1,1,1,1,0,1
haan_ghil_muulnaat_1780605164707.png,0,1,1,1,0,1
haan_ghil_muulnaat_1780605165270.png,0,1,1,1,0,0
haan_ghil_muulnaat_1780605165839.png,0,1,1,1,0,0
haan_ghil_muulnaat_1780605166431.png,0,1,1,1,1,1
haan_ghil_muulnaat_1780605166997.png,0,0,0,1,0,1
haan_ghil_muulnaat_1780605167575.png,0,1,1,1,0,1
haan_ghil_muulnaat_1780605168137.png,0,0,0,0,0,0
haan_ghil_muulnaat_1780605168866.png,1,1,1,1,0,1
haan_ghil_muulnaat_1780605169462.png,0,0,1,1,1,0
haan_ghil_muulnaat_1780605170004.png,0,1,1,0,1,1
haan_ghil_muulnaat_1780605170755.png,0,1,1,0,0,0
haan_ghil_muulnaat_1780605171344.png,0,0,0,0,0,1
haan_ghil_muulnaat_1780605172119.png,0,1,1,1,0,0
haan_ghil_muulnaat_1780605172830.png,0,1,1,1,0,1
haan_ghil_muulnaat_1780605173415.png,0,1,1,1,1,1
haan_ghil_muulnaat_1780605174152.png,0,1,1,1,1,1
haan_ghil_muulnaat_1780605174731.png,1,1,1,1,1,1
haan_ghil_muulnaat_1780605175490.png,0,1,1,1,0,0
haan_ghil_muulnaat_1780605176185.png,0,1,1,1,1,1
haan_ghil_muulnaat_1780605176734.png,1,1,1,1,0,0
haan_ghil_muulnaat_1780605177455.png,0,1,1,1,0,0
haan_ghil_muulnaat_1780605178027.png,0,1,1,1,0,1
haan_ghil_muulnaat_1780605178607.png,1,1,0,1,1,1
haan_ghil_muulnaat_1780605179209.png,0,1,1,1,0,1
haan_ghil_muulnaat_1780605179945.png,0,1,1,1,0,1
haan_ghil_muulnaat_1780605180551.png,0,1,1,1,0,1
haan_ghil_muulnaat_1780605181134.png,0,1,1,1,0,1
haan_ghil_muulnaat_1780605181702.png,1,1,1,0,1,1
haan_ghil_muulnaat_1780605182259.png,0,1,1,1,1,1
haan_ghil_muulnaat_1780605182980.png,0,1,1,1,0,1
haan_ghil_muulnaat_1780605183724.png,0,1,0,1,0,0
haan_ghil_muulnaat_1780605184515.png,0,1,1,1,0,0
haan_ghil_muulnaat_1780605185232.png,0,0,1,1,0,0
haan_ghil_muulnaat_1780605185963.png,0,1,1,1,0,0
haan_ghil_muulnaat_1780605186545.png,1,1,1,1,0,1
haan_ghil_muulnaat_1780605187145.png,0,1,1,1,0,1
haan_ghil_muulnaat_1780605187690.png,0,1,1,1,0,1
haan_ghil_muulnaat_1780605188452.png,0,1,1,1,1,1
haan_ghil_muulnaat_1780605189040.png,0,1,1,1,0,1
haan_ghil_muulnaat_1780605189746.png,0,0,0,1,0,0
haan_ghil_muulnaat_1780605190505.png,0,1,0,1,0,0
haan_ghil_muulnaat_1780605191241.png,0,1,1,1,0,0
haan_ghil_muulnaat_1780605191950.png,0,1,1,1,0,0
haan_ghil_muulnaat_1780605192667.png,1,1,1,1,1,1
haan_ghil_muulnaat_1780605193426.png,1,1,1,1,1,1
haan_ghil_muulnaat_1780605193982.png,0,1,1,1,1,1
haan_ghil_muulnaat_1780605194544.png,0,1,1,1,1,1
haan_ghil_muulnaat_1780605195310.png,0,1,1,1,1,1
haan_ghil_muulnaat_1780605195843.png,0,1,1,1,0,1
haan_ghil_muulnaat_1780605196602.png,0,1,0,1,0,0
haan_ghil_muulnaat_1780605197210.png,0,1,1,1,1,1
haan_ghil_muulnaat_1780605197770.png,0,1,1,1,0,1
haan_ghil_muulnaat_1780605198326.png,0,1,1,1,0,1
haan_ghil_muulnaat_1780605199049.png,0,1,1,1,0,1
haan_ghil_muulnaat_1780605199745.png,1,1,1,1,0,1
haan_ghil_muulnaat_1780605200290.png,1,1,1,1,1,1
haan_ghil_muulnaat_1780605200837.png,0,1,1,1,0,1
haan_ghil_muulnaat_1780605201614.png,0,1,1,1,1,1
haan_ghil_muulnaat_1780605202143.png,0,1,1,1,0,1
haan_ghil_muulnaat_1780605202672.png,1,1,1,1,0,1
haan_ghil_muulnaat_1780605203217.png,0,1,1,1,1,1
haan_ghil_muulnaat_1780605203959.png,0,1,0,1,0,0
haan_ghil_muulnaat_1780605204612.png,0,1,1,1,0,0
haan_ghil_muulnaat_1780605205129.png,1,1,1,1,1,1
haan_ghil_muulnaat_1780605205691.png,0,1,1,1,1,0
haan_ghil_muulnaat_1780605206430.png,0,1,0,1,0,1
haan_ghil_muulnaat_1780605207150.png,0,1,1,1,0,1
haan_ghil_muulnaat_1780605207892.png,0,1,1,1,0,0
haan_ghil_muulnaat_1780605208614.png,0,0,0,0,0,0
haan_ghil_muulnaat_1780605209185.png,0,1,1,1,1,1
haan_ghil_muulnaat_1780605209774.png,1,1,1,1,1,1
haan_ghil_muulnaat_1780605210542.png,0,1,1,1,0,0
haan_ghil_muulnaat_1780605211142.png,0,1,1,1,0,1
haan_ghil_muulnaat_1780605211716.png,0,1,1,1,0,0
haan_ghil_muulnaat_1780605212304.png,1,1,1,1,1,1
haan_ghil_muulnaat_1780605213470.png,0,1,1,1,1,1
haan_ghil_muulnaat_1780605214196.png,0,1,1,1,1,1
haan_ghil_muulnaat_1780605214759.png,0,1,1,1,0,1
haan_ghil_muulnaat_1780605215532.png,0,0,0,1,0,0
haan_ghil_muulnaat_1780605216298.png,0,1,1,1,0,0
haan_ghil_muulnaat_1780605216955.png,0,1,1,1,0,0
haan_ghil_muulnaat_1780605217513.png,1,0,0,0,0,0
haan_ghil_muulnaat_1780605218251.png,0,1,0,1,0,0
haan_ghil_muulnaat_1780605218861.png,0,1,1,0,1,0
haan_ghil_muulnaat_1780605219448.png,0,1,1,1,0,1
haan_ghil_muulnaat_1780605220191.png,0,1,1,1,1,1
haan_ghil_muulnaat_1780605220936.png,0,1,1,1,0,1
haan_ghil_muulnaat_1780605221664.png,0,1,1,1,0,1
haan_ghil_muulnaat_1780605222395.png,0,1,1,1,0,0
haan_ghil_muulnaat_1780605223118.png,0,1,1,1,0,0
haan_ghil_muulnaat_1780605223852.png,0,1,1,1,0,1
haan_ghil_muulnaat_1780605224438.png,0,1,1,1,0,1
haan_ghil_muulnaat_1780605225142.png,1,0,1,1,1,1
haan_ghil_muulnaat_1780605225880.png,0,1,1,1,0,0
haan_ghil_muulnaat_1780605226449.png,1,1,1,1,1,0
haan_ghil_muulnaat_1780605227215.png,0,0,1,1,1,1
haan_ghil_muulnaat_1780605227938.png,0,1,1,1,0,1
haan_ghil_muulnaat_1780605228504.png,0,1,1,1,0,1
haan_ghil_muulnaat_1780605229278.png,1,1,1,1,1,1
haan_ghil_muulnaat_1780605230058.png,0,1,1,1,0,0
haan_ghil_muulnaat_1780605230563.png,0,1,1,1,0,1
haan_ghil_muulnaat_1780605231275.png,0,1,0,1,0,0
haan_ghil_muulnaat_1780605231873.png,0,1,1,1,1,1
haan_ghil_muulnaat_1780605232395.png,0,1,1,1,0,0
haan_ghil_muulnaat_1780605233094.png,0,1,1,1,0,0
haan_ghil_muulnaat_1780605233813.png,0,1,1,0,0,1
haan_ghil_muulnaat_1780605234569.png,0,0,0,0,0,0
haan_ghil_muulnaat_1780605235148.png,0,1,1,1,0,1
haan_ghil_muulnaat_1780605235718.png,1,1,1,1,1,1
haan_ghil_muulnaat_1780605236293.png,1,1,1,1,1,0
haan_ghil_muulnaat_1780605237037.png,0,1,1,1,0,1
haan_ghil_muulnaat_1780605237596.png,0,1,1,1,1,1
haan_ghil_muulnaat_1780605238187.png,0,1,1,1,1,1
haan_ghil_muulnaat_1780605238934.png,0,1,1,1,1,0
haan_ghil_muulnaat_1780605239511.png,1,0,1,1,0,0
haan_ghil_muulnaat_1780605240101.png,0,1,1,1,1,0
haan_ghil_muulnaat_1780605240666.png,1,1,1,1,1,0
haan_ghil_muulnaat_1780605241272.png,0,0,0,0,0,0
haan_ghil_muulnaat_1780605242439.png,0,1,1,1,0,0
haan_ghil_muulnaat_1780605243012.png,1,1,1,1,1,0
haan_ghil_muulnaat_1780605243790.png,0,1,0,1,0,0
haan_ghil_muulnaat_1780605244547.png,0,0,0,1,0,0
haan_ghil_muulnaat_1780605245290.png,0,0,1,1,0,1
haan_ghil_muulnaat_1780605245860.png,0,0,1,0,0,1
haan_ghil_muulnaat_1780605246619.png,1,1,1,1,0,1
haan_ghil_muulnaat_1780605247373.png,0,1,1,1,1,1
haan_ghil_muulnaat_1780605248157.png,0,1,1,1,0,0
haan_ghil_muulnaat_1780605248953.png,0,0,0,1,0,0
haan_ghil_muulnaat_1780605249471.png,0,0,1,0,0,0
haan_ghil_muulnaat_1780605249992.png,0,0,0,1,0,0
haan_ghil_muulnaat_1780605250713.png,1,1,1,1,0,0
haan_ghil_muulnaat_1780605251414.png,0,1,1,1,0,0
haan_ghil_muulnaat_1780605252187.png,0,1,1,1,0,0
haan_ghil_muulnaat_1780605252970.png,0,1,1,1,0,1
haan_ghil_muulnaat_1780605253678.png,0,1,0,1,0,0
haan_ghil_muulnaat_1780605254252.png,1,1,1,1,0,1
haan_ghil_muulnaat_1780605254835.png,1,1,1,1,0,0
haan_ghil_muulnaat_1780605255400.png,0,1,1,1,0,0
haan_ghil_muulnaat_1780605255984.png,0,1,1,1,1,1
haan_ghil_muulnaat_1780605256549.png,0,1,1,1,0,1
haan_ghil_muulnaat_1780605257126.png,0,1,1,1,0,0
haan_ghil_muulnaat_1780605257743.png,0,1,1,1,1,1
haan_ghil_muulnaat_1780605258490.png,0,1,0,1,0,0
haan_ghil_muulnaat_1780605259247.png,0,1,1,1,1,1
haan_ghil_muulnaat_1780605259976.png,0,1,1,1,1,1
haan_ghil_muulnaat_1780605260549.png,0,1,1,1,0,1
haan_ghil_muulnaat_1780605261153.png,0,1,1,1,0,0
haan_ghil_muulnaat_1780605261770.png,0,1,1,1,1,1
haan_ghil_muulnaat_1780605262535.png,0,1,1,1,1,1
haan_ghil_muulnaat_1780605263126.png,0,1,1,1,0,1
haan_ghil_muulnaat_1780605263902.png,1,1,1,1,1,1
haan_ghil_muulnaat_1780605264686.png,0,1,1,1,1,0
haan_ghil_muulnaat_1780605265264.png,0,1,1,0,1,0
haan_ghil_muulnaat_1780605266058.png,0,1,0,1,0,0
haan_ghil_muulnaat_1780605266662.png,0,1,1,1,0,0
haan_ghil_muulnaat_1780605267458.png,0,1,1,1,0,1
haan_ghil_muulnaat_1780605268052.png,0,1,1,1,1,1
haan_ghil_muulnaat_1780605268673.png,0,1,1,1,1,1
haan_ghil_muulnaat_1780605269446.png,0,1,1,1,0,1
haan_ghil_muulnaat_1780605270248.png,0,1,1,1,0,1
haan_ghil_muulnaat_1780605271056.png,0,1,1,1,0,1
haan_ghil_muulnaat_1780605271678.png,0,1,1,1,1,1
haan_ghil_muulnaat_1780605272422.png,0,1,1,1,0,1
haan_ghil_muulnaat_1780605273022.png,0,1,1,1,0,0
haan_ghil_muulnaat_1780605273649.png,0,1,1,1,0,1
haan_ghil_muulnaat_1780605274425.png,0,1,1,1,0,1
haan_ghil_muulnaat_1780605275024.png,0,1,1,1,0,1
haan_ghil_muulnaat_1780605275838.png,1,1,1,0,1,0
haan_ghil_muulnaat_1780605276475.png,0,0,1,0,0,1
haan_ghil_muulnaat_1780605277273.png,0,0,0,1,0,0
haan_ghil_muulnaat_1780605278047.png,0,1,1,1,0,0
haan_ghil_muulnaat_1780605278873.png,0,1,1,0,0,0
haan_ghil_muulnaat_1780605279527.png,0,1,1,1,0,1
haan_ghil_muulnaat_1780605280317.png,0,1,1,1,1,0
haan_ghil_muulnaat_1780605280953.png,1,1,1,1,1,1
haan_ghil_muulnaat_1780605281593.png,0,1,1,1,0,1
haan_ghil_muulnaat_1780605282192.png,0,1,1,1,1,1
haan_ghil_muulnaat_1780605282804.png,0,1,1,1,0,1
haan_ghil_muulnaat_1780605283451.png,0,1,1,1,0,1
haan_ghil_muulnaat_1780605284087.png,0,0,0,0,0,0
haan_ghil_muulnaat_1780605284707.png,0,1,1,1,1,1
haan_ghil_muulnaat_1780605285297.png,1,1,1,1,0,0
haan_ghil_muulnaat_1780605286077.png,1,1,1,1,1,1
haan_ghil_muulnaat_1780605286852.png,0,1,1,1,0,0
haan_ghil_muulnaat_1780605287478.png,0,1,1,1,0,1
haan_ghil_muulnaat_1780605288123.png,0,1,1,1,0,0
haan_ghil_muulnaat_1780605288762.png,0,1,1,1,0,1
haan_ghil_muulnaat_1780605289444.png,0,1,1,1,0,1
haan_ghil_muulnaat_1780605290243.png,0,1,1,1,0,0
haan_ghil_muulnaat_1780605291086.png,1,1,1,1,1,1
haan_ghil_muulnaat_1780605291705.png,0,0,0,0,0,0
haan_ghil_muulnaat_1780605292315.png,0,1,1,1,0,1
haan_ghil_muulnaat_1780605293082.png,0,1,1,1,0,0
haan_ghil_muulnaat_1780605293740.png,0,1,1,1,1,0
haan_ghil_muulnaat_1780605294541.png,0,1,1,1,0,0
haan_ghil_muulnaat_1780605295362.png,0,1,1,1,0,0
haan_ghil_muulnaat_1780605296174.png,0,1,1,1,0,0
haan_ghil_muulnaat_1780605296820.png,0,0,1,1,1,1
haan_ghil_muulnaat_1780605297393.png,0,1,1,1,0,1
haan_ghil_muulnaat_1780605298176.png,0,1,1,1,0,0
haan_ghil_muulnaat_1780605298811.png,0,1,1,1,1,0
haan_ghil_muulnaat_1780605299419.png,0,1,1,1,0,0
haan_ghil_muulnaat_1780605300008.png,1,1,1,1,0,0
haan_ghil_muulnaat_1780605300625.png,1,1,1,1,0,1
haan_ghil_muulnaat_1780605301417.png,0,1,1,1,0,0
haan_ghil_muulnaat_1780605302198.png,0,1,1,1,0,0
haan_ghil_muulnaat_1780605302782.png,0,1,1,1,0,1
haan_ghil_muulnaat_1780605303372.png,1,1,1,1,1,0
haan_ghil_muulnaat_1780605303996.png,0,1,1,1,0,0
haan_ghil_muulnaat_1780605304638.png,0,1,1,0,0,1
haan_ghil_muulnaat_1780605305473.png,1,1,1,1,0,1
haan_ghil_muulnaat_1780605306526.png,0,1,1,1,0,0
haan_ghil_muulnaat_1780605307167.png,0,1,1,1,0,0
haan_ghil_muulnaat_1780605307951.png,0,1,0,1,0,0
haan_ghil_muulnaat_1780605308514.png,1,1,1,1,1,1
haan_ghil_muulnaat_1780605309097.png,1,1,1,1,1,0
haan_ghil_muulnaat_1780605309901.png,0,1,1,1,1,1
haan_ghil_muulnaat_1780605310446.png,0,1,1,1,1,1
haan_ghil_muulnaat_1780605311052.png,0,1,1,1,1,1
haan_ghil_muulnaat_1780605311829.png,0,1,1,1,0,0
haan_ghil_muulnaat_1780605312598.png,0,1,1,1,0,0
haan_ghil_muulnaat_1780605313425.png,0,1,1,1,0,0
haan_ghil_muulnaat_1780605314042.png,1,1,1,1,1,0
haan_ghil_muulnaat_1780605314596.png,0,1,1,1,0,0
haan_ghil_muulnaat_1780605315395.png,0,1,1,1,0,1
haan_ghil_muulnaat_1780605316162.png,0,0,0,1,0,0
haan_ghil_muulnaat_1780605316959.png,0,1,1,1,1,0
haan_ghil_muulnaat_1780605317564.png,0,1,1,1,0,0
haan_ghil_muulnaat_1780605318180.png,0,1,1,1,1,1
haan_ghil_muulnaat_1780605318761.png,1,1,1,1,1,1
haan_ghil_muulnaat_1780605319562.png,0,1,1,1,0,0
haan_ghil_muulnaat_1780605320352.png,1,1,1,1,1,1
haan_ghil_muulnaat_1780605321146.png,0,1,0,1,0,0
haan_ghil_muulnaat_1780605321751.png,0,1,1,1,0,1
haan_ghil_muulnaat_1780605322337.png,0,1,1,1,1,1
haan_ghil_muulnaat_1780605323073.png,0,1,1,1,0,0
haan_ghil_muulnaat_1780605323647.png,0,1,1,1,0,1
haan_ghil_muulnaat_1780605324242.png,0,1,1,1,0,0
haan_ghil_muulnaat_1780605325038.png,1,1,1,1,1,1
haan_ghil_muulnaat_1780605325813.png,0,1,1,1,1,0
haan_ghil_muulnaat_1780605326587.png,1,1,1,1,0,1
haan_ghil_muulnaat_1780605327175.png,1,1,1,1,1,1
haan_ghil_muulnaat_1780605327973.png,0,1,1,1,0,0
haan_ghil_muulnaat_1780605328613.png,0,1,1,1,1,0
haan_ghil_muulnaat_1780605329390.png,0,1,1,0,0,1
haan_ghil_muulnaat_1780605330157.png,0,1,1,1,0,1
haan_ghil_muulnaat_1780605330761.png,0,1,1,1,0,0
haan_ghil_muulnaat_1780605331375.png,0,1,1,1,0,0
haan_ghil_muulnaat_1780605332135.png,0,1,1,1,1,1
haan_ghil_muulnaat_1780605332882.png,1,1,1,1,0,0
haan_ghil_muulnaat_1780605333513.png,0,1,1,1,0,0
haan_ghil_muulnaat_1780605334337.png,0,1,1,1,0,0
haan_ghil_muulnaat_1780605335115.png,0,1,1,1,0,0
haan_ghil_muulnaat_1780605335734.png,0,0,1,0,0,0
haan_ghil_muulnaat_1780605336363.png,0,0,0,0,0,0
haan_ghil_muulnaat_1780605337186.png,0,1,1,1,0,0
haan_ghil_muulnaat_1780605337752.png,0,1,1,1,0,1
haan_ghil_muulnaat_1780605338501.png,0,0,0,0,0,0
haan_ghil_muulnaat_1780605339102.png,0,0,1,1,0,1
haan_ghil_muulnaat_1780605339674.png,1,1,1,1,0,1
haan_ghil_muulnaat_1780605340452.png,0,1,0,1,0,0
haan_ghil_muulnaat_1780605341197.png,0,1,1,1,0,0
haan_ghil_muulnaat_1780605722317.png,1,1,1,1,1,1
haan_ghil_muulnaat_1780605723701.png,0,1,1,1,0,1
haan_ghil_muulnaat_1780605725584.png,0,1,1,1,1,1
haan_ghil_muulnaat_1780605726994.png,0,1,1,1,0,0
haan_ghil_muulnaat_1780605728491.png,1,1,1,1,1,0
haan_ghil_muulnaat_1780605729960.png,1,1,1,0,0,1
haan_ghil_muulnaat_1780605730596.png,0,1,1,1,0,0
haan_ghil_muulnaat_1780605731074.png,0,1,1,1,1,0
haan_ghil_muulnaat_1780605731698.png,0,1,1,1,1,1
haan_ghil_muulnaat_1780605732146.png,0,1,1,1,0,1
haan_ghil_muulnaat_1780605732815.png,0,1,1,1,0,0
haan_ghil_muulnaat_1780605733267.png,0,0,1,1,0,0
haan_ghil_muulnaat_1780605733721.png,0,1,1,1,0,1
haan_ghil_muulnaat_1780605734266.png,0,1,1,1,1,0
haan_ghil_muulnaat_1780605734934.png,0,1,1,1,0,0
haan_ghil_muulnaat_1780605735544.png,0,0,1,0,0,0
haan_ghil_muulnaat_1780605736019.png,0,1,1,1,0,1
haan_ghil_muulnaat_1780605736687.png,0,1,1,1,0,0
haan_ghil_muulnaat_1780605737160.png,0,1,1,1,0,0
haan_ghil_muulnaat_1780605737763.png,1,1,1,1,0,1
haan_ghil_muulnaat_1780605738388.png,0,0,1,1,0,1
haan_ghil_muulnaat_1780605739029.png,0,1,1,1,0,1
haan_ghil_muulnaat_1780605739678.png,0,1,1,1,0,0
haan_ghil_muulnaat_1780605740351.png,1,1,1,1,1,0
haan_ghil_muulnaat_1780605741002.png,0,1,1,1,0,1
haan_ghil_muulnaat_1780605741509.png,1,1,1,1,0,1
haan_ghil_muulnaat_1780605741991.png,1,1,1,1,1,1
haan_ghil_muulnaat_1780605742665.png,0,1,1,1,0,1
haan_ghil_muulnaat_1780605743306.png,0,0,0,0,0,0
haan_ghil_muulnaat_1780605743791.png,1,1,1,1,0,1
haan_ghil_muulnaat_1780605744269.png,1,1,1,1,0,1
haan_ghil_muulnaat_1780605744794.png,0,1,1,1,1,1
haan_ghil_muulnaat_1780605745269.png,0,1,1,1,0,1
haan_ghil_muulnaat_1780605745782.png,0,1,1,1,0,0
haan_ghil_muulnaat_1780605746446.png,0,0,0,0,0,0
haan_ghil_muulnaat_1780605746962.png,0,1,1,1,0,1
haan_ghil_muulnaat_1780605747608.png,0,1,0,1,0,0
haan_ghil_muulnaat_1780605748119.png,0,1,1,0,0,0
haan_ghil_muulnaat_1780605749193.png,0,1,1,1,1,0
haan_ghil_muulnaat_1780605749845.png,0,1,1,1,1,0
haan_ghil_muulnaat_1780605750459.png,0,0,0,1,0,0
haan_ghil_muulnaat_1780605750943.png,0,1,1,1,0,1
haan_ghil_muulnaat_1780605751448.png,1,1,1,1,1,1
haan_ghil_muulnaat_1780605751928.png,0,1,1,1,1,1
haan_ghil_muulnaat_1780605752441.png,0,0,1,1,0,1
haan_ghil_muulnaat_1780605752920.png,1,1,1,1,0,1
haan_ghil_muulnaat_1780605753429.png,0,1,1,1,1,0
haan_ghil_muulnaat_1780605753950.png,1,0,1,0,0,1
haan_ghil_muulnaat_1780605754659.png,0,1,1,1,0,0
haan_ghil_muulnaat_1780605755341.png,0,1,1,1,0,1
haan_ghil_muulnaat_1780605755996.png,0,1,0,1,0,0
haan_ghil_muulnaat_1780605756701.png,0,0,1,0,0,0
haan_ghil_muulnaat_1780605757222.png,0,1,1,1,1,0
haan_ghil_muulnaat_1780605757746.png,0,1,1,1,0,1
haan_ghil_muulnaat_1780605758436.png,0,1,1,0,0,0
haan_ghil_muulnaat_1780605759094.png,0,1,1,1,0,1
haan_ghil_muulnaat_1780605759616.png,0,1,1,1,0,0
haan_ghil_muulnaat_1780605760286.png,0,1,1,1,0,0
haan_ghil_muulnaat_1780605760910.png,1,1,1,1,1,1
haan_ghil_muulnaat_1780605761583.png,0,0,0,0,0,1
haan_ghil_muulnaat_1780605762309.png,0,1,1,1,0,1
haan_ghil_muulnaat_1780605762829.png,0,1,1,1,0,1
haan_ghil_muulnaat_1780605763342.png,0,1,1,1,1,1
haan_ghil_muulnaat_1780605764033.png,0,1,1,1,1,1
haan_ghil_muulnaat_1780605764576.png,0,0,0,0,0,0
haan_ghil_muulnaat_1780605765275.png,0,1,1,1,0,0
haan_ghil_muulnaat_1780605765776.png,0,1,0,1,0,0
haan_ghil_muulnaat_1780605766446.png,1,1,1,1,1,0
haan_ghil_muulnaat_1780605766967.png,0,0,1,0,0,1
haan_ghil_muulnaat_1780605767489.png,0,1,1,1,1,1
haan_ghil_muulnaat_1780605768061.png,0,1,1,1,1,1
haan_ghil_muulnaat_1780605768853.png,1,1,1,1,1,1
haan_ghil_muulnaat_1780605769443.png,0,1,1,0,0,1
haan_ghil_muulnaat_1780605770051.png,0,1,1,1,1,1
haan_ghil_muulnaat_1780605770661.png,0,1,1,1,0,1
haan_ghil_muulnaat_1780605771391.png,1,1,0,1,0,0
haan_ghil_muulnaat_1780605772109.png,0,1,1,1,0,1
haan_ghil_muulnaat_1780605772859.png,0,1,1,1,0,0
haan_ghil_muulnaat_1780605773428.png,0,1,1,0,1,1
haan_ghil_muulnaat_1780605774234.png,0,1,0,1,0,0
haan_ghil_muulnaat_1780605774776.png,0,1,1,0,0,1
haan_ghil_muulnaat_1780605775489.png,0,1,1,1,0,0
haan_ghil_muulnaat_1780605776095.png,1,0,1,0,0,1
haan_ghil_muulnaat_1780605776860.png,0,1,0,1,0,0
haan_ghil_muulnaat_1780605777611.png,0,1,1,0,1,1
haan_ghil_muulnaat_1780605778456.png,1,1,1,0,1,1
haan_ghil_muulnaat_1780605779103.png,0,1,1,1,0,1
haan_ghil_muulnaat_1780605779912.png,0,1,1,1,0,1
haan_ghil_muulnaat_1780605780735.png,0,1,1,1,0,0
haan_ghil_muulnaat_1780605781578.png,0,0,0,0,0,0
haan_ghil_muulnaat_1780605782190.png,0,1,1,1,0,1
haan_ghil_muulnaat_1780605783022.png,0,0,0,0,0,0
haan_ghil_muulnaat_1780605783675.png,0,1,1,1,0,1
haan_ghil_muulnaat_1780605784281.png,0,1,1,1,0,1
haan_ghil_muulnaat_1780605784940.png,1,1,1,1,0,1
haan_ghil_muulnaat_1780605785730.png,0,1,1,1,0,1
haan_ghil_muulnaat_1780605786480.png,0,1,1,1,0,1
haan_ghil_muulnaat_1780605787296.png,1,1,1,1,1,0
haan_ghil_muulnaat_1780605787973.png,0,1,1,1,1,0
haan_ghil_muulnaat_1780605788589.png,0,1,1,1,0,1
haan_ghil_muulnaat_1780605789207.png,0,1,1,1,0,1
haan_ghil_muulnaat_1780605789958.png,0,1,1,1,0,1
haan_ghil_muulnaat_1780605790718.png,0,1,1,1,1,1
haan_ghil_muulnaat_1780605791492.png,0,1,1,1,0,0
haan_ghil_muulnaat_1780605792298.png,1,1,1,1,1,1
haan_ghil_muulnaat_1780605793089.png,0,0,0,0,0,0
haan_ghil_muulnaat_1780605793679.png,0,1,1,1,0,0
haan_ghil_muulnaat_1780605794304.png,0,1,1,0,0,1
haan_ghil_muulnaat_1780605795085.png,0,0,0,1,0,0
haan_ghil_muulnaat_1780605795863.png,0,1,1,1,0,0
haan_ghil_muulnaat_1780605796448.png,0,0,1,0,0,1
haan_ghil_muulnaat_1780605797247.png,0,1,0,1,0,0
haan_ghil_muulnaat_1780605798028.png,0,1,1,1,0,1
haan_ghil_muulnaat_1780605798776.png,0,0,1,1,0,0
haan_ghil_muulnaat_1780605800222.png,1,1,1,0,0,0
haan_ghil_muulnaat_1780605800817.png,0,1,1,1,0,1
haan_ghil_muulnaat_1780605801596.png,0,1,1,1,0,1
haan_ghil_muulnaat_1780605802339.png,0,1,0,1,0,0
haan_ghil_muulnaat_1780605803129.png,0,1,1,1,0,0
haan_ghil_muulnaat_1780605803925.png,0,0,1,0,0,1
haan_ghil_muulnaat_1780605804688.png,0,0,0,1,0,0
haan_ghil_muulnaat_1780605805485.png,1,1,1,1,0,1
haan_ghil_muulnaat_1780605806120.png,1,1,1,1,1,1
haan_ghil_muulnaat_1780605806914.png,0,1,1,1,0,1
haan_ghil_muulnaat_1780605807529.png,0,1,1,1,0,0
haan_ghil_muulnaat_1780605808092.png,0,1,1,1,1,1
haan_ghil_muulnaat_1780605808876.png,0,0,0,1,0,0
haan_ghil_muulnaat_1780605809494.png,0,0,1,0,0,1
haan_ghil_muulnaat_1780605810100.png,0,1,1,1,0,1
haan_ghil_muulnaat_1780605810712.png,0,1,1,1,0,0
haan_ghil_muulnaat_1780605811476.png,0,0,0,0,0,1
haan_ghil_muulnaat_1780605812131.png,1,1,1,1,0,1
haan_ghil_muulnaat_1780605812918.png,0,0,0,1,0,0
haan_ghil_muulnaat_1780605813534.png,0,0,1,1,1,1
haan_ghil_muulnaat_1780605814164.png,0,1,1,1,1,1
haan_ghil_muulnaat_1780605814783.png,0,1,1,1,0,0
haan_ghil_muulnaat_1780605815591.png,0,1,0,1,0,0
haan_ghil_muulnaat_1780605816204.png,0,1,1,0,0,1
haan_ghil_muulnaat_1780605816780.png,0,1,1,1,0,1
haan_ghil_muulnaat_1780605817406.png,0,1,1,1,0,1
haan_ghil_muulnaat_1780605818012.png,0,1,1,1,0,1
haan_ghil_muulnaat_1780605818642.png,0,1,1,1,1,1
haan_ghil_muulnaat_1780605819470.png,1,1,1,1,0,1
haan_ghil_muulnaat_1780605820303.png,1,0,1,1,1,0
haan_ghil_muulnaat_1780605821062.png,0,1,1,1,0,0
haan_ghil_muulnaat_1780605821899.png,0,1,1,1,0,0
haan_ghil_muulnaat_1780605822534.png,0,1,1,0,0,0
haan_ghil_muulnaat_1780605823334.png,0,0,0,1,0,0
haan_ghil_muulnaat_1780605824155.png,0,1,1,1,0,0
haan_ghil_muulnaat_1780605824974.png,1,1,1,1,1,1
haan_ghil_muulnaat_1780605825609.png,0,1,1,1,1,1
haan_ghil_muulnaat_1780605826934.png,0,1,1,1,0,0
haan_ghil_muulnaat_1780605827668.png,1,1,1,1,1,1
haan_ghil_muulnaat_1780605828264.png,1,1,1,1,0,1
haan_ghil_muulnaat_1780605829688.png,0,0,0,1,0,0
haan_ghil_muulnaat_1780605830426.png,0,1,1,1,0,1
haan_ghil_muulnaat_1780605831041.png,0,1,1,1,0,0
haan_ghil_muulnaat_1780605831865.png,0,0,0,1,0,0
haan_ghil_muulnaat_1780605832482.png,0,1,1,1,0,0
haan_ghil_muulnaat_1780605833120.png,0,0,1,1,0,1
haan_ghil_muulnaat_1780605833726.png,0,1,1,1,1,1
haan_ghil_muulnaat_1780605834477.png,1,1,1,1,0,1
haan_ghil_muulnaat_1780605835196.png,0,0,0,0,0,1
haan_ghil_muulnaat_1780605835800.png,0,0,1,1,1,1
haan_ghil_muulnaat_1780605836576.png,0,1,1,1,0,0
haan_ghil_muulnaat_1780605837351.png,1,1,1,1,0,1
haan_ghil_muulnaat_1780605837983.png,1,0,1,0,0,0
haan_ghil_muulnaat_1780605838805.png,0,0,0,1,0,0
haan_ghil_muulnaat_1780605839553.png,0,1,1,1,1,1
haan_ghil_muulnaat_1780605840178.png,0,1,1,1,0,0
haan_ghil_muulnaat_1780605840946.png,0,1,1,0,0,0
haan_ghil_muulnaat_1780605841716.png,1,1,1,1,0,1
haan_ghil_muulnaat_1780605842339.png,1,1,1,1,0,1
haan_ghil_muulnaat_1780605842980.png,0,1,1,1,0,0
haan_ghil_muulnaat_1780605843575.png,1,1,1,1,0,1
haan_ghil_muulnaat_1780605844407.png,0,1,0,1,0,0
haan_ghil_muulnaat_1780605845218.png,0,0,0,0,0,0
haan_ghil_muulnaat_1780605846014.png,0,1,0,1,0,0
haan_ghil_muulnaat_1780605846651.png,0,0,0,0,0,0
haan_ghil_muulnaat_1780605847410.png,1,0,0,0,0,0
haan_ghil_muulnaat_1780605848179.png,0,1,1,1,0,1
haan_ghil_muulnaat_1780605848926.png,0,1,1,1,0,0
haan_ghil_muulnaat_1780605849694.png,1,1,1,1,1,0
haan_ghil_muulnaat_1780605850507.png,0,0,0,1,0,0
haan_ghil_muulnaat_1780605851116.png,0,1,1,1,0,1
haan_ghil_muulnaat_1780605851873.png,0,1,1,1,0,0
haan_ghil_muulnaat_1780605852668.png,0,1,1,1,0,0
haan_ghil_muulnaat_1780605853432.png,1,0,1,0,0,1
haan_ghil_muulnaat_1780605854032.png,0,1,1,0,0,1
haan_ghil_muulnaat_1780605854621.png,0,1,1,1,0,0
haan_ghil_muulnaat_1780605855426.png,0,1,1,1,0,0
haan_ghil_muulnaat_1780605856243.png,1,1,1,1,1,1
haan_ghil_muulnaat_1780605857047.png,0,1,1,0,0,0
haan_ghil_muulnaat_1780605857846.png,0,0,1,1,1,1
haan_ghil_muulnaat_1780605858653.png,0,1,1,1,0,0
haan_ghil_muulnaat_1780605859393.png,1,1,1,1,1,1
haan_ghil_muulnaat_1780605860154.png,0,1,0,1,0,0
haan_ghil_muulnaat_1780605860766.png,0,0,0,0,0,0
haan_ghil_muulnaat_1780605861565.png,0,0,0,1,0,0
haan_ghil_muulnaat_1780605862162.png,0,1,1,1,0,0
haan_ghil_muulnaat_1780605862769.png,0,1,1,1,1,1
haan_ghil_muulnaat_1780605863418.png,1,1,1,1,1,1
haan_ghil_muulnaat_1780605864019.png,1,1,1,1,0,1
haan_ghil_muulnaat_1780605864778.png,1,1,1,1,1,1
haan_ghil_muulnaat_1780605865426.png,0,1,1,1,1,1
haan_ghil_muulnaat_1780605866024.png,1,0,1,0,0,1
haan_ghil_muulnaat_1780605866796.png,0,0,0,1,0,0
haan_ghil_muulnaat_1780605867410.png,0,0,0,0,0,0
haan_ghil_muulnaat_1780605868128.png,1,1,1,1,1,1
haan_ghil_muulnaat_1780605868890.png,1,1,1,1,0,1
haan_ghil_muulnaat_1780605869647.png,1,1,1,1,0,1
haan_ghil_muulnaat_1780605870453.png,0,1,1,1,0,0
haan_ghil_muulnaat_1780605871045.png,0,1,1,1,1,1
haan_ghil_muulnaat_1780605871863.png,0,0,0,1,0,0
haan_ghil_muulnaat_1780605872480.png,0,1,1,1,0,1
haan_ghil_muulnaat_1780605873085.png,1,1,1,1,0,1
haan_ghil_muulnaat_1780605873696.png,0,1,1,1,1,0
haan_ghil_muulnaat_1780605874502.png,1,1,1,1,1,1
haan_ghil_muulnaat_1780605875118.png,0,1,1,0,0,1
haan_ghil_muulnaat_1780605875722.png,0,1,1,1,1,1
haan_ghil_muulnaat_1780605876343.png,1,1,1,1,1,1
haan_ghil_muulnaat_1780605877141.png,0,1,1,1,0,1
haan_ghil_muulnaat_1780605877916.png,0,1,1,1,0,1
haan_ghil_muulnaat_1780605878699.png,1,1,1,1,0,1
haan_ghil_muulnaat_1780605879489.png,0,1,1,1,0,0
haan_ghil_muulnaat_1780605880247.png,0,1,1,1,0,1
haan_ghil_muulnaat_1780605880867.png,0,1,1,1,0,0
haan_ghil_muulnaat_1780605881474.png,0,0,0,0,0,0
haan_ghil_muulnaat_1780605882289.png,0,1,1,1,1,1
haan_ghil_muulnaat_1780605882897.png,0,0,1,0,0,1
haan_ghil_muulnaat_1780605883510.png,0,1,1,0,0,1
haan_ghil_muulnaat_1780605884313.png,0,1,1,1,0,0
haan_ghil_muulnaat_1780605884926.png,0,1,1,1,0,1
haan_ghil_muulnaat_1780605885514.png,0,1,1,1,0,1
haan_ghil_muulnaat_1780605886292.png,0,1,1,1,0,0
haan_ghil_muulnaat_1780605886880.png,1,1,1,1,0,0
haan_ghil_muulnaat_1780605887642.png,0,1,1,0,0,0
haan_ghil_muulnaat_1780605888423.png,0,1,1,1,1,0
haan_ghil_muulnaat_1780605889187.png,0,1,1,1,0,0
haan_ghil_muulnaat_1780605889942.png,1,1,1,1,1,0
haan_ghil_muulnaat_1780605890690.png,1,1,1,1,0,0
haan_ghil_muulnaat_1780605891379.png,0,1,1,1,0,1
haan_ghil_muulnaat_1780605891947.png,0,1,1,1,0,1
haan_ghil_muulnaat_1780605892673.png,0,1,0,1,0,0
haan_ghil_muulnaat_1780605893219.png,0,1,1,1,0,1
haan_ghil_muulnaat_1780605893946.png,0,1,1,1,1,1
haan_ghil_muulnaat_1780605894713.png,0,1,0,1,0,0
haan_ghil_muulnaat_1780605895313.png,0,1,1,1,0,0
haan_ghil_muulnaat_1780605896066.png,0,1,1,1,0,0
haan_ghil_muulnaat_1780605896817.png,0,1,1,1,0,0
haan_ghil_muulnaat_1780605897410.png,0,1,1,1,0,1
haan_ghil_muulnaat_1780605898138.png,0,1,1,1,0,1
haan_ghil_muulnaat_1780605898739.png,0,1,1,1,0,1
haan_ghil_muulnaat_1780605899387.png,0,1,1,1,0,1
haan_ghil_muulnaat_1780605900017.png,0,1,1,1,0,1
haan_ghil_muulnaat_1780605900619.png,0,0,0,1,0,0
haan_ghil_muulnaat_1780605901450.png,0,1,1,1,0,1
haan_ghil_muulnaat_1780605902063.png,1,1,1,1,1,0
haan_ghil_muulnaat_1780605902841.png,0,1,1,1,0,0
haan_ghil_muulnaat_1780605903600.png,1,1,1,1,1,1
haan_ghil_muulnaat_1780605904407.png,0,1,1,1,0,0
haan_ghil_muulnaat_1780605905011.png,0,1,1,1,1,0
haan_ghil_muulnaat_1780605905612.png,0,1,1,0,0,0
haan_ghil_muulnaat_1780605906372.png,1,1,1,1,1,1
haan_ghil_muulnaat_1780605906974.png,0,1,1,1,0,1
haan_ghil_muulnaat_1780605907754.png,0,1,1,1,0,0
haan_ghil_muulnaat_1780605908553.png,0,1,0,1,0,0
haan_ghil_muulnaat_1780605909178.png,0,1,1,1,0,1
haan_ghil_muulnaat_1780605909814.png,0,1,1,1,0,0
haan_ghil_muulnaat_1780605910446.png,0,1,1,1,0,0
haan_ghil_muulnaat_1780605911177.png,1,1,1,1,1,1
haan_ghil_muulnaat_1780605911766.png,0,1,1,1,0,0
haan_ghil_muulnaat_1780605912574.png,0,1,1,1,0,1
haan_ghil_muulnaat_1780605913211.png,0,1,1,1,0,0
haan_ghil_muulnaat_1780605913813.png,0,1,1,1,0,1
haan_ghil_muulnaat_1780605914425.png,0,1,1,1,0,1
haan_ghil_muulnaat_1780605915053.png,0,1,1,1,1,1
haan_ghil_muulnaat_1780605915838.png,0,1,0,1,1,1
haan_ghil_muulnaat_1780605916621.png,0,1,1,1,1,1
haan_ghil_muulnaat_1780605917416.png,1,1,1,0,0,0
haan_ghil_muulnaat_1780605917947.png,0,1,0,1,0,1
haan_ghil_muulnaat_1780605918525.png,0,1,1,1,1,1
haan_ghil_muulnaat_1780605919269.png,0,1,1,1,0,0
haan_ghil_muulnaat_1780605919850.png,0,1,1,1,1,1
haan_ghil_muulnaat_1780605920610.png,0,1,1,1,1,1
haan_ghil_muulnaat_1780605921175.png,0,1,1,1,0,1
haan_ghil_muulnaat_1780605921794.png,0,1,1,1,0,1
haan_ghil_muulnaat_1780605922355.png,0,1,1,1,0,1
haan_ghil_muulnaat_1780605923119.png,1,1,1,1,1,0
haan_ghil_muulnaat_1780605923694.png,0,1,0,1,0,1
haan_ghil_muulnaat_1780605924474.png,1,1,1,1,0,0
haan_ghil_muulnaat_1780605925058.png,0,1,1,1,0,1
haan_ghil_muulnaat_1780605925810.png,1,0,1,1,0,0
haan_ghil_muulnaat_1780605926380.png,0,1,1,1,0,1
haan_ghil_muulnaat_1780605927133.png,0,1,1,1,0,0
haan_ghil_muulnaat_1780605927737.png,0,1,1,1,0,1
haan_ghil_muulnaat_1780605928374.png,0,0,1,1,0,0
haan_ghil_muulnaat_1780605929140.png,1,1,1,1,0,0
haan_ghil_muulnaat_1780605929745.png,1,1,1,1,1,0
haan_ghil_muulnaat_1780605930364.png,1,0,1,1,0,1
haan_ghil_muulnaat_1780605930978.png,0,1,1,1,0,0
haan_ghil_muulnaat_1780605931788.png,1,0,0,0,0,0
haan_ghil_muulnaat_1780605932374.png,0,1,1,1,0,1
haan_ghil_muulnaat_1780605933148.png,0,1,0,0,0,0
haan_ghil_muulnaat_1780605933888.png,1,1,1,1,0,0
haan_ghil_muulnaat_1780605934708.png,0,1,1,0,0,0
haan_ghil_muulnaat_1780605935328.png,0,1,1,1,0,1
haan_ghil_muulnaat_1780605935923.png,0,1,1,1,1,0
haan_ghil_muulnaat_1780605936512.png,0,1,1,1,0,1
haan_ghil_muulnaat_1780605937130.png,0,1,1,1,1,1
haan_ghil_muulnaat_1780605937755.png,0,0,1,0,1,1
haan_ghil_muulnaat_1780605938353.png,0,1,1,1,0,0
haan_ghil_muulnaat_1780605938939.png,0,1,1,1,0,1
haan_ghil_muulnaat_1780605939569.png,1,1,1,1,0,1
haan_ghil_muulnaat_1780605940354.png,0,1,1,1,0,0
haan_ghil_muulnaat_1780605941125.png,1,1,0,0,0,0
haan_ghil_muulnaat_1780605941744.png,0,1,1,1,0,1
haan_ghil_muulnaat_1780605942355.png,0,1,1,1,1,1
haan_ghil_muulnaat_1780605943179.png,0,0,0,1,0,0
haan_ghil_muulnaat_1780605943960.png,0,1,1,1,1,1
haan_ghil_muulnaat_1780605944754.png,0,0,0,1,0,0
haan_ghil_muulnaat_1780605945513.png,0,1,0,1,0,0
haan_ghil_muulnaat_1780605946297.png,0,1,1,1,1,0
haan_ghil_muulnaat_1780605946928.png,0,1,1,1,1,1
haan_ghil_muulnaat_1780605947519.png,0,1,1,1,1,1
haan_ghil_muulnaat_1780605948292.png,0,0,0,0,0,0
haan_ghil_muulnaat_1780605948884.png,0,1,1,1,0,0
haan_ghil_muulnaat_1780605949423.png,0,1,1,1,0,0
haan_ghil_muulnaat_1780605950155.png,0,1,1,1,0,0
haan_ghil_muulnaat_1780605950690.png,0,1,1,1,1,1
haan_ghil_muulnaat_1780605951288.png,0,1,1,1,0,1
haan_ghil_muulnaat_1780605951859.png,0,1,1,1,0,1
haan_ghil_muulnaat_1780605952590.png,0,1,0,1,0,0
haan_ghil_muulnaat_1780605953185.png,1,1,1,1,1,0
haan_ghil_muulnaat_1780605953760.png,0,1,1,1,0,0
haan_ghil_muulnaat_1780605954309.png,0,1,1,1,1,1
haan_ghil_muulnaat_1780605955076.png,0,1,1,1,1,0
haan_ghil_muulnaat_1780605955661.png,1,1,1,1,0,1
haan_ghil_muulnaat_1780605956366.png,0,0,1,1,0,1
haan_ghil_muulnaat_1780605956975.png,0,1,1,1,1,1
haan_ghil_muulnaat_1780605957733.png,0,1,1,1,0,0
haan_ghil_muulnaat_1780605958471.png,0,0,0,1,0,0
haan_ghil_muulnaat_1780605959242.png,1,0,1,1,0,0
haan_ghil_muulnaat_1780605960044.png,1,1,1,1,0,0
haan_ghil_muulnaat_1780605960877.png,1,1,1,1,1,1
haan_ghil_muulnaat_1780605961693.png,0,1,1,1,0,0
haan_ghil_muulnaat_1780605962497.png,0,0,0,1,0,0
haan_ghil_muulnaat_1780605963280.png,1,1,1,1,1,1
haan_ghil_muulnaat_1780605964086.png,0,1,0,1,0,0
haan_ghil_muulnaat_1780605964660.png,0,0,1,1,0,0
haan_ghil_muulnaat_1780605965448.png,1,1,1,1,1,1
haan_ghil_muulnaat_1780605966047.png,0,1,1,1,0,0
haan_ghil_muulnaat_1780605966669.png,0,1,1,1,0,1
haan_ghil_muulnaat_1780605967457.png,0,1,1,1,0,1
haan_ghil_muulnaat_1780605968032.png,0,1,1,1,0,1
haan_ghil_muulnaat_1780605968667.png,1,1,1,1,1,1
haan_ghil_muulnaat_1780605969443.png,0,0,1,1,0,0
haan_ghil_muulnaat_1780605970087.png,0,0,1,1,0,1
haan_ghil_muulnaat_1780605970812.png,0,1,1,1,0,1
haan_ghil_muulnaat_1780605971621.png,0,1,1,1,1,1
haan_ghil_muulnaat_1780605972264.png,0,0,0,0,0,0
haan_ghil_muulnaat_1780605972916.png,0,1,1,1,0,1
haan_ghil_muulnaat_1780605973500.png,1,1,1,1,1,1
haan_ghil_muulnaat_1780605974110.png,0,0,1,1,0,1
haan_ghil_muulnaat_1780605974723.png,1,1,1,1,0,1
haan_ghil_muulnaat_1780605975367.png,1,0,0,0,0,1
haan_ghil_muulnaat_1780605976178.png,0,1,0,1,0,0
haan_ghil_muulnaat_1780605976798.png,1,1,1,1,0,1
haan_ghil_muulnaat_1780605977583.png,1,1,1,1,0,0
haan_ghil_muulnaat_1780605978221.png,0,1,1,1,1,0
haan_ghil_muulnaat_1780605979014.png,1,1,1,1,0,0
haan_ghil_muulnaat_1780605979803.png,0,1,1,1,0,0
haan_ghil_muulnaat_1780605980412.png,0,0,1,1,0,1
haan_ghil_muulnaat_1780605981063.png,0,1,1,1,1,0
haan_ghil_muulnaat_1780605982586.png,0,1,1,1,1,1
haan_ghil_muulnaat_1780605983332.png,1,1,1,0,0,0
haan_ghil_muulnaat_1780605984102.png,0,1,1,1,0,1
haan_ghil_muulnaat_1780605985581.png,0,1,0,1,0,0
haan_ghil_muulnaat_1780605986362.png,1,1,1,1,0,0
haan_ghil_muulnaat_1780605987162.png,1,1,1,1,0,1
haan_ghil_muulnaat_1780605987835.png,0,1,1,1,0,0
haan_ghil_muulnaat_1780605988424.png,0,1,1,1,0,1
haan_ghil_muulnaat_1780605988996.png,1,1,1,1,0,1
haan_ghil_muulnaat_1780605989760.png,0,1,1,1,1,1
haan_ghil_muulnaat_1780605990322.png,0,1,1,1,0,0
haan_ghil_muulnaat_1780605990925.png,0,1,1,1,0,0
haan_ghil_muulnaat_1780605991504.png,0,1,1,1,1,1
haan_ghil_muulnaat_1780605992100.png,0,1,1,1,0,1
haan_ghil_muulnaat_1780605992687.png,0,1,1,1,1,0
haan_ghil_muulnaat_1780605993296.png,0,1,1,1,0,0
haan_ghil_muulnaat_1780605993910.png,0,1,1,1,1,1
haan_ghil_muulnaat_1780605994642.png,1,1,1,1,0,1
haan_ghil_muulnaat_1780605995235.png,0,0,0,0,0,0
haan_ghil_muulnaat_1780605995846.png,1,1,1,1,1,1
haan_ghil_muulnaat_1780605996595.png,0,1,1,1,0,1
haan_ghil_muulnaat_1780605997336.png,0,1,0,1,0,0
haan_ghil_muulnaat_1780605997897.png,0,1,1,1,1,1
haan_ghil_muulnaat_1780605998501.png,0,1,1,1,1,0
haan_ghil_muulnaat_1780605999072.png,0,1,1,1,1,1
haan_ghil_muulnaat_1780605999673.png,0,1,1,1,0,0
haan_ghil_muulnaat_1780606000292.png,1,1,1,1,0,0
haan_ghil_muulnaat_1780606000877.png,0,1,1,1,0,1
haan_ghil_muulnaat_1780606001619.png,0,1,1,1,0,0
haan_ghil_muulnaat_1780606002259.png,0,1,1,1,0,0
haan_ghil_muulnaat_1780606002853.png,0,1,1,1,1,1
haan_ghil_muulnaat_1780606003657.png,0,1,1,1,0,0
haan_ghil_muulnaat_1780606004452.png,0,0,0,1,0,0
haan_ghil_muulnaat_1780606005254.png,0,0,1,1,0,1
haan_ghil_muulnaat_1780606005872.png,0,1,1,1,1,1
haan_ghil_muulnaat_1780606006451.png,0,1,1,1,0,0
haan_ghil_muulnaat_1780606007250.png,0,1,1,1,1,1
haan_ghil_muulnaat_1780606008037.png,0,1,1,1,1,0
haan_ghil_muulnaat_1780606008669.png,0,1,1,1,0,1
haan_ghil_muulnaat_1780606009263.png,0,1,0,1,0,1
haan_ghil_muulnaat_1780606010062.png,0,1,1,1,1,1
haan_ghil_muulnaat_1780606010689.png,0,1,1,1,0,0
haan_ghil_muulnaat_1780606011287.png,0,1,1,1,0,1
haan_ghil_muulnaat_1780606011859.png,1,1,1,1,0,1
haan_ghil_muulnaat_1780606012459.png,0,1,1,1,0,1
haan_ghil_muulnaat_1780606013033.png,0,1,1,1,0,1
haan_ghil_muulnaat_1780606013834.png,0,1,1,0,0,0
haan_ghil_muulnaat_1780606014653.png,1,1,1,1,1,1
haan_ghil_muulnaat_1780606015284.png,0,1,1,1,0,1
haan_ghil_muulnaat_1780606015904.png,0,1,1,1,0,0
haan_ghil_muulnaat_1780606016524.png,0,1,1,1,0,1
haan_ghil_muulnaat_1780606017329.png,0,1,1,1,1,1
haan_ghil_muulnaat_1780606017941.png,0,1,1,1,0,1
haan_ghil_muulnaat_1780606018517.png,0,1,1,1,0,1
haan_ghil_muulnaat_1780606019076.png,0,1,1,1,0,1
haan_ghil_muulnaat_1780606019689.png,0,0,1,1,0,0
haan_ghil_muulnaat_1780606020290.png,0,1,1,1,1,1
haan_ghil_muulnaat_1780606020868.png,0,1,1,1,1,1
haan_ghil_muulnaat_1780606021439.png,0,1,1,1,0,1
haan_ghil_muulnaat_1780606021988.png,0,1,1,1,0,0
haan_ghil_muulnaat_1780606022590.png,0,1,1,1,1,1
haan_ghil_muulnaat_1780606023170.png,0,1,1,1,0,1
haan_ghil_muulnaat_1780606023736.png,0,1,1,1,0,1
haan_ghil_muulnaat_1780606024311.png,0,1,0,1,1,1
haan_ghil_muulnaat_1780606025068.png,0,1,1,1,0,0
haan_ghil_muulnaat_1780606025801.png,1,0,1,1,1,0
haan_ghil_muulnaat_1780606026367.png,0,1,1,1,0,1
haan_ghil_muulnaat_1780606027102.png,1,1,1,1,0,1
haan_ghil_muulnaat_1780606027870.png,1,1,0,1,0,0
haan_ghil_muulnaat_1780606028631.png,0,0,0,0,0,1
haan_ghil_muulnaat_1780606029424.png,0,0,0,0,0,0
haan_ghil_muulnaat_1780606030202.png,0,1,1,1,0,1
haan_ghil_muulnaat_1780606030934.png,0,1,1,1,1,1
haan_ghil_muulnaat_1780606031565.png,0,0,1,1,0,1
haan_ghil_muulnaat_1780606032172.png,0,1,1,1,0,1
haan_ghil_muulnaat_1780606032968.png,0,1,1,1,0,0
haan_ghil_muulnaat_1780606033727.png,0,1,1,1,1,1
haan_ghil_muulnaat_1780606034306.png,1,1,1,1,0,1
haan_ghil_muulnaat_1780606035094.png,0,1,1,0,1,1
haan_ghil_muulnaat_1780606035686.png,0,1,1,1,0,1
haan_ghil_muulnaat_1780606036270.png,0,1,1,1,1,1
haan_ghil_muulnaat_1780606036973.png,0,0,0,1,0,0
haan_ghil_muulnaat_1780606037751.png,0,0,0,1,0,1
haan_ghil_muulnaat_1780606038356.png,1,1,1,1,1,1
haan_ghil_muulnaat_1780606038989.png,0,1,1,1,1,1
haan_ghil_muulnaat_1780606039807.png,0,1,0,1,0,0
haan_ghil_muulnaat_1780606040582.png,0,1,1,1,0,0
haan_ghil_muulnaat_1780606041412.png,0,1,1,1,1,1
haan_ghil_muulnaat_1780606042015.png,0,1,1,1,0,1
haan_ghil_muulnaat_1780606042607.png,0,1,1,1,0,1
haan_ghil_muulnaat_1780606043267.png,0,0,1,0,0,0
haan_ghil_muulnaat_1780606043916.png,0,1,1,1,0,1
haan_ghil_muulnaat_1780606044572.png,0,1,1,1,0,1
haan_ghil_muulnaat_1780606045200.png,0,1,1,1,0,0
haan_ghil_muulnaat_1780606045822.png,0,1,1,1,0,1
haan_ghil_muulnaat_1780606046466.png,0,0,1,1,0,1
haan_ghil_muulnaat_1780606047292.png,0,1,1,1,1,1
haan_ghil_muulnaat_1780606048056.png,0,1,1,1,0,0
haan_ghil_muulnaat_1780606048652.png,0,1,1,1,0,0
haan_ghil_muulnaat_1780606049427.png,0,1,0,1,0,0
haan_ghil_muulnaat_1780606050030.png,1,1,1,1,0,1
haan_ghil_muulnaat_1780606050794.png,0,0,0,1,0,0
haan_ghil_muulnaat_1780606051325.png,0,1,1,1,1,1
haan_ghil_muulnaat_1780606051915.png,1,1,1,1,0,1
haan_ghil_muulnaat_1780606052641.png,1,1,1,1,1,1
haan_ghil_muulnaat_1780606053245.png,1,1,1,1,1,0
haan_ghil_muulnaat_1780606053984.png,0,1,0,1,0,0
haan_ghil_muulnaat_1780606054674.png,0,1,1,1,1,1
haan_ghil_muulnaat_1780606055263.png,0,1,1,1,0,1
haan_ghil_muulnaat_1780606055865.png,1,1,1,1,0,0
haan_ghil_muulnaat_1780606056598.png,0,1,1,1,0,1
haan_ghil_muulnaat_1780606057381.png,0,1,1,1,0,0
haan_ghil_muulnaat_1780606058008.png,0,1,1,1,0,1
haan_ghil_muulnaat_1780606058734.png,0,1,1,1,0,1
haan_ghil_muulnaat_1780606059485.png,0,1,1,1,0,0
haan_ghil_muulnaat_1780606060055.png,0,1,1,1,0,1
haan_ghil_muulnaat_1780606190490.png,0,1,1,1,0,0
haan_ghil_muulnaat_1780606192551.png,0,1,1,1,0,1
haan_ghil_muulnaat_1780606194537.png,0,1,1,1,0,1
haan_ghil_muulnaat_1780606196589.png,0,1,0,1,0,0
haan_ghil_muulnaat_1780606199667.png,0,1,1,1,0,0
haan_ghil_muulnaat_1780606200849.png,0,1,1,1,0,1
haan_ghil_muulnaat_1780606201457.png,0,1,1,1,0,0
haan_ghil_muulnaat_1780606201930.png,0,1,1,1,0,0
haan_ghil_muulnaat_1780606202513.png,1,1,1,1,1,1
haan_ghil_muulnaat_1780606203039.png,0,1,1,1,0,1
haan_ghil_muulnaat_1780606203514.png,0,1,1,1,1,1
haan_ghil_muulnaat_1780606204011.png,0,1,1,1,0,1
haan_ghil_muulnaat_1780606204584.png,0,1,1,1,0,0
haan_ghil_muulnaat_1780606205050.png,0,1,1,1,0,1
haan_ghil_muulnaat_1780606205546.png,1,1,1,1,1,1
haan_ghil_muulnaat_1780606206034.png,0,1,1,1,0,1
haan_ghil_muulnaat_1780606206511.png,0,1,1,1,0,0
haan_ghil_muulnaat_1780606207139.png,0,1,1,1,0,0
haan_ghil_muulnaat_1780606207725.png,0,1,0,1,0,0
haan_ghil_muulnaat_1780606208201.png,1,1,1,1,0,1
haan_ghil_muulnaat_1780606208696.png,1,1,1,1,1,1
haan_ghil_muulnaat_1780606209243.png,1,1,1,1,0,1
haan_ghil_muulnaat_1780606209805.png,0,1,1,1,1,1
haan_ghil_muulnaat_1780606210431.png,0,0,0,0,0,0
haan_ghil_muulnaat_1780606210912.png,0,1,1,1,1,1
haan_ghil_muulnaat_1780606211563.png,1,1,1,1,0,1
haan_ghil_muulnaat_1780606212168.png,1,1,1,1,0,1
haan_ghil_muulnaat_1780606212662.png,1,1,1,1,1,1
haan_ghil_muulnaat_1780606213280.png,0,1,0,1,0,0
haan_ghil_muulnaat_1780606213935.png,0,1,1,1,0,1
haan_ghil_muulnaat_1780606214548.png,0,1,0,1,0,0
haan_ghil_muulnaat_1780606215198.png,0,0,0,1,0,0
haan_ghil_muulnaat_1780606215689.png,0,1,1,1,0,1
haan_ghil_muulnaat_1780606216123.png,1,1,1,1,1,1
haan_ghil_muulnaat_1780606216752.png,1,1,1,1,0,1
haan_ghil_muulnaat_1780606217372.png,1,1,1,1,0,1
haan_ghil_muulnaat_1780606218045.png,0,1,1,1,0,0
haan_ghil_muulnaat_1780606218623.png,1,0,1,0,0,1
haan_ghil_muulnaat_1780606219302.png,0,0,0,1,0,1
haan_ghil_muulnaat_1780606219953.png,0,1,1,0,0,0
haan_ghil_muulnaat_1780606220454.png,1,1,1,1,0,0
haan_ghil_muulnaat_1780606220961.png,0,0,0,0,0,0
haan_ghil_muulnaat_1780606221477.png,1,1,1,1,0,1
haan_ghil_muulnaat_1780606222008.png,0,0,0,1,0,1
haan_ghil_muulnaat_1780606222691.png,0,0,1,0,0,0
haan_ghil_muulnaat_1780606223340.png,0,1,0,0,0,0
haan_ghil_muulnaat_1780606223854.png,0,0,0,0,0,0
haan_ghil_muulnaat_1780606224518.png,0,0,1,0,0,0
haan_ghil_muulnaat_1780606225115.png,1,1,1,1,0,1
haan_ghil_muulnaat_1780606225631.png,0,1,1,1,0,1
haan_ghil_muulnaat_1780606226340.png,1,1,1,1,1,1
haan_ghil_muulnaat_1780606226992.png,1,1,1,1,0,1
haan_ghil_muulnaat_1780606227500.png,1,1,1,1,1,1
haan_ghil_muulnaat_1780606227999.png,1,1,1,1,0,1
haan_ghil_muulnaat_1780606228728.png,0,0,1,1,0,0
haan_ghil_muulnaat_1780606229422.png,0,1,1,1,0,1
haan_ghil_muulnaat_1780606229973.png,0,0,0,0,0,0
haan_ghil_muulnaat_1780606230691.png,0,1,1,1,0,0
haan_ghil_muulnaat_1780606231962.png,0,1,1,1,1,1
haan_ghil_muulnaat_1780606232666.png,0,1,1,0,0,1
haan_ghil_muulnaat_1780606233351.png,0,1,1,1,1,1
haan_ghil_muulnaat_1780606233889.png,0,0,1,1,0,1
haan_ghil_muulnaat_1780606234570.png,0,1,1,1,0,0
haan_ghil_muulnaat_1780606235275.png,1,0,1,1,0,0
haan_ghil_muulnaat_1780606235828.png,0,1,1,1,1,1
haan_ghil_muulnaat_1780606236421.png,0,1,0,1,0,1
haan_ghil_muulnaat_1780606237180.png,0,1,0,1,0,0
haan_ghil_muulnaat_1780606237846.png,0,1,1,1,0,1
haan_ghil_muulnaat_1780606238419.png,0,1,1,1,1,0
haan_ghil_muulnaat_1780606239013.png,0,1,1,1,1,1
haan_ghil_muulnaat_1780606239737.png,0,1,1,0,0,0
haan_ghil_muulnaat_1780606240515.png,0,0,0,0,0,0
haan_ghil_muulnaat_1780606241090.png,0,1,1,1,0,1
haan_ghil_muulnaat_1780606241865.png,0,1,1,1,0,0
haan_ghil_muulnaat_1780606242626.png,0,1,1,1,0,1
haan_ghil_muulnaat_1780606243389.png,0,1,1,1,0,1
haan_ghil_muulnaat_1780606244177.png,0,0,0,1,0,0
haan_ghil_muulnaat_1780606244959.png,0,0,0,1,0,0
haan_ghil_muulnaat_1780606245682.png,0,1,1,1,0,1
haan_ghil_muulnaat_1780606246275.png,0,1,1,1,0,1
haan_ghil_muulnaat_1780606247012.png,0,1,1,1,0,0
haan_ghil_muulnaat_1780606247781.png,0,1,0,1,0,0
haan_ghil_muulnaat_1780606248630.png,0,1,1,1,0,1
haan_ghil_muulnaat_1780606249447.png,0,1,1,1,0,1
haan_ghil_muulnaat_1780606250045.png,0,1,1,1,0,0
haan_ghil_muulnaat_1780606250846.png,0,0,0,1,0,0
haan_ghil_muulnaat_1780606251444.png,0,1,1,1,1,1
haan_ghil_muulnaat_1780606252210.png,0,1,1,1,0,0
haan_ghil_muulnaat_1780606252962.png,0,1,1,1,0,1
haan_ghil_muulnaat_1780606253798.png,0,1,1,0,0,0
haan_ghil_muulnaat_1780606254581.png,0,1,1,1,0,0
haan_ghil_muulnaat_1780606255201.png,0,1,1,1,0,1
haan_ghil_muulnaat_1780606255841.png,0,1,1,1,1,1
haan_ghil_muulnaat_1780606256485.png,0,1,1,1,1,1
haan_ghil_muulnaat_1780606257258.png,0,1,1,1,0,0
haan_ghil_muulnaat_1780606257825.png,0,1,1,1,0,0
haan_ghil_muulnaat_1780606258611.png,0,1,0,1,0,0
haan_ghil_muulnaat_1780606259362.png,0,1,0,1,0,0
haan_ghil_muulnaat_1780606260117.png,0,0,1,0,0,0
haan_ghil_muulnaat_1780606260686.png,0,1,1,1,0,1
haan_ghil_muulnaat_1780606261451.png,1,1,1,1,1,1
haan_ghil_muulnaat_1780606262049.png,0,1,0,1,0,0
haan_ghil_muulnaat_1780606262811.png,0,0,0,0,0,0
haan_ghil_muulnaat_1780606263355.png,0,1,1,1,0,1
haan_ghil_muulnaat_1780606263979.png,0,1,1,1,1,1
haan_ghil_muulnaat_1780606264735.png,0,0,1,1,0,0
haan_ghil_muulnaat_1780606265307.png,0,1,1,1,0,1
haan_ghil_muulnaat_1780606265911.png,0,0,0,0,1,1
haan_ghil_muulnaat_1780606266648.png,0,0,1,0,0,1
haan_ghil_muulnaat_1780606267436.png,0,1,1,1,0,0
haan_ghil_muulnaat_1780606268037.png,0,1,1,1,0,0
haan_ghil_muulnaat_1780606268644.png,0,0,1,0,1,0
haan_ghil_muulnaat_1780606269281.png,0,0,0,0,0,1
haan_ghil_muulnaat_1780606270053.png,0,1,1,1,0,1
haan_ghil_muulnaat_1780606270690.png,0,1,1,0,1,0
haan_ghil_muulnaat_1780606271269.png,0,1,1,1,0,1
haan_ghil_muulnaat_1780606272089.png,0,1,1,0,1,1
haan_ghil_muulnaat_1780606272872.png,0,1,1,1,0,1
haan_ghil_muulnaat_1780606273622.png,1,1,1,1,0,0
haan_ghil_muulnaat_1780606274210.png,1,0,1,1,0,0
haan_ghil_muulnaat_1780606274835.png,0,1,1,1,0,1
haan_ghil_muulnaat_1780606275419.png,0,1,1,1,0,1
haan_ghil_muulnaat_1780606276201.png,1,1,1,1,0,0
haan_ghil_muulnaat_1780606276967.png,0,1,1,1,1,1
haan_ghil_muulnaat_1780606277802.png,1,1,1,1,1,1
haan_ghil_muulnaat_1780606278438.png,0,1,1,1,0,1
haan_ghil_muulnaat_1780606279231.png,0,1,1,1,0,1
haan_ghil_muulnaat_1780606279869.png,0,1,1,1,0,0
haan_ghil_muulnaat_1780606280709.png,0,0,0,0,0,0
haan_ghil_muulnaat_1780606281363.png,1,0,0,0,0,1
haan_ghil_muulnaat_1780606282208.png,0,1,0,1,0,0
haan_ghil_muulnaat_1780606283077.png,0,1,1,0,0,1
haan_ghil_muulnaat_1780606283886.png,0,0,0,1,0,0
haan_ghil_muulnaat_1780606284682.png,0,1,0,1,0,0
haan_ghil_muulnaat_1780606285299.png,1,1,1,1,1,1
haan_ghil_muulnaat_1780606286157.png,0,0,0,0,0,0
haan_ghil_muulnaat_1780606286958.png,0,1,1,1,0,0
haan_ghil_muulnaat_1780606287583.png,0,0,1,0,0,0
haan_ghil_muulnaat_1780606288391.png,0,1,1,1,0,0
haan_ghil_muulnaat_1780606289008.png,0,1,1,1,0,1
haan_ghil_muulnaat_1780606289818.png,0,1,1,0,0,0
haan_ghil_muulnaat_1780606290639.png,0,0,1,1,0,0
haan_ghil_muulnaat_1780606291248.png,0,1,1,1,1,1
haan_ghil_muulnaat_1780606291867.png,0,1,1,1,0,1
haan_ghil_muulnaat_1780606292477.png,1,1,1,0,1,1
haan_ghil_muulnaat_1780606293250.png,0,1,1,1,0,1
haan_ghil_muulnaat_1780606293998.png,0,1,1,1,0,0
haan_ghil_muulnaat_1780606294798.png,0,1,1,1,0,0
haan_ghil_muulnaat_1780606295417.png,0,1,1,1,0,1
haan_ghil_muulnaat_1780606296166.png,0,0,0,0,0,0
haan_ghil_muulnaat_1780606296962.png,0,1,1,1,0,0
haan_ghil_muulnaat_1780606297573.png,1,1,1,1,1,1
haan_ghil_muulnaat_1780606298138.png,0,0,1,1,0,0
haan_ghil_muulnaat_1780606298784.png,0,1,1,1,0,1
haan_ghil_muulnaat_1780606299379.png,0,1,1,1,0,1
haan_ghil_muulnaat_1780606299949.png,0,1,1,1,0,1
haan_ghil_muulnaat_1780606300755.png,0,1,1,1,0,0
haan_ghil_muulnaat_1780606301339.png,0,1,1,1,1,1
haan_ghil_muulnaat_1780606302073.png,0,1,1,1,0,0
haan_ghil_muulnaat_1780606302689.png,0,1,1,0,0,0
haan_ghil_muulnaat_1780606303263.png,0,1,1,1,1,1
haan_ghil_muulnaat_1780606304055.png,0,1,1,1,0,1
haan_ghil_muulnaat_1780606304801.png,1,1,1,1,0,0
haan_ghil_muulnaat_1780606305377.png,0,1,1,1,1,0
haan_ghil_muulnaat_1780606305980.png,0,1,1,1,1,0
haan_ghil_muulnaat_1780606306762.png,0,1,1,1,0,1
haan_ghil_muulnaat_1780606307335.png,0,0,0,0,0,1
haan_ghil_muulnaat_1780606307921.png,1,1,1,1,1,0
haan_ghil_muulnaat_1780606308684.png,0,1,1,1,0,0
haan_ghil_muulnaat_1780606309271.png,1,0,1,0,0,1
haan_ghil_muulnaat_1780606310059.png,0,1,0,1,0,0
haan_ghil_muulnaat_1780606310619.png,0,1,1,1,0,0
haan_ghil_muulnaat_1780606311398.png,0,1,1,1,0,1
haan_ghil_muulnaat_1780606312138.png,1,1,1,1,1,0
haan_ghil_muulnaat_1780606312741.png,1,1,1,1,0,0
haan_ghil_muulnaat_1780606313571.png,1,1,1,1,1,1
haan_ghil_muulnaat_1780606314193.png,0,1,1,1,1,1
haan_ghil_muulnaat_1780606314926.png,0,0,0,1,0,1
haan_ghil_muulnaat_1780606315507.png,0,1,1,1,1,1
haan_ghil_muulnaat_1780606316096.png,0,1,1,1,0,1
haan_ghil_muulnaat_1780606316702.png,0,1,1,1,0,0
haan_ghil_muulnaat_1780606317323.png,0,1,1,1,1,1
haan_ghil_muulnaat_1780606317906.png,0,0,1,1,0,1
haan_ghil_muulnaat_1780606318670.png,1,1,1,1,1,1
haan_ghil_muulnaat_1780606319270.png,0,1,1,1,1,1
haan_ghil_muulnaat_1780606319905.png,0,1,1,1,0,1
haan_ghil_muulnaat_1780606320765.png,1,1,1,1,1,0
haan_ghil_muulnaat_1780606321390.png,1,1,1,1,0,1
haan_ghil_muulnaat_1780606322193.png,1,1,1,1,1,0
haan_ghil_muulnaat_1780606322826.png,1,1,1,1,0,1
haan_ghil_muulnaat_1780606323642.png,0,1,1,1,0,0
haan_ghil_muulnaat_1780606324277.png,0,0,1,1,0,1
haan_ghil_muulnaat_1780606324911.png,1,1,1,1,0,0
haan_ghil_muulnaat_1780606325518.png,1,1,1,1,0,1
haan_ghil_muulnaat_1780606326142.png,1,1,1,1,1,1
haan_ghil_muulnaat_1780606326749.png,0,1,1,1,0,1
haan_ghil_muulnaat_1780606327390.png,1,1,1,1,0,1
haan_ghil_muulnaat_1780606328020.png,1,1,1,1,0,1
haan_ghil_muulnaat_1780606328620.png,1,1,1,1,0,1
haan_ghil_muulnaat_1780606329224.png,1,0,1,0,1,0
haan_ghil_muulnaat_1780606329813.png,1,1,1,1,0,1
haan_ghil_muulnaat_1780606330416.png,1,1,1,1,1,1
haan_ghil_muulnaat_1780606330974.png,1,1,1,1,0,1
haan_ghil_muulnaat_1780606331759.png,0,1,1,1,1,1
haan_ghil_muulnaat_1780606332537.png,1,1,1,1,0,1
haan_ghil_muulnaat_1780606333276.png,0,1,1,1,0,1
haan_ghil_muulnaat_1780606333866.png,1,1,1,1,0,1
haan_ghil_muulnaat_1780606334448.png,0,1,1,1,0,1
haan_ghil_muulnaat_1780606335184.png,0,1,0,1,0,0
haan_ghil_muulnaat_1780606335920.png,0,1,1,1,0,1
haan_ghil_muulnaat_1780606336673.png,1,1,1,1,1,0
haan_ghil_muulnaat_1780606337440.png,0,1,0,1,0,0
haan_ghil_muulnaat_1780606338026.png,0,1,1,1,1,0
haan_ghil_muulnaat_1780606338634.png,0,1,1,1,0,0
haan_ghil_muulnaat_1780606339393.png,0,1,1,1,0,1
haan_ghil_muulnaat_1780606339977.png,0,1,1,1,0,0
haan_ghil_muulnaat_1780606340757.png,0,1,1,1,0,0
haan_ghil_muulnaat_1780606341503.png,0,0,0,1,0,0
haan_ghil_muulnaat_1780606342266.png,0,0,1,0,0,0
haan_ghil_muulnaat_1780606343054.png,0,1,1,1,0,1
haan_ghil_muulnaat_1780606343653.png,0,1,1,1,0,0
haan_ghil_muulnaat_1780606344264.png,0,1,1,1,0,0
haan_ghil_muulnaat_1780606344867.png,0,1,1,0,0,0
haan_ghil_muulnaat_1780606345660.png,1,1,1,1,1,1
haan_ghil_muulnaat_1780606346291.png,1,1,1,1,1,1
haan_ghil_muulnaat_1780606347053.png,1,1,1,1,1,1
haan_ghil_muulnaat_1780606347845.png,0,1,1,1,1,1
haan_ghil_muulnaat_1780606348429.png,0,0,0,1,0,1
haan_ghil_muulnaat_1780606349021.png,0,1,1,1,1,0
haan_ghil_muulnaat_1780606349631.png,0,0,1,1,0,0
haan_ghil_muulnaat_1780606350215.png,1,1,1,1,0,0
haan_ghil_muulnaat_1780606350801.png,0,1,1,1,1,1
haan_ghil_muulnaat_1780606351367.png,0,1,1,1,1,1
haan_ghil_muulnaat_1780606351962.png,1,1,1,1,1,1
haan_ghil_muulnaat_1780606352530.png,0,1,1,1,0,0
haan_ghil_muulnaat_1780606353127.png,1,1,1,1,1,0
haan_ghil_muulnaat_1780606353729.png,0,1,1,1,0,1
haan_ghil_muulnaat_1780606354309.png,1,0,1,1,1,1
haan_ghil_muulnaat_1780606354905.png,0,1,1,1,0,1
haan_ghil_muulnaat_1780606355641.png,0,1,1,1,0,0
haan_ghil_muulnaat_1780606356227.png,0,1,1,1,1,0
haan_ghil_muulnaat_1780606357012.png,0,0,0,1,0,0
haan_ghil_muulnaat_1780606357625.png,0,1,1,1,1,1
haan_ghil_muulnaat_1780606358374.png,0,1,1,1,0,1
haan_ghil_muulnaat_1780606359175.png,0,1,1,1,0,0
haan_ghil_muulnaat_1780606359967.png,0,1,1,1,1,0
haan_ghil_muulnaat_1780606360599.png,0,1,1,1,0,0
haan_ghil_muulnaat_1780606361232.png,0,1,1,1,1,1
haan_ghil_muulnaat_1780606362018.png,0,1,1,1,0,0
haan_ghil_muulnaat_1780606362739.png,0,1,1,1,0,0
haan_ghil_muulnaat_1780606363515.png,1,0,0,0,0,1
haan_ghil_muulnaat_1780606364341.png,0,1,1,1,0,0
haan_ghil_muulnaat_1780606365139.png,0,1,0,1,0,0
haan_ghil_muulnaat_1780606365924.png,0,1,0,1,0,0
haan_ghil_muulnaat_1780606366692.png,1,1,1,1,1,1
haan_ghil_muulnaat_1780606367479.png,0,1,0,1,0,0
haan_ghil_muulnaat_1780606368074.png,0,1,1,1,1,0
haan_ghil_muulnaat_1780606368823.png,0,0,0,0,0,0
haan_ghil_muulnaat_1780606369442.png,1,1,1,1,0,1
haan_ghil_muulnaat_1780606370213.png,0,1,0,1,0,0
haan_ghil_muulnaat_1780606370997.png,0,1,1,1,0,1
haan_ghil_muulnaat_1780606371586.png,1,1,1,1,1,1
haan_ghil_muulnaat_1780606372365.png,1,0,1,0,0,0
haan_ghil_muulnaat_1780606373076.png,0,1,1,1,0,0
haan_ghil_muulnaat_1780606373870.png,0,1,1,1,0,1
haan_ghil_muulnaat_1780606374465.png,0,1,1,1,0,1
haan_ghil_muulnaat_1780606375055.png,0,1,1,1,1,1
haan_ghil_muulnaat_1780606375829.png,0,1,1,1,0,1
haan_ghil_muulnaat_1780606376475.png,0,1,1,1,1,0
haan_ghil_muulnaat_1780606377261.png,0,1,1,1,0,0
haan_ghil_muulnaat_1780606378061.png,0,1,1,1,0,0
haan_ghil_muulnaat_1780606378884.png,0,1,1,1,0,0
haan_ghil_muulnaat_1780606379662.png,0,0,1,1,0,0
haan_ghil_muulnaat_1780606380286.png,0,1,1,1,0,1
haan_ghil_muulnaat_1780606381057.png,0,1,1,1,1,1
haan_ghil_muulnaat_1780606381824.png,0,1,1,1,1,1
haan_ghil_muulnaat_1780606382586.png,0,1,1,1,0,1
haan_ghil_muulnaat_1780606383365.png,0,1,1,1,0,1
haan_ghil_muulnaat_1780606383997.png,0,0,1,1,0,1
haan_ghil_muulnaat_1780606384664.png,0,1,1,1,0,1
haan_ghil_muulnaat_1780606385303.png,0,1,1,1,0,1
haan_ghil_muulnaat_1780606386163.png,0,1,1,1,0,0
haan_ghil_muulnaat_1780606386961.png,1,1,1,1,1,1
haan_ghil_muulnaat_1780606387745.png,1,1,1,1,0,1
haan_ghil_muulnaat_1780606388529.png,1,1,1,1,0,1
haan_ghil_muulnaat_1780606389162.png,0,1,1,1,0,1
haan_ghil_muulnaat_1780606389988.png,0,1,0,1,0,0
haan_ghil_muulnaat_1780606390602.png,0,0,0,0,0,0
haan_ghil_muulnaat_1780606391212.png,0,1,0,0,1,1
haan_ghil_muulnaat_1780606391848.png,0,1,1,1,0,1
haan_ghil_muulnaat_1780606392629.png,0,1,1,0,1,0
haan_ghil_muulnaat_1780606393405.png,0,1,1,1,0,1
haan_ghil_muulnaat_1780606394149.png,0,1,1,1,0,0
haan_ghil_muulnaat_1780606394760.png,0,0,0,0,0,0
haan_ghil_muulnaat_1780606395535.png,0,1,1,1,1,1
haan_ghil_muulnaat_1780606396309.png,0,1,0,1,0,1
haan_ghil_muulnaat_1780606397096.png,0,1,1,1,0,0
haan_ghil_muulnaat_1780606397853.png,0,1,1,1,0,1
haan_ghil_muulnaat_1780606398415.png,0,1,1,1,0,1
haan_ghil_muulnaat_1780606398990.png,0,1,1,1,0,1
haan_ghil_muulnaat_1780606399595.png,0,1,1,1,0,1
haan_ghil_muulnaat_1780606400423.png,0,1,1,1,0,1
haan_ghil_muulnaat_1780606400986.png,0,1,0,1,0,1
haan_ghil_muulnaat_1780606401570.png,0,1,1,1,0,1
haan_ghil_muulnaat_1780606402207.png,0,1,1,1,0,1
haan_ghil_muulnaat_1780606402986.png,0,0,0,1,0,0
haan_ghil_muulnaat_1780606403774.png,0,1,0,1,0,0
haan_ghil_muulnaat_1780606404538.png,0,1,1,1,1,1
haan_ghil_muulnaat_1780606405148.png,0,1,1,1,0,1
haan_ghil_muulnaat_1780606405760.png,0,1,1,1,0,1
haan_ghil_muulnaat_1780606406370.png,0,1,1,1,0,0
haan_ghil_muulnaat_1780606406973.png,0,1,1,1,0,0
haan_ghil_muulnaat_1780606407749.png,0,1,1,1,1,0
haan_ghil_muulnaat_1780606408371.png,0,0,0,1,1,1
haan_ghil_muulnaat_1780606408945.png,0,1,1,1,0,1
haan_ghil_muulnaat_1780606409546.png,0,1,1,1,0,0
haan_ghil_muulnaat_1780606410111.png,0,1,1,1,0,0
haan_ghil_muulnaat_1780606410655.png,0,1,1,1,0,0
haan_ghil_muulnaat_1780606411240.png,0,0,0,1,0,0
haan_ghil_muulnaat_1780606412047.png,0,1,0,0,0,0
haan_ghil_muulnaat_1780606412768.png,1,1,0,1,0,1
haan_ghil_muulnaat_1780606413375.png,1,1,1,1,1,1
haan_ghil_muulnaat_1780606414073.png,0,0,0,1,0,0
haan_ghil_muulnaat_1780606414818.png,0,1,1,0,0,0
haan_ghil_muulnaat_1780606415576.png,0,1,1,1,0,1
haan_ghil_muulnaat_1780606416144.png,0,1,1,1,0,1
haan_ghil_muulnaat_1780606416748.png,1,1,1,1,1,1
haan_ghil_muulnaat_1780606417477.png,0,1,1,1,0,1
haan_ghil_muulnaat_1780606418218.png,0,1,1,1,0,1
haan_ghil_muulnaat_1780606418996.png,0,0,1,1,0,0
haan_ghil_muulnaat_1780606419595.png,0,1,1,1,1,1
haan_ghil_muulnaat_1780606420222.png,0,1,1,1,0,0
haan_ghil_muulnaat_1780606420842.png,1,1,1,1,0,1
haan_ghil_muulnaat_1780606421479.png,1,1,1,1,0,1
haan_ghil_muulnaat_1780606422300.png,0,1,1,1,0,0
haan_ghil_muulnaat_1780606422903.png,1,1,1,1,1,1
haan_ghil_muulnaat_1780606423709.png,0,1,0,1,0,0
haan_ghil_muulnaat_1780606424284.png,0,0,0,0,0,0
haan_ghil_muulnaat_1780606425165.png,1,1,1,1,0,1
haan_ghil_muulnaat_1780606425769.png,0,1,1,1,0,1
haan_ghil_muulnaat_1780606426582.png,0,0,1,0,0,1
haan_ghil_muulnaat_1780606427211.png,0,1,1,1,1,1
haan_ghil_muulnaat_1780606428005.png,0,0,1,1,1,1
haan_ghil_muulnaat_1780606428583.png,0,1,1,1,0,1
haan_ghil_muulnaat_1780606429216.png,0,1,1,1,1,1
haan_ghil_muulnaat_1780606430017.png,0,1,1,1,0,0
haan_ghil_muulnaat_1780606430636.png,0,1,1,1,0,0
haan_ghil_muulnaat_1780606431206.png,0,1,1,1,0,1
haan_ghil_muulnaat_1780606431830.png,0,1,1,1,0,0
haan_ghil_muulnaat_1780606432439.png,0,1,1,1,0,1
haan_ghil_muulnaat_1780606433056.png,0,1,1,1,0,1
haan_ghil_muulnaat_1780606433657.png,0,1,1,1,0,1
haan_ghil_muulnaat_1780606434927.png,0,1,1,1,0,1
haan_ghil_muulnaat_1780606435465.png,0,1,1,1,1,1
haan_ghil_muulnaat_1780606436295.png,0,1,1,1,1,1
haan_ghil_muulnaat_1780606436890.png,0,1,1,1,0,1
haan_ghil_muulnaat_1780606437689.png,0,1,1,1,1,1
haan_ghil_muulnaat_1780606438273.png,0,0,0,1,1,1
haan_ghil_muulnaat_1780606438877.png,0,1,1,1,1,1
haan_ghil_muulnaat_1780606439507.png,0,1,1,0,0,1
haan_ghil_muulnaat_1780606440297.png,0,1,1,1,0,0
haan_ghil_muulnaat_1780606441711.png,0,1,1,1,1,1
haan_ghil_muulnaat_1780606442471.png,1,1,1,1,1,0
haan_ghil_muulnaat_1780606443311.png,0,1,1,1,0,0
haan_ghil_muulnaat_1780606443938.png,0,1,1,1,0,1
haan_ghil_muulnaat_1780606445135.png,0,1,1,1,0,1
haan_ghil_muulnaat_1780606445712.png,0,1,1,1,0,0
haan_ghil_muulnaat_1780606446374.png,0,1,1,0,0,1
haan_ghil_muulnaat_1780606447157.png,0,1,1,1,1,1
haan_ghil_muulnaat_1780606447737.png,0,1,1,1,0,0
haan_ghil_muulnaat_1780606448329.png,0,0,1,1,0,1
haan_ghil_muulnaat_1780606449105.png,0,1,1,1,0,0
haan_ghil_muulnaat_1780606449893.png,1,1,1,1,1,1
haan_ghil_muulnaat_1780606450485.png,0,1,1,1,1,1
haan_ghil_muulnaat_1780606451271.png,0,1,1,1,1,1
haan_ghil_muulnaat_1780606451871.png,0,1,1,1,0,0
haan_ghil_muulnaat_1780606452487.png,0,1,1,1,1,1
haan_ghil_muulnaat_1780606453116.png,0,1,1,1,0,1
haan_ghil_muulnaat_1780606453886.png,1,1,1,1,1,1
haan_ghil_muulnaat_1780606454500.png,0,1,1,1,0,0
haan_ghil_muulnaat_1780606455112.png,0,1,1,1,0,0
haan_ghil_muulnaat_1780606455754.png,1,1,1,1,1,1
haan_ghil_muulnaat_1780606456340.png,0,1,1,1,0,0
haan_ghil_muulnaat_1780606457146.png,0,1,0,1,0,0
haan_ghil_muulnaat_1780606457764.png,0,1,1,1,1,0
haan_ghil_muulnaat_1780606458372.png,0,1,1,1,0,1
haan_ghil_muulnaat_1780606459017.png,0,1,1,1,1,1
haan_ghil_muulnaat_1780606459674.png,0,1,1,1,0,1
haan_ghil_muulnaat_1780606460324.png,0,1,1,1,0,1
haan_ghil_muulnaat_1780606460955.png,0,1,1,1,0,0
haan_ghil_muulnaat_1780606461764.png,0,1,0,1,0,0
haan_ghil_muulnaat_1780606462437.png,1,1,1,0,1,0
haan_ghil_muulnaat_1780606463304.png,0,1,1,1,0,0
haan_ghil_muulnaat_1780606463941.png,0,0,0,0,0,1
haan_ghil_muulnaat_1780606464563.png,0,0,0,0,0,0
haan_ghil_muulnaat_1780606465393.png,0,1,0,1,0,0
haan_ghil_muulnaat_1780606466027.png,0,0,0,1,1,0
haan_ghil_muulnaat_1780606466686.png,0,1,1,1,0,0
haan_ghil_muulnaat_1780606467518.png,1,0,1,0,0,0
haan_ghil_muulnaat_1780606468308.png,0,1,1,1,1,1
haan_ghil_muulnaat_1780606469054.png,1,1,1,1,0,1
haan_ghil_muulnaat_1780606469806.png,0,1,1,1,0,1
haan_ghil_muulnaat_1780606470398.png,0,1,1,1,1,1
haan_ghil_muulnaat_1780606470979.png,0,1,1,1,0,0
haan_ghil_muulnaat_1780606471726.png,0,1,1,1,0,1
haan_ghil_muulnaat_1780606472477.png,0,1,1,1,1,0
haan_ghil_muulnaat_1780606473218.png,1,1,1,1,1,1
haan_ghil_muulnaat_1780606474019.png,0,1,1,1,0,1
haan_ghil_muulnaat_1780606474785.png,0,0,0,1,0,0
haan_ghil_muulnaat_1780606475528.png,0,0,0,1,0,0
haan_ghil_muulnaat_1780606476288.png,0,1,1,1,0,0
haan_ghil_muulnaat_1780606476918.png,0,1,1,1,0,1
haan_ghil_muulnaat_1780606477466.png,0,0,0,0,0,1
haan_ghil_muulnaat_1780606478065.png,1,1,1,1,0,1
haan_ghil_muulnaat_1780606478817.png,0,1,1,1,0,0
haan_ghil_muulnaat_1780606479431.png,0,1,1,1,1,1
haan_ghil_muulnaat_1780606480202.png,0,1,1,1,1,1
haan_ghil_muulnaat_1780606480961.png,0,1,0,1,0,0
haan_ghil_muulnaat_1780606481580.png,0,1,1,1,1,1
haan_ghil_muulnaat_1780606482331.png,0,1,0,1,0,0
haan_ghil_muulnaat_1780606482918.png,0,1,1,1,0,1
haan_ghil_muulnaat_1780606483552.png,0,1,1,1,0,0
haan_ghil_muulnaat_1780606484340.png,0,1,1,1,0,1
haan_ghil_muulnaat_1780606485106.png,0,0,0,1,0,0
haan_ghil_muulnaat_1780606485737.png,1,1,1,1,0,1
haan_ghil_muulnaat_1780606486483.png,1,1,1,1,0,1
haan_ghil_muulnaat_1780606487106.png,1,1,1,1,1,1
haan_ghil_muulnaat_1780606487754.png,0,0,0,1,0,1
haan_ghil_muulnaat_1780606488375.png,0,1,1,1,0,1
haan_ghil_muulnaat_1780606489142.png,1,1,1,1,1,1
haan_ghil_muulnaat_1780606489916.png,0,1,0,1,0,1
haan_ghil_muulnaat_1780606490530.png,0,0,1,0,0,1
haan_ghil_muulnaat_1780606491152.png,0,1,1,1,0,0
haan_ghil_muulnaat_1780606491752.png,0,1,1,1,1,1
haan_ghil_muulnaat_1780606492485.png,0,1,1,1,0,0
haan_ghil_muulnaat_1780606493326.png,1,1,0,1,1,1
haan_ghil_muulnaat_1780606494134.png,0,1,0,1,0,0
haan_ghil_muulnaat_1780606494778.png,0,1,1,1,0,1
haan_ghil_muulnaat_1780606495399.png,0,1,1,1,0,1
haan_ghil_muulnaat_1780606496144.png,0,1,1,1,0,1
haan_ghil_muulnaat_1780606496738.png,0,1,1,1,1,1
haan_ghil_muulnaat_1780606497565.png,0,1,1,1,0,0
haan_ghil_muulnaat_1780606498380.png,0,1,1,1,0,0
haan_ghil_muulnaat_1780606498948.png,0,1,1,1,0,1
haan_ghil_muulnaat_1780606499761.png,0,1,0,1,0,0
haan_ghil_muulnaat_1780606500530.png,0,1,1,1,0,1
haan_ghil_muulnaat_1780606501329.png,0,1,1,1,0,0
haan_ghil_muulnaat_1780606502070.png,1,1,1,1,1,1
haan_ghil_muulnaat_1780606502809.png,0,1,0,1,0,0
haan_ghil_muulnaat_1780606503625.png,0,1,1,1,0,0
haan_ghil_muulnaat_1780606504390.png,0,1,1,1,0,0
haan_ghil_muulnaat_1780606505190.png,0,0,1,1,0,0
haan_ghil_muulnaat_1780606505785.png,0,1,0,1,0,1
haan_ghil_muulnaat_1780606506375.png,0,1,1,1,0,1
haan_ghil_muulnaat_1780606507141.png,0,1,0,1,0,1
haan_ghil_muulnaat_1780606507918.png,0,1,1,1,0,0
haan_ghil_muulnaat_1780606508684.png,0,1,0,1,0,0
haan_ghil_muulnaat_1780606509475.png,0,1,0,1,0,1
haan_ghil_muulnaat_1780606510196.png,0,1,1,1,0,0
haan_ghil_muulnaat_1780606510944.png,1,1,1,1,1,1
haan_ghil_muulnaat_1780606511730.png,0,1,1,1,0,1
haan_ghil_muulnaat_1780606512514.png,0,0,0,1,0,0
haan_ghil_muulnaat_1780606513142.png,1,1,1,1,0,0
haan_ghil_muulnaat_1780606513744.png,1,1,1,1,0,1
haan_ghil_muulnaat_1780606515629.png,0,0,1,1,0,1
haan_ghil_muulnaat_1780606516255.png,1,0,0,0,0,0
haan_ghil_muulnaat_1780606517050.png,0,1,1,1,0,0
haan_ghil_muulnaat_1780606517644.png,0,1,1,1,0,0
haan_ghil_muulnaat_1780606518402.png,0,1,1,1,1,0
haan_ghil_muulnaat_1780606519002.png,0,1,1,1,0,1
haan_ghil_muulnaat_1780606519769.png,0,1,1,1,0,0
haan_ghil_muulnaat_1780606520540.png,0,1,1,1,0,1
haan_ghil_muulnaat_1780606521251.png,0,0,0,1,0,0
haan_ghil_muulnaat_1780606521825.png,0,1,1,1,0,1
haan_ghil_muulnaat_1780606522553.png,0,1,1,1,0,0
haan_ghil_muulnaat_1780606523329.png,0,1,1,1,0,1
haan_ghil_muulnaat_1780606523915.png,0,1,1,1,1,1
haan_ghil_muulnaat_1780606524653.png,0,1,1,1,0,0
haan_ghil_muulnaat_1780606525239.png,0,1,1,1,0,1
haan_ghil_muulnaat_1780606525834.png,0,1,1,1,0,0
haan_ghil_muulnaat_1780606526418.png,0,1,1,1,0,0
haan_ghil_muulnaat_1780606527015.png,0,1,1,1,0,0
haan_ghil_muulnaat_1780606527726.png,0,1,1,1,0,1
haan_ghil_muulnaat_1780606528327.png,0,0,1,1,1,0
haan_ghil_muulnaat_1780606529592.png,0,1,1,1,0,0
haan_ghil_muulnaat_1780606530313.png,0,1,1,1,1,1
haan_ghil_muulnaat_1780606530908.png,1,1,1,1,1,1
haan_ghil_muulnaat_1780570665604.png,0,1,1,1,1,1
haan_ghil_muulnaat_1780570666159.png,0,1,1,1,0,1
haan_ghil_muulnaat_1780570666680.png,1,1,1,1,1,1
haan_ghil_muulnaat_1780570667215.png,0,1,1,1,0,0
haan_ghil_muulnaat_1780570667921.png,0,1,1,1,0,1
haan_ghil_muulnaat_1780570668438.png,0,1,1,1,1,1
haan_ghil_muulnaat_1780570669128.png,0,1,1,1,1,1
haan_ghil_muulnaat_1780570669746.png,0,0,0,1,0,0
haan_ghil_muulnaat_1780570670255.png,0,1,1,1,0,0
haan_ghil_muulnaat_1780570670770.png,0,1,1,1,1,0
haan_ghil_muulnaat_1780570671948.png,0,1,1,1,0,1
haan_ghil_muulnaat_1780570672573.png,0,1,1,1,0,1
haan_ghil_muulnaat_1780570673166.png,0,1,0,1,0,0
haan_ghil_muulnaat_1780570673668.png,0,1,1,1,0,1
haan_ghil_muulnaat_1780570674262.png,0,1,0,1,0,0
haan_ghil_muulnaat_1780570674908.png,0,0,0,0,0,0
haan_ghil_muulnaat_1780570675479.png,0,1,1,1,0,0
haan_ghil_muulnaat_1780570676135.png,0,1,1,1,0,0
haan_ghil_muulnaat_1780570676607.png,1,1,1,1,1,1
haan_ghil_muulnaat_1780570677264.png,0,0,0,1,0,0
haan_ghil_muulnaat_1780570677934.png,0,1,1,1,0,1
haan_ghil_muulnaat_1780570678415.png,0,1,0,1,0,1
haan_ghil_muulnaat_1780570678845.png,0,1,1,1,0,1
haan_ghil_muulnaat_1780570679522.png,0,1,1,1,1,0
haan_ghil_muulnaat_1780570680211.png,0,1,1,0,0,0
haan_ghil_muulnaat_1780570680690.png,1,1,1,1,1,1
haan_ghil_muulnaat_1780570681368.png,0,1,1,1,0,1
haan_ghil_muulnaat_1780570681982.png,1,1,1,1,1,0
haan_ghil_muulnaat_1780570682472.png,0,1,1,1,0,0
haan_ghil_muulnaat_1780570683144.png,0,1,1,1,1,1
haan_ghil_muulnaat_1780570683810.png,0,1,0,1,0,0
haan_ghil_muulnaat_1780570684317.png,0,1,0,0,0,1
haan_ghil_muulnaat_1780570684837.png,0,0,1,0,0,1
haan_ghil_muulnaat_1780570685376.png,0,1,1,1,1,1
haan_ghil_muulnaat_1780570686040.png,0,1,1,0,0,0
haan_ghil_muulnaat_1780570686534.png,0,1,1,1,0,1
haan_ghil_muulnaat_1780570687169.png,0,1,1,1,0,0
haan_ghil_muulnaat_1780570687680.png,0,1,1,1,0,0
haan_ghil_muulnaat_1780570688167.png,0,0,0,0,0,0
haan_ghil_muulnaat_1780570688672.png,0,1,1,1,1,1
haan_ghil_muulnaat_1780570689336.png,0,1,1,1,1,1
haan_ghil_muulnaat_1780570689981.png,0,0,0,1,0,1
haan_ghil_muulnaat_1780570690484.png,0,1,1,1,1,1
haan_ghil_muulnaat_1780570691159.png,0,1,0,1,0,1
haan_ghil_muulnaat_1780570691831.png,0,1,1,1,0,1
haan_ghil_muulnaat_1780570692492.png,0,1,1,1,0,1
haan_ghil_muulnaat_1780570692987.png,0,1,1,1,1,1
haan_ghil_muulnaat_1780570693496.png,0,1,1,1,0,1
haan_ghil_muulnaat_1780570694134.png,1,1,1,1,0,0
haan_ghil_muulnaat_1780570695289.png,0,0,0,0,0,0
haan_ghil_muulnaat_1780570695935.png,0,1,1,1,0,1
haan_ghil_muulnaat_1780570696623.png,1,1,1,1,1,1
haan_ghil_muulnaat_1780570697113.png,0,1,1,1,0,1
haan_ghil_muulnaat_1780570697794.png,0,0,0,0,0,0
haan_ghil_muulnaat_1780570698282.png,0,1,1,1,0,1
haan_ghil_muulnaat_1780570698901.png,0,1,0,1,0,0
haan_ghil_muulnaat_1780570699562.png,0,1,1,1,0,0
haan_ghil_muulnaat_1780570700237.png,1,1,1,1,1,1
haan_ghil_muulnaat_1780570701505.png,0,0,1,1,0,0
haan_ghil_muulnaat_1780570702101.png,1,1,1,1,1,1
haan_ghil_muulnaat_1780570702736.png,0,1,1,0,0,0
haan_ghil_muulnaat_1780570703398.png,1,1,1,1,1,1
haan_ghil_muulnaat_1780570704041.png,0,0,0,1,0,0
haan_ghil_muulnaat_1780570704558.png,0,1,1,1,0,0
haan_ghil_muulnaat_1780570705222.png,0,0,0,1,0,0
haan_ghil_muulnaat_1780570705702.png,0,1,1,1,0,1
haan_ghil_muulnaat_1780570706174.png,0,1,1,1,0,0
haan_ghil_muulnaat_1780570706809.png,1,1,1,1,1,0
haan_ghil_muulnaat_1780570707464.png,0,1,1,1,0,1
haan_ghil_muulnaat_1780570708077.png,1,1,1,1,0,0
haan_ghil_muulnaat_1780570708575.png,0,1,1,1,0,0
haan_ghil_muulnaat_1780570709249.png,0,1,1,1,0,0
haan_ghil_muulnaat_1780570709761.png,1,0,1,0,0,1
haan_ghil_muulnaat_1780570710274.png,0,1,1,1,1,1
haan_ghil_muulnaat_1780570710935.png,0,1,1,1,0,0
haan_ghil_muulnaat_1780570711600.png,1,1,1,1,0,0
haan_ghil_muulnaat_1780570712093.png,1,1,1,1,0,1
haan_ghil_muulnaat_1780570712612.png,1,1,1,1,0,1
haan_ghil_muulnaat_1780570713227.png,0,1,1,1,0,0
haan_ghil_muulnaat_1780570713728.png,0,0,0,0,0,0
haan_ghil_muulnaat_1780570714395.png,1,1,1,1,1,1
haan_ghil_muulnaat_1780570714914.png,1,1,1,1,0,1
haan_ghil_muulnaat_1780570715481.png,0,0,0,1,0,0
haan_ghil_muulnaat_1780570716166.png,0,1,1,1,1,1
haan_ghil_muulnaat_1780570716855.png,0,1,1,1,1,1
haan_ghil_muulnaat_1780570717371.png,0,1,1,1,0,1
haan_ghil_muulnaat_1780570718037.png,0,1,0,1,0,0
haan_ghil_muulnaat_1780570718573.png,0,0,1,1,1,1
haan_ghil_muulnaat_1780570719257.png,0,1,1,1,1,0
haan_ghil_muulnaat_1780570719880.png,0,1,1,1,0,0
haan_ghil_muulnaat_1780570720392.png,0,1,1,1,0,1
haan_ghil_muulnaat_1780570720932.png,0,1,1,1,0,1
haan_ghil_muulnaat_1780570721682.png,0,1,1,1,0,1
haan_ghil_muulnaat_1780570722409.png,1,1,1,1,1,1
haan_ghil_muulnaat_1780570723109.png,0,1,1,1,1,0
haan_ghil_muulnaat_1780570723830.png,0,1,1,1,1,1
haan_ghil_muulnaat_1780570724359.png,0,1,1,1,0,1
haan_ghil_muulnaat_1780570724888.png,0,1,1,1,0,0
haan_ghil_muulnaat_1780570725438.png,0,1,0,1,0,1
haan_ghil_muulnaat_1780570725994.png,0,1,1,1,0,1
haan_ghil_muulnaat_1780570726669.png,1,1,1,1,0,0
haan_ghil_muulnaat_1780570727176.png,0,1,1,1,1,1
haan_ghil_muulnaat_1780570727861.png,0,1,1,1,0,0
haan_ghil_muulnaat_1780570728392.png,1,1,1,1,0,1
haan_ghil_muulnaat_1780570728920.png,0,1,1,1,0,1
haan_ghil_muulnaat_1780570729572.png,0,1,1,1,0,0
haan_ghil_muulnaat_1780570730270.png,1,1,1,1,0,1
haan_ghil_muulnaat_1780570730934.png,0,1,1,1,0,0
haan_ghil_muulnaat_1780570731708.png,0,1,1,1,0,0
haan_ghil_muulnaat_1780570732381.png,0,1,1,1,0,0
haan_ghil_muulnaat_1780570733165.png,0,0,1,1,0,0
haan_ghil_muulnaat_1780570733741.png,0,1,1,1,0,1
haan_ghil_muulnaat_1780570734333.png,0,1,1,1,0,0
haan_ghil_muulnaat_1780570735033.png,0,1,1,1,0,0
haan_ghil_muulnaat_1780570735622.png,0,1,1,1,0,1
haan_ghil_muulnaat_1780570736314.png,0,0,0,0,0,0
haan_ghil_muulnaat_1780570737033.png,0,1,1,1,0,0
haan_ghil_muulnaat_1780570737588.png,0,0,0,0,0,0
haan_ghil_muulnaat_1780570738278.png,0,0,0,1,0,0
haan_ghil_muulnaat_1780570738829.png,0,1,1,1,1,1
haan_ghil_muulnaat_1780570739594.png,0,1,0,1,0,0
haan_ghil_muulnaat_1780570740131.png,0,1,1,1,0,1
haan_ghil_muulnaat_1780570740679.png,0,1,1,1,0,1
haan_ghil_muulnaat_1780570741368.png,0,1,1,1,0,1
haan_ghil_muulnaat_1780570741931.png,0,1,1,1,0,0
haan_ghil_muulnaat_1780570742461.png,0,0,1,0,0,1
haan_ghil_muulnaat_1780570743001.png,0,1,1,1,0,0
haan_ghil_muulnaat_1780570744688.png,0,1,1,1,0,0
haan_ghil_muulnaat_1780570745419.png,0,1,1,1,0,1
haan_ghil_muulnaat_1780570746106.png,0,1,1,1,0,0
haan_ghil_muulnaat_1780570746809.png,1,1,1,1,0,1
haan_ghil_muulnaat_1780570747504.png,0,1,1,1,0,1
haan_ghil_muulnaat_1780570748237.png,1,1,1,1,0,1
haan_ghil_muulnaat_1780570748916.png,1,1,1,1,0,1
haan_ghil_muulnaat_1780570749622.png,0,1,1,1,0,1
haan_ghil_muulnaat_1780570750348.png,1,1,0,1,0,0
haan_ghil_muulnaat_1780570751072.png,0,1,1,1,0,1
haan_ghil_muulnaat_1780570751777.png,0,1,1,1,0,0
haan_ghil_muulnaat_1780570752499.png,0,1,1,1,0,0
haan_ghil_muulnaat_1780570753257.png,0,1,1,1,1,1
haan_ghil_muulnaat_1780570753839.png,0,1,1,1,0,1
haan_ghil_muulnaat_1780570754582.png,1,1,1,1,1,1
haan_ghil_muulnaat_1780570755324.png,0,1,0,1,0,1
haan_ghil_muulnaat_1780570755890.png,0,1,1,1,1,1
haan_ghil_muulnaat_1780570756492.png,1,1,1,1,1,1
haan_ghil_muulnaat_1780570757040.png,0,0,1,0,1,1
haan_ghil_muulnaat_1780570757608.png,0,1,1,1,1,1
haan_ghil_muulnaat_1780570758178.png,0,1,1,1,0,0
haan_ghil_muulnaat_1780570758712.png,0,1,1,1,0,1
haan_ghil_muulnaat_1780570759240.png,0,1,1,0,0,0
haan_ghil_muulnaat_1780570759817.png,0,1,1,1,0,0
haan_ghil_muulnaat_1780570760378.png,0,1,1,1,0,0
haan_ghil_muulnaat_1780570761056.png,0,1,1,1,1,1
haan_ghil_muulnaat_1780570761622.png,1,1,1,0,1,1
haan_ghil_muulnaat_1780570762167.png,1,0,1,1,0,1
haan_ghil_muulnaat_1780570762952.png,1,1,1,1,1,1
haan_ghil_muulnaat_1780570763699.png,0,0,0,1,0,0
haan_ghil_muulnaat_1780570764416.png,0,1,1,1,0,1
haan_ghil_muulnaat_1780570764979.png,0,0,0,0,0,0
haan_ghil_muulnaat_1780570765705.png,0,0,0,1,0,0
haan_ghil_muulnaat_1780570766486.png,0,1,1,1,1,1
haan_ghil_muulnaat_1780570767047.png,0,1,1,1,0,1
haan_ghil_muulnaat_1780570767624.png,0,1,1,1,0,1
haan_ghil_muulnaat_1780570768199.png,0,1,1,1,0,1
haan_ghil_muulnaat_1780570768743.png,0,0,0,0,0,0
haan_ghil_muulnaat_1780570769481.png,0,1,1,1,0,0
haan_ghil_muulnaat_1780570770267.png,0,1,1,1,0,0
haan_ghil_muulnaat_1780570770829.png,0,1,1,1,0,0
haan_ghil_muulnaat_1780570771401.png,0,1,1,1,0,0
haan_ghil_muulnaat_1780570771993.png,1,1,1,1,1,0
haan_ghil_muulnaat_1780570772764.png,0,1,1,1,0,0
haan_ghil_muulnaat_1780570773485.png,1,1,1,1,0,1
haan_ghil_muulnaat_1780570774180.png,0,1,1,1,1,1
haan_ghil_muulnaat_1780570774700.png,0,1,1,1,0,0
haan_ghil_muulnaat_1780570776478.png,0,1,1,1,1,1
haan_ghil_muulnaat_1780570777204.png,0,1,1,1,0,1
haan_ghil_muulnaat_1780570777930.png,0,1,1,1,0,0
haan_ghil_muulnaat_1780570778656.png,0,1,1,1,0,1
haan_ghil_muulnaat_1780570779995.png,0,1,1,0,0,0
haan_ghil_muulnaat_1780570780543.png,0,1,1,1,0,1
haan_ghil_muulnaat_1780570781084.png,0,1,1,1,0,1
haan_ghil_muulnaat_1780570781793.png,0,1,1,1,1,0
haan_ghil_muulnaat_1780570783807.png,0,0,0,1,0,0
haan_ghil_muulnaat_1780570784524.png,0,1,1,1,0,0
haan_ghil_muulnaat_1780570785265.png,0,1,1,1,1,1
haan_ghil_muulnaat_1780570785870.png,0,1,1,1,1,1
haan_ghil_muulnaat_1780570786588.png,0,1,1,1,0,0
haan_ghil_muulnaat_1780570787154.png,0,1,1,1,0,1
haan_ghil_muulnaat_1780570787748.png,0,1,1,1,0,1
haan_ghil_muulnaat_1780570788464.png,0,1,0,1,0,0
haan_ghil_muulnaat_1780570789190.png,1,1,1,1,1,1
haan_ghil_muulnaat_1780570789894.png,0,1,1,1,1,1
haan_ghil_muulnaat_1780570790457.png,0,1,1,1,1,1
haan_ghil_muulnaat_1780570791022.png,0,1,1,1,0,1
haan_ghil_muulnaat_1780570791758.png,0,1,1,1,0,1
haan_ghil_muulnaat_1780570792482.png,0,1,1,1,0,1
haan_ghil_muulnaat_1780570793170.png,0,0,1,1,0,0
haan_ghil_muulnaat_1780570794507.png,0,1,1,1,0,1
haan_ghil_muulnaat_1780570795246.png,0,1,1,1,1,1
haan_ghil_muulnaat_1780570795820.png,0,1,1,1,0,1
haan_ghil_muulnaat_1780570796418.png,0,1,1,1,1,1
haan_ghil_muulnaat_1780570797157.png,0,1,1,1,0,1
haan_ghil_muulnaat_1780570797881.png,0,1,1,1,0,0
haan_ghil_muulnaat_1780570798562.png,0,1,0,1,0,0
haan_ghil_muulnaat_1780570799339.png,0,1,0,1,0,0
haan_ghil_muulnaat_1780570800106.png,0,1,0,1,0,0
haan_ghil_muulnaat_1780570800876.png,0,1,1,1,0,1
haan_ghil_muulnaat_1780570801495.png,0,0,1,0,0,1
haan_ghil_muulnaat_1780570802058.png,0,0,0,0,0,0
haan_ghil_muulnaat_1780570802835.png,0,1,1,1,0,0
haan_ghil_muulnaat_1780570803652.png,0,1,1,1,0,0
haan_ghil_muulnaat_1780570804440.png,0,1,1,1,0,1
haan_ghil_muulnaat_1780570805210.png,0,1,1,1,0,1
haan_ghil_muulnaat_1780570805971.png,0,0,1,0,0,0
haan_ghil_muulnaat_1780570806547.png,1,1,1,1,1,1
haan_ghil_muulnaat_1780570807086.png,0,0,1,0,0,1
haan_ghil_muulnaat_1780570807664.png,0,1,1,1,1,1
haan_ghil_muulnaat_1780570808397.png,0,1,1,1,1,0
haan_ghil_muulnaat_1780570808986.png,0,1,1,1,0,0
haan_ghil_muulnaat_1780570809713.png,0,1,1,1,0,1
haan_ghil_muulnaat_1780570810329.png,0,1,1,1,0,1
haan_ghil_muulnaat_1780570810938.png,0,1,1,1,1,1
haan_ghil_muulnaat_1780570811574.png,0,1,1,1,1,1
haan_ghil_muulnaat_1780570812367.png,0,1,1,1,1,1
haan_ghil_muulnaat_1780570813200.png,0,1,1,1,0,1
haan_ghil_muulnaat_1780570813976.png,0,1,0,1,0,0
haan_ghil_muulnaat_1780570814582.png,0,1,1,1,0,1
haan_ghil_muulnaat_1780570815342.png,0,1,1,1,0,1
haan_ghil_muulnaat_1780570816117.png,0,1,1,1,1,1
haan_ghil_muulnaat_1780570816719.png,0,1,1,1,1,1
haan_ghil_muulnaat_1780570817520.png,0,1,0,1,0,1
haan_ghil_muulnaat_1780570818347.png,1,0,1,1,0,0
haan_ghil_muulnaat_1780570819135.png,1,1,1,1,1,1
haan_ghil_muulnaat_1780570819951.png,1,1,1,1,1,1
haan_ghil_muulnaat_1780570820705.png,0,1,1,1,1,1
haan_ghil_muulnaat_1780570821513.png,1,1,1,1,1,1
haan_ghil_muulnaat_1780570822114.png,0,1,1,1,1,1
haan_ghil_muulnaat_1780570822759.png,0,1,1,1,1,1
haan_ghil_muulnaat_1780570823388.png,0,1,1,1,1,1
haan_ghil_muulnaat_1780570824090.png,0,1,1,0,1,1
haan_ghil_muulnaat_1780570824676.png,0,1,1,0,0,0
haan_ghil_muulnaat_1780570825278.png,0,1,1,1,0,0
haan_ghil_muulnaat_1780570825878.png,0,1,1,1,0,1
haan_ghil_muulnaat_1780570826508.png,0,1,1,1,0,1
haan_ghil_muulnaat_1780570827140.png,0,1,1,1,0,0
haan_ghil_muulnaat_1780570827947.png,0,1,1,1,1,1
haan_ghil_muulnaat_1780570828752.png,1,1,1,1,0,0
haan_ghil_muulnaat_1780570829569.png,1,0,0,1,0,0
haan_ghil_muulnaat_1780570830180.png,1,1,1,1,1,1
haan_ghil_muulnaat_1780570830738.png,0,1,1,1,1,1
haan_ghil_muulnaat_1780570831309.png,0,0,1,1,0,1
haan_ghil_muulnaat_1780570832052.png,0,1,1,1,0,0
haan_ghil_muulnaat_1780570832849.png,0,1,1,1,0,1
haan_ghil_muulnaat_1780570833429.png,0,1,1,1,0,1
haan_ghil_muulnaat_1780570834244.png,1,1,1,1,0,1
haan_ghil_muulnaat_1780570835006.png,0,1,1,1,0,1
haan_ghil_muulnaat_1780570835802.png,0,0,0,1,0,0
haan_ghil_muulnaat_1780570836594.png,0,0,0,1,0,0
haan_ghil_muulnaat_1780570837315.png,0,1,0,1,0,0
haan_ghil_muulnaat_1780570837875.png,0,1,1,1,1,1
haan_ghil_muulnaat_1780570838452.png,0,1,1,0,0,1
haan_ghil_muulnaat_1780570839058.png,1,1,1,1,0,1
haan_ghil_muulnaat_1780570839846.png,0,1,1,1,0,0
haan_ghil_muulnaat_1780570840469.png,1,1,1,1,1,1
haan_ghil_muulnaat_1780570841204.png,0,1,0,1,0,0
haan_ghil_muulnaat_1780570841964.png,0,1,1,1,0,0
haan_ghil_muulnaat_1780570842652.png,0,1,0,1,0,1
haan_ghil_muulnaat_1780570843445.png,0,1,1,1,0,0
haan_ghil_muulnaat_1780570844179.png,0,0,0,1,0,0
haan_ghil_muulnaat_1780570844929.png,0,0,0,1,0,0
haan_ghil_muulnaat_1780570845714.png,0,1,1,1,0,0
haan_ghil_muulnaat_1780570846496.png,0,1,1,1,0,1
haan_ghil_muulnaat_1780570847067.png,0,1,1,1,0,1
haan_ghil_muulnaat_1780570847860.png,0,1,1,1,0,0
haan_ghil_muulnaat_1780570848440.png,0,1,1,1,0,1
haan_ghil_muulnaat_1780570849015.png,0,1,1,1,0,1
haan_ghil_muulnaat_1780570849828.png,0,0,0,0,0,0
haan_ghil_muulnaat_1780570850544.png,0,1,1,1,0,0
haan_ghil_muulnaat_1780570851114.png,1,1,1,1,0,0
haan_ghil_muulnaat_1780570851703.png,0,1,1,1,0,0
haan_ghil_muulnaat_1780570852292.png,0,1,1,1,0,0
haan_ghil_muulnaat_1780570852851.png,1,1,1,1,1,0
haan_ghil_muulnaat_1780570853633.png,0,1,1,1,0,0
haan_ghil_muulnaat_1780570854182.png,0,1,1,1,0,1
haan_ghil_muulnaat_1780570854773.png,1,1,1,1,0,1
haan_ghil_muulnaat_1780570855545.png,1,1,1,1,0,1
haan_ghil_muulnaat_1780570856280.png,1,1,1,1,1,1
haan_ghil_muulnaat_1780570856861.png,1,1,1,1,1,1
haan_ghil_muulnaat_1780570857470.png,0,1,1,0,0,1
haan_ghil_muulnaat_1780570858220.png,1,1,1,1,1,0
haan_ghil_muulnaat_1780570858934.png,0,1,0,1,0,0
haan_ghil_muulnaat_1780570859697.png,0,1,1,1,0,1
haan_ghil_muulnaat_1780570860428.png,0,1,0,1,0,0
haan_ghil_muulnaat_1780570860957.png,1,1,1,1,1,1
haan_ghil_muulnaat_1780570861693.png,1,1,0,1,0,0
haan_ghil_muulnaat_1780570862447.png,0,1,0,1,0,0
haan_ghil_muulnaat_1780570863169.png,0,1,1,1,1,1
haan_ghil_muulnaat_1780570863739.png,0,1,1,1,0,1
haan_ghil_muulnaat_1780570864302.png,0,1,1,1,0,0
haan_ghil_muulnaat_1780570865049.png,0,1,1,1,0,0
haan_ghil_muulnaat_1780570865671.png,0,1,1,1,0,0
haan_ghil_muulnaat_1780570866249.png,0,1,1,1,1,1
haan_ghil_muulnaat_1780570866852.png,0,1,1,1,0,1
haan_ghil_muulnaat_1780570867573.png,0,1,1,1,0,0
haan_ghil_muulnaat_1780570868343.png,0,1,1,1,1,1
haan_ghil_muulnaat_1780570869051.png,0,0,0,1,0,0
haan_ghil_muulnaat_1780570869816.png,0,0,0,1,0,0
haan_ghil_muulnaat_1780570870581.png,0,1,1,1,0,0
haan_ghil_muulnaat_1780570871298.png,0,1,1,1,0,1
haan_ghil_muulnaat_1780570871874.png,0,1,1,1,0,0
haan_ghil_muulnaat_1780570872431.png,0,1,1,1,0,0
haan_ghil_muulnaat_1780570873198.png,0,0,0,1,0,0
haan_ghil_muulnaat_1780570873811.png,0,1,1,1,0,1
haan_ghil_muulnaat_1780570874393.png,0,1,1,1,0,1
haan_ghil_muulnaat_1780570875152.png,1,1,1,1,0,1
haan_ghil_muulnaat_1780570875918.png,0,1,1,1,0,0
haan_ghil_muulnaat_1780570876644.png,0,1,1,1,0,1
haan_ghil_muulnaat_1780570877412.png,0,0,0,1,0,0
haan_ghil_muulnaat_1780570878008.png,0,1,1,1,0,1
haan_ghil_muulnaat_1780570878729.png,1,1,1,1,0,0
haan_ghil_muulnaat_1780570879309.png,0,1,1,1,0,0
haan_ghil_muulnaat_1780570880123.png,0,0,0,1,0,0
haan_ghil_muulnaat_1780570880761.png,0,1,1,1,0,0
haan_ghil_muulnaat_1780570881338.png,1,1,1,1,0,1
haan_ghil_muulnaat_1780570881934.png,1,1,1,1,1,1
haan_ghil_muulnaat_1780570882516.png,0,1,1,1,1,1
haan_ghil_muulnaat_1780570883105.png,1,1,1,1,0,1
haan_ghil_muulnaat_1780570883889.png,0,1,1,1,0,1
haan_ghil_muulnaat_1780570884527.png,1,1,1,1,0,1
haan_ghil_muulnaat_1780570885301.png,1,1,1,1,0,1
haan_ghil_muulnaat_1780570885911.png,1,1,1,1,0,1
haan_ghil_muulnaat_1780570886671.png,0,1,1,1,0,1
haan_ghil_muulnaat_1780570887290.png,1,1,1,1,1,1
haan_ghil_muulnaat_1780570888105.png,0,1,1,1,0,0
haan_ghil_muulnaat_1780570888912.png,0,1,1,1,0,0
haan_ghil_muulnaat_1780570889657.png,1,0,1,0,0,0
haan_ghil_muulnaat_1780570890438.png,0,1,1,1,0,0
haan_ghil_muulnaat_1780570891064.png,1,1,1,1,0,1
haan_ghil_muulnaat_1780570891645.png,0,1,1,1,0,0
haan_ghil_muulnaat_1780570892263.png,0,1,1,1,0,0
haan_ghil_muulnaat_1780570893004.png,0,1,1,1,0,0
haan_ghil_muulnaat_1780570893590.png,1,0,1,0,1,0
haan_ghil_muulnaat_1780570894412.png,1,1,1,1,0,0
haan_ghil_muulnaat_1780570895224.png,1,1,1,1,1,1
haan_ghil_muulnaat_1780570895983.png,1,1,1,1,0,1
haan_ghil_muulnaat_1780570896571.png,0,1,1,1,0,0
haan_ghil_muulnaat_1780570897358.png,0,1,0,1,0,0
haan_ghil_muulnaat_1780570898088.png,0,1,1,1,0,1
haan_ghil_muulnaat_1780570898729.png,0,1,1,1,0,1
haan_ghil_muulnaat_1780570899529.png,0,1,1,1,1,1
haan_ghil_muulnaat_1780570900250.png,0,1,1,1,1,1
haan_ghil_muulnaat_1780570900811.png,0,1,1,1,0,1
haan_ghil_muulnaat_1780570901639.png,1,1,1,1,1,1
haan_ghil_muulnaat_1780570902372.png,0,1,1,1,0,1
haan_ghil_muulnaat_1780570902948.png,0,1,1,1,0,1
haan_ghil_muulnaat_1780570903498.png,1,1,1,1,1,1
haan_ghil_muulnaat_1780570904237.png,0,1,1,1,1,1
haan_ghil_muulnaat_1780570905001.png,0,1,0,1,0,0
haan_ghil_muulnaat_1780570905768.png,0,0,0,0,0,1
haan_ghil_muulnaat_1780570906358.png,1,1,1,1,1,0
haan_ghil_muulnaat_1780570907132.png,0,0,0,0,0,0
haan_ghil_muulnaat_1780570907750.png,0,0,0,0,0,0
haan_ghil_muulnaat_1780570908511.png,0,0,1,1,0,1
haan_ghil_muulnaat_1780570909244.png,0,1,1,1,0,0
haan_ghil_muulnaat_1780570909826.png,1,1,1,1,1,1
haan_ghil_muulnaat_1780570910431.png,0,1,1,1,1,1
haan_ghil_muulnaat_1780570911025.png,0,1,1,1,0,1
haan_ghil_muulnaat_1780570911755.png,0,1,0,1,0,0
haan_ghil_muulnaat_1780570912335.png,0,1,1,1,1,1
haan_ghil_muulnaat_1780570912889.png,1,1,1,1,1,1
haan_ghil_muulnaat_1780570913483.png,0,1,1,1,0,0
haan_ghil_muulnaat_1780570914228.png,0,0,0,1,0,0
haan_ghil_muulnaat_1780570914849.png,0,1,1,1,1,0
haan_ghil_muulnaat_1780570915602.png,1,1,1,1,0,0
haan_ghil_muulnaat_1780570916180.png,0,1,1,1,0,0
haan_ghil_muulnaat_1780570916734.png,0,1,1,1,0,0
haan_ghil_muulnaat_1780570917482.png,0,1,1,1,0,0
haan_ghil_muulnaat_1780570918255.png,0,1,1,1,0,1
haan_ghil_muulnaat_1780570918995.png,0,1,1,1,1,1
haan_ghil_muulnaat_1780570919768.png,0,1,1,1,1,1
haan_ghil_muulnaat_1780570920325.png,0,1,1,1,0,1
haan_ghil_muulnaat_1780570921104.png,0,1,1,1,0,0
haan_ghil_muulnaat_1780570921728.png,1,1,1,1,0,1
haan_ghil_muulnaat_1780570922336.png,0,1,1,1,0,1
haan_ghil_muulnaat_1780570923126.png,0,1,1,1,0,0
haan_ghil_muulnaat_1780570923914.png,0,1,1,0,0,1
haan_ghil_muulnaat_1780570924725.png,0,1,0,1,0,0
haan_ghil_muulnaat_1780570925371.png,0,1,1,1,1,1
haan_ghil_muulnaat_1780570925985.png,0,1,1,1,1,1
haan_ghil_muulnaat_1780570926583.png,0,1,1,1,1,1
haan_ghil_muulnaat_1780570927206.png,0,1,1,1,0,0
haan_ghil_muulnaat_1780570927851.png,0,1,1,1,0,1
haan_ghil_muulnaat_1780570928456.png,1,1,1,1,1,1
haan_ghil_muulnaat_1780570929220.png,0,1,1,1,0,0
haan_ghil_muulnaat_1780570929813.png,1,1,0,1,0,1
haan_ghil_muulnaat_1780570931231.png,0,1,1,1,0,1
haan_ghil_muulnaat_1780570932007.png,0,1,0,1,0,0
haan_ghil_muulnaat_1780570932657.png,0,1,1,1,0,1
haan_ghil_muulnaat_1780570933281.png,0,1,1,0,0,1
haan_ghil_muulnaat_1780570933872.png,1,1,1,1,1,1
haan_ghil_muulnaat_1780570934638.png,0,1,1,1,0,1
haan_ghil_muulnaat_1780570935265.png,0,1,1,1,0,1
haan_ghil_muulnaat_1780570936101.png,0,1,1,1,1,1
haan_ghil_muulnaat_1780570936684.png,1,1,1,0,1,1
haan_ghil_muulnaat_1780570937452.png,0,1,0,1,0,0
haan_ghil_muulnaat_1780570938081.png,1,1,1,1,1,1
haan_ghil_muulnaat_1780570938810.png,1,1,1,1,1,1
haan_ghil_muulnaat_1780570939600.png,0,1,1,1,0,1
haan_ghil_muulnaat_1780570940423.png,0,1,1,1,0,0
haan_ghil_muulnaat_1780570941177.png,0,1,0,1,0,0
haan_ghil_muulnaat_1780570941912.png,0,1,0,1,0,0
haan_ghil_muulnaat_1780570942591.png,0,1,1,1,0,1
haan_ghil_muulnaat_1780570943186.png,0,1,1,1,1,1
haan_ghil_muulnaat_1780570944593.png,0,1,1,1,0,0
haan_ghil_muulnaat_1780570945153.png,1,1,1,1,0,1
haan_ghil_muulnaat_1780570945894.png,0,1,1,1,0,1
haan_ghil_muulnaat_1780570946473.png,0,0,1,1,1,0
haan_ghil_muulnaat_1780570947242.png,0,1,0,1,0,0
haan_ghil_muulnaat_1780570947850.png,1,1,1,1,0,1
haan_ghil_muulnaat_1780570948414.png,0,1,1,1,0,1
haan_ghil_muulnaat_1780570949028.png,0,1,1,1,0,0
haan_ghil_muulnaat_1780570949579.png,0,1,1,1,0,0
haan_ghil_muulnaat_1780570950395.png,1,1,1,1,0,0
haan_ghil_muulnaat_1780570950999.png,1,1,1,1,1,1
haan_ghil_muulnaat_1780570951574.png,0,1,1,1,0,1
haan_ghil_muulnaat_1780570952188.png,0,0,1,1,0,1
haan_ghil_muulnaat_1780570952785.png,0,1,1,1,0,1
haan_ghil_muulnaat_1780570953378.png,0,1,1,1,1,1
haan_ghil_muulnaat_1780570954149.png,0,1,1,1,0,0
haan_ghil_muulnaat_1780570954779.png,1,1,1,1,1,1
haan_ghil_muulnaat_1780570955564.png,1,0,0,1,0,0
haan_ghil_muulnaat_1780570956346.png,0,1,1,1,0,0
haan_ghil_muulnaat_1780570957131.png,0,1,1,1,0,1
haan_ghil_muulnaat_1780570957731.png,0,1,1,1,0,1
haan_ghil_muulnaat_1780570958291.png,0,1,1,1,0,0
haan_ghil_muulnaat_1780570958899.png,0,1,1,1,0,0
haan_ghil_muulnaat_1780570959656.png,1,1,1,1,0,1
haan_ghil_muulnaat_1780570960405.png,0,1,1,1,0,1
haan_ghil_muulnaat_1780570961004.png,0,0,0,0,0,0
haan_ghil_muulnaat_1780570961623.png,0,1,1,1,1,1
haan_ghil_muulnaat_1780570962271.png,0,1,1,1,0,1
haan_ghil_muulnaat_1780570962901.png,0,1,1,1,0,1
haan_ghil_muulnaat_1780570963681.png,0,1,1,1,0,0
haan_ghil_muulnaat_1780570964302.png,0,1,1,1,0,0
haan_ghil_muulnaat_1780570964905.png,1,1,1,1,1,1
haan_ghil_muulnaat_1780570965699.png,0,1,1,1,0,0
haan_ghil_muulnaat_1780570966308.png,0,1,1,1,0,1
haan_ghil_muulnaat_1780570966909.png,0,1,1,1,0,1
haan_ghil_muulnaat_1780570967531.png,0,1,1,1,0,1
haan_ghil_muulnaat_1780570968322.png,0,0,0,1,0,0
haan_ghil_muulnaat_1780570968922.png,0,0,1,0,0,1
haan_ghil_muulnaat_1780570969473.png,1,1,1,1,1,0
haan_ghil_muulnaat_1780570970057.png,0,1,1,1,0,0
haan_ghil_muulnaat_1780570970661.png,0,1,1,1,0,1
haan_ghil_muulnaat_1780570971469.png,0,0,0,0,0,0
haan_ghil_muulnaat_1780570972280.png,0,1,1,1,0,1
haan_ghil_muulnaat_1780570973031.png,0,1,1,1,1,1
haan_ghil_muulnaat_1780570973820.png,1,1,1,1,1,1
haan_ghil_muulnaat_1780570974422.png,0,1,1,1,0,0
haan_ghil_muulnaat_1780570975044.png,0,1,1,1,0,1
haan_ghil_muulnaat_1780570975656.png,0,1,1,1,0,0
haan_ghil_muulnaat_1780570976270.png,1,1,1,1,1,1
haan_ghil_muulnaat_1780570977009.png,0,1,1,1,1,1
haan_ghil_muulnaat_1780570977818.png,0,1,1,1,0,1
haan_ghil_muulnaat_1780570978435.png,1,1,1,1,0,1
haan_ghil_muulnaat_1780570979020.png,0,1,1,1,0,1
haan_ghil_muulnaat_1780570979612.png,0,1,1,1,0,1
haan_ghil_muulnaat_1780570980232.png,0,1,1,1,1,1
haan_ghil_muulnaat_1780573702231.png,0,1,1,1,0,1
haan_ghil_muulnaat_1780573702791.png,1,1,1,1,0,1
haan_ghil_muulnaat_1780573703286.png,0,1,1,1,1,0
haan_ghil_muulnaat_1780573703821.png,0,0,0,1,0,0
haan_ghil_muulnaat_1780573704404.png,0,1,1,1,0,1
haan_ghil_muulnaat_1780573705063.png,0,1,0,1,0,0
haan_ghil_muulnaat_1780573705555.png,0,1,1,1,0,1
haan_ghil_muulnaat_1780573706031.png,0,1,1,1,1,0
haan_ghil_muulnaat_1780573706533.png,1,1,1,1,0,0
haan_ghil_muulnaat_1780573707064.png,0,1,1,1,0,0
haan_ghil_muulnaat_1780573707715.png,0,1,1,1,0,0
haan_ghil_muulnaat_1780573708386.png,1,1,1,0,0,1
haan_ghil_muulnaat_1780573709002.png,0,1,1,1,0,0
haan_ghil_muulnaat_1780573709528.png,0,1,1,1,1,1
haan_ghil_muulnaat_1780573710181.png,0,1,1,1,0,1
haan_ghil_muulnaat_1780573710666.png,0,1,1,1,1,0
haan_ghil_muulnaat_1780573711145.png,0,1,1,1,1,1
haan_ghil_muulnaat_1780573711934.png,0,1,1,1,0,0
haan_ghil_muulnaat_1780573712457.png,0,1,1,1,0,0
haan_ghil_muulnaat_1780573712960.png,0,1,1,1,0,1
haan_ghil_muulnaat_1780573713593.png,0,1,1,1,1,1
haan_ghil_muulnaat_1780573715408.png,0,1,0,0,0,0
haan_ghil_muulnaat_1780573717472.png,0,0,0,0,0,0
haan_ghil_muulnaat_1780573719557.png,0,1,0,1,0,0
haan_ghil_muulnaat_1780573721023.png,0,1,1,1,0,1
haan_ghil_muulnaat_1780573723166.png,0,1,1,1,0,0
haan_ghil_muulnaat_1780573725169.png,1,1,1,0,1,1
haan_ghil_muulnaat_1780573726503.png,0,0,1,1,0,1
haan_ghil_muulnaat_1780573727864.png,1,0,1,0,0,1
haan_ghil_muulnaat_1780573729883.png,0,1,0,1,0,0
haan_ghil_muulnaat_1780573731953.png,1,1,1,1,0,1
haan_ghil_muulnaat_1780573733340.png,1,1,1,1,1,1
haan_ghil_muulnaat_1780573735374.png,0,0,0,1,0,0
haan_ghil_muulnaat_1780573736785.png,0,1,1,1,0,1
haan_ghil_muulnaat_1780573738649.png,0,0,0,1,0,0
haan_ghil_muulnaat_1780573739770.png,1,1,1,1,1,1
haan_ghil_muulnaat_1780573740257.png,1,1,1,1,0,0
haan_ghil_muulnaat_1780573740936.png,0,1,1,1,0,0
haan_ghil_muulnaat_1780573741397.png,0,1,1,1,0,0
haan_ghil_muulnaat_1780573742026.png,1,1,1,1,1,0
haan_ghil_muulnaat_1780573742504.png,0,1,0,1,1,1
haan_ghil_muulnaat_1780573743074.png,1,1,1,1,1,1
haan_ghil_muulnaat_1780573743545.png,1,1,1,0,0,1
haan_ghil_muulnaat_1780573744086.png,0,1,1,1,0,1
haan_ghil_muulnaat_1780573744579.png,1,1,1,1,0,0
haan_ghil_muulnaat_1780573745150.png,0,1,1,1,1,0
haan_ghil_muulnaat_1780573745741.png,0,1,0,1,0,0
haan_ghil_muulnaat_1780573746305.png,0,1,1,1,0,0
haan_ghil_muulnaat_1780573746879.png,0,1,0,1,0,0
haan_ghil_muulnaat_1780573747330.png,0,1,1,1,0,0
haan_ghil_muulnaat_1780573747827.png,0,1,1,1,1,0
haan_ghil_muulnaat_1780573748310.png,1,1,1,1,0,0
haan_ghil_muulnaat_1780573748971.png,0,0,0,0,0,0
haan_ghil_muulnaat_1780573749606.png,0,1,1,1,0,1
haan_ghil_muulnaat_1780573750096.png,0,1,1,1,0,0
haan_ghil_muulnaat_1780573750652.png,0,1,0,0,0,0
haan_ghil_muulnaat_1780573751129.png,0,1,1,1,0,1
haan_ghil_muulnaat_1780573751766.png,0,1,1,1,0,1
haan_ghil_muulnaat_1780573752222.png,0,1,1,1,0,1
haan_ghil_muulnaat_1780573752851.png,0,1,1,1,0,0
haan_ghil_muulnaat_1780573753420.png,0,1,1,1,1,1
haan_ghil_muulnaat_1780573754070.png,0,1,1,1,0,0
haan_ghil_muulnaat_1780573754654.png,0,1,1,1,0,0
haan_ghil_muulnaat_1780573755142.png,0,1,1,1,0,1
haan_ghil_muulnaat_1780573755798.png,0,1,1,0,0,1
haan_ghil_muulnaat_1780573756397.png,0,1,1,1,0,1
haan_ghil_muulnaat_1780573757027.png,0,1,1,1,0,0
haan_ghil_muulnaat_1780573757685.png,0,1,1,0,0,1
haan_ghil_muulnaat_1780573758257.png,0,0,0,0,0,0
haan_ghil_muulnaat_1780573758846.png,0,1,0,1,0,0
haan_ghil_muulnaat_1780573759329.png,0,1,1,1,0,1
haan_ghil_muulnaat_1780573759813.png,1,1,1,1,0,0
haan_ghil_muulnaat_1780573760463.png,1,1,1,1,0,0
haan_ghil_muulnaat_1780573760948.png,0,0,1,1,0,1
haan_ghil_muulnaat_1780573761573.png,0,1,1,1,0,0
haan_ghil_muulnaat_1780573762181.png,0,1,1,1,0,0
haan_ghil_muulnaat_1780573762660.png,0,1,1,1,0,1
haan_ghil_muulnaat_1780573763233.png,0,0,0,1,0,0
haan_ghil_muulnaat_1780573763813.png,0,0,0,1,0,0
haan_ghil_muulnaat_1780573764473.png,0,0,0,0,0,0
haan_ghil_muulnaat_1780573764943.png,0,0,0,0,0,0
haan_ghil_muulnaat_1780573765568.png,1,1,0,1,0,0
haan_ghil_muulnaat_1780573766037.png,1,1,1,0,1,1
haan_ghil_muulnaat_1780573766534.png,1,0,1,1,0,1
haan_ghil_muulnaat_1780573767152.png,0,0,0,1,0,0
haan_ghil_muulnaat_1780573767700.png,0,1,1,1,1,1
haan_ghil_muulnaat_1780573768143.png,0,1,1,1,0,1
haan_ghil_muulnaat_1780573768612.png,0,0,0,0,0,0
haan_ghil_muulnaat_1780573769088.png,0,1,1,1,0,0
haan_ghil_muulnaat_1780573769551.png,0,1,1,1,1,1
haan_ghil_muulnaat_1780573770027.png,1,0,1,0,0,1
haan_ghil_muulnaat_1780573770508.png,0,1,1,1,1,1
haan_ghil_muulnaat_1780573771015.png,0,1,1,1,0,0
haan_ghil_muulnaat_1780573771474.png,1,1,1,1,0,1
haan_ghil_muulnaat_1780573771992.png,1,1,1,1,0,1
haan_ghil_muulnaat_1780573772483.png,0,1,0,1,0,1
haan_ghil_muulnaat_1780573772968.png,0,1,1,1,0,0
haan_ghil_muulnaat_1780573773592.png,0,1,1,1,0,0
haan_ghil_muulnaat_1780573774078.png,1,1,1,1,0,1
haan_ghil_muulnaat_1780573774588.png,0,0,1,1,0,1
haan_ghil_muulnaat_1780573775075.png,0,1,1,1,0,1
haan_ghil_muulnaat_1780573775572.png,0,1,1,1,0,1
haan_ghil_muulnaat_1780573776066.png,0,1,1,1,1,1
haan_ghil_muulnaat_1780573776562.png,0,1,1,1,0,0
haan_ghil_muulnaat_1780573777190.png,1,0,0,1,0,1
haan_ghil_muulnaat_1780573777655.png,0,1,1,1,0,1
haan_ghil_muulnaat_1780573778116.png,0,1,0,1,0,0
haan_ghil_muulnaat_1780573778554.png,0,1,1,1,0,1
haan_ghil_muulnaat_1780573779055.png,0,1,1,1,1,1
haan_ghil_muulnaat_1780573779690.png,0,1,0,1,0,1
haan_ghil_muulnaat_1780573780160.png,0,1,1,1,1,1
haan_ghil_muulnaat_1780573780658.png,0,1,1,1,0,0
haan_ghil_muulnaat_1780573781254.png,0,0,1,0,0,1
haan_ghil_muulnaat_1780573781731.png,0,0,0,0,0,0
haan_ghil_muulnaat_1780573782328.png,0,1,1,1,0,1
haan_ghil_muulnaat_1780573782938.png,0,0,0,0,0,0
haan_ghil_muulnaat_1780573783507.png,0,1,0,1,0,0
haan_ghil_muulnaat_1780573784183.png,0,1,0,0,0,0
haan_ghil_muulnaat_1780573784674.png,0,1,1,0,0,1
haan_ghil_muulnaat_1780573785131.png,0,0,0,0,0,0
haan_ghil_muulnaat_1780573785736.png,1,1,1,1,0,1
haan_ghil_muulnaat_1780573786218.png,0,1,1,1,0,1
haan_ghil_muulnaat_1780573786709.png,0,1,1,1,0,0
haan_ghil_muulnaat_1780573787340.png,1,1,1,1,0,0
haan_ghil_muulnaat_1780573787856.png,0,0,1,1,0,0
haan_ghil_muulnaat_1780573788487.png,1,1,1,1,0,1
haan_ghil_muulnaat_1780573789136.png,1,1,1,1,0,0
haan_ghil_muulnaat_1780573789735.png,1,1,1,1,0,1
haan_ghil_muulnaat_1780573790206.png,0,1,0,1,1,1
haan_ghil_muulnaat_1780573790680.png,0,1,1,1,0,1
haan_ghil_muulnaat_1780573791271.png,0,1,1,1,1,1
haan_ghil_muulnaat_1780573791705.png,1,1,1,1,0,0
haan_ghil_muulnaat_1780573792376.png,0,1,1,1,0,1
haan_ghil_muulnaat_1780573792979.png,1,1,1,1,0,0
haan_ghil_muulnaat_1780573793423.png,0,1,1,1,0,1
haan_ghil_muulnaat_1780573793899.png,0,1,1,1,0,1
haan_ghil_muulnaat_1780573794395.png,0,1,1,1,0,1
haan_ghil_muulnaat_1780573794954.png,0,0,0,1,0,0
haan_ghil_muulnaat_1780573795491.png,0,1,1,1,0,1
haan_ghil_muulnaat_1780573796149.png,0,1,0,1,0,0
haan_ghil_muulnaat_1780573796650.png,0,1,1,1,0,1
haan_ghil_muulnaat_1780573797314.png,0,1,1,1,0,0
haan_ghil_muulnaat_1780573797920.png,1,1,1,1,0,0
haan_ghil_muulnaat_1780573798372.png,1,1,1,1,0,1
haan_ghil_muulnaat_1780573798853.png,0,1,1,1,1,1
haan_ghil_muulnaat_1780573799441.png,0,0,0,1,0,0
haan_ghil_muulnaat_1780573800109.png,0,1,1,1,0,1
haan_ghil_muulnaat_1780573800703.png,0,1,1,1,1,1
haan_ghil_muulnaat_1780573801198.png,1,1,1,0,1,1
haan_ghil_muulnaat_1780573801697.png,0,1,1,1,0,1
haan_ghil_muulnaat_1780573802124.png,0,1,1,1,0,1
haan_ghil_muulnaat_1780573802758.png,1,1,1,1,0,1
haan_ghil_muulnaat_1780573803356.png,0,0,0,1,0,0
haan_ghil_muulnaat_1780573803815.png,0,1,1,1,0,0
haan_ghil_muulnaat_1780573804483.png,0,1,1,1,0,0
haan_ghil_muulnaat_1780573804946.png,0,1,1,1,0,0
haan_ghil_muulnaat_1780573805428.png,0,1,1,1,0,1
haan_ghil_muulnaat_1780573805910.png,0,1,1,1,1,1
haan_ghil_muulnaat_1780573806411.png,1,1,1,1,1,0
haan_ghil_muulnaat_1780573806876.png,0,1,1,1,0,0
haan_ghil_muulnaat_1780573807296.png,0,1,1,1,0,0
haan_ghil_muulnaat_1780573807917.png,0,1,1,1,0,0
haan_ghil_muulnaat_1780573808882.png,0,1,1,1,0,1
haan_ghil_muulnaat_1780573809516.png,0,0,1,1,1,1
haan_ghil_muulnaat_1780573810106.png,0,1,1,1,0,0
haan_ghil_muulnaat_1780573810586.png,1,1,1,1,0,0
haan_ghil_muulnaat_1780573811249.png,0,0,0,1,0,0
haan_ghil_muulnaat_1780573811711.png,0,1,1,1,0,0
haan_ghil_muulnaat_1780573812330.png,0,1,1,1,0,0
haan_ghil_muulnaat_1780573812980.png,0,1,1,1,0,1
haan_ghil_muulnaat_1780573813485.png,0,1,1,1,0,1
haan_ghil_muulnaat_1780573813940.png,0,1,1,1,0,1
haan_ghil_muulnaat_1780573814431.png,0,1,1,1,1,0
haan_ghil_muulnaat_1780573815118.png,1,1,1,1,0,0
haan_ghil_muulnaat_1780573815588.png,1,1,1,1,1,1
haan_ghil_muulnaat_1780573816211.png,0,1,0,1,0,0
haan_ghil_muulnaat_1780573816707.png,0,1,1,0,0,0
haan_ghil_muulnaat_1780573817185.png,0,1,1,1,0,0
haan_ghil_muulnaat_1780573817785.png,0,0,1,1,0,0
haan_ghil_muulnaat_1780573818289.png,0,1,1,0,0,0
haan_ghil_muulnaat_1780573818902.png,1,1,1,1,0,0
haan_ghil_muulnaat_1780573819554.png,0,1,1,1,1,1
haan_ghil_muulnaat_1780573820148.png,0,1,1,1,0,1
haan_ghil_muulnaat_1780573820788.png,1,1,1,1,0,1
haan_ghil_muulnaat_1780573821479.png,1,1,1,1,1,1
haan_ghil_muulnaat_1780573822003.png,1,1,1,1,0,1
haan_ghil_muulnaat_1780573822493.png,1,1,1,1,1,1
haan_ghil_muulnaat_1780573822970.png,0,1,1,1,0,0
haan_ghil_muulnaat_1780573823493.png,0,0,1,0,1,1
haan_ghil_muulnaat_1780573823922.png,0,1,1,1,0,0
haan_ghil_muulnaat_1780573824369.png,0,1,1,1,1,1
haan_ghil_muulnaat_1780573824866.png,0,1,1,1,1,0
haan_ghil_muulnaat_1780573825339.png,0,1,0,1,0,0
haan_ghil_muulnaat_1780573825806.png,1,1,1,1,1,1
haan_ghil_muulnaat_1780573826289.png,1,1,1,1,0,0
haan_ghil_muulnaat_1780573826817.png,0,1,1,1,1,1
haan_ghil_muulnaat_1780573827501.png,0,1,0,0,0,0
haan_ghil_muulnaat_1780573828002.png,0,1,1,1,0,1
haan_ghil_muulnaat_1780573828498.png,0,1,1,1,0,1
haan_ghil_muulnaat_1780573829159.png,1,1,1,1,1,1
haan_ghil_muulnaat_1780573829592.png,0,0,1,1,1,1
haan_ghil_muulnaat_1780573830106.png,0,1,1,1,1,1
haan_ghil_muulnaat_1780573830730.png,0,1,1,1,0,0
haan_ghil_muulnaat_1780573831194.png,0,1,1,1,1,1
haan_ghil_muulnaat_1780573831872.png,1,1,1,1,0,1
haan_ghil_muulnaat_1780573832528.png,0,1,0,1,0,0
haan_ghil_muulnaat_1780573833158.png,1,1,1,1,0,1
haan_ghil_muulnaat_1780573833732.png,0,1,1,1,0,0
haan_ghil_muulnaat_1780573834264.png,1,1,1,1,1,1
haan_ghil_muulnaat_1780573834861.png,1,1,1,1,1,0
haan_ghil_muulnaat_1780573835513.png,0,1,0,1,0,0
haan_ghil_muulnaat_1780573836170.png,1,1,1,1,0,1
haan_ghil_muulnaat_1780573836828.png,0,1,1,1,0,0
haan_ghil_muulnaat_1780573837439.png,0,0,0,1,0,0
haan_ghil_muulnaat_1780573837953.png,0,1,1,1,0,1
haan_ghil_muulnaat_1780573839130.png,0,0,0,0,0,0
haan_ghil_muulnaat_1780573839797.png,0,1,1,1,1,1
haan_ghil_muulnaat_1780573840331.png,0,1,1,1,0,1
haan_ghil_muulnaat_1780573840967.png,0,1,1,1,0,0
haan_ghil_muulnaat_1780573841578.png,1,1,0,1,0,0
haan_ghil_muulnaat_1780573842075.png,0,0,0,0,0,0
haan_ghil_muulnaat_1780573842585.png,0,1,1,1,0,0
haan_ghil_muulnaat_1780573843057.png,0,1,1,0,0,0
haan_ghil_muulnaat_1780573843697.png,1,1,1,1,0,0
haan_ghil_muulnaat_1780573844302.png,0,1,1,1,0,1
haan_ghil_muulnaat_1780573844725.png,0,1,1,1,1,0
haan_ghil_muulnaat_1780573845368.png,1,1,1,1,1,0
haan_ghil_muulnaat_1780573846057.png,0,1,1,1,0,0
haan_ghil_muulnaat_1780573846714.png,0,0,0,0,0,0
haan_ghil_muulnaat_1780573847348.png,0,1,1,1,1,1
haan_ghil_muulnaat_1780573848010.png,0,1,1,1,0,1
haan_ghil_muulnaat_1780573848534.png,0,1,1,1,0,1
haan_ghil_muulnaat_1780573849029.png,0,1,1,1,1,0
haan_ghil_muulnaat_1780573849517.png,0,1,1,1,0,1
haan_ghil_muulnaat_1780573850192.png,0,1,1,1,1,1
haan_ghil_muulnaat_1780573850722.png,0,1,1,1,0,1
haan_ghil_muulnaat_1780573851390.png,0,1,1,1,0,0
haan_ghil_muulnaat_1780573852030.png,0,1,1,1,0,0
haan_ghil_muulnaat_1780573852667.png,0,1,0,1,0,1
haan_ghil_muulnaat_1780573853162.png,0,1,1,1,0,0
haan_ghil_muulnaat_1780573853685.png,0,1,1,1,1,1
haan_ghil_muulnaat_1780573854211.png,0,1,1,1,0,1
haan_ghil_muulnaat_1780573854888.png,0,1,1,1,0,1
haan_ghil_muulnaat_1780573855515.png,0,1,1,1,0,1
haan_ghil_muulnaat_1780573856052.png,0,1,1,1,0,1
haan_ghil_muulnaat_1780573856548.png,0,1,1,1,0,1
haan_ghil_muulnaat_1780573857186.png,0,0,0,1,0,0
haan_ghil_muulnaat_1780573857696.png,0,1,1,1,1,1
haan_ghil_muulnaat_1780573858212.png,1,1,1,1,0,0
haan_ghil_muulnaat_1780573858878.png,0,1,1,1,0,0
haan_ghil_muulnaat_1780573859585.png,0,1,0,1,0,0
haan_ghil_muulnaat_1780573860110.png,1,1,1,1,0,1
haan_ghil_muulnaat_1780573860764.png,0,0,0,1,0,0
haan_ghil_muulnaat_1780573861280.png,0,1,1,1,0,0
haan_ghil_muulnaat_1780573861791.png,1,1,1,1,0,1
haan_ghil_muulnaat_1780573862327.png,0,1,1,1,1,1
haan_ghil_muulnaat_1780573862863.png,0,1,1,1,0,0
haan_ghil_muulnaat_1780573863522.png,0,1,1,1,0,1
haan_ghil_muulnaat_1780573864046.png,0,1,1,1,0,0
haan_ghil_muulnaat_1780573864553.png,0,1,1,1,1,1
haan_ghil_muulnaat_1780573865047.png,0,0,1,1,0,1
haan_ghil_muulnaat_1780573865579.png,0,1,1,1,0,1
haan_ghil_muulnaat_1780573866099.png,0,1,1,1,0,1
haan_ghil_muulnaat_1780573866778.png,0,1,1,1,0,1
haan_ghil_muulnaat_1780573867285.png,1,1,1,1,0,1
haan_ghil_muulnaat_1780573867797.png,0,1,1,1,0,1
haan_ghil_muulnaat_1780573868316.png,0,1,1,1,0,0
haan_ghil_muulnaat_1780573868836.png,0,1,1,1,0,1
haan_ghil_muulnaat_1780573869497.png,0,1,1,1,0,0
haan_ghil_muulnaat_1780573870010.png,0,1,1,1,0,1
haan_ghil_muulnaat_1780573870523.png,0,1,1,1,0,0
haan_ghil_muulnaat_1780573871200.png,0,0,0,1,0,0
haan_ghil_muulnaat_1780573871701.png,0,1,1,1,0,1
haan_ghil_muulnaat_1780573872398.png,0,0,0,0,0,0
haan_ghil_muulnaat_1780573873036.png,0,1,1,1,0,1
haan_ghil_muulnaat_1780573873586.png,0,1,1,1,1,1
haan_ghil_muulnaat_1780573874283.png,0,1,1,1,0,1
haan_ghil_muulnaat_1780573874973.png,0,1,0,1,0,0
haan_ghil_muulnaat_1780573875509.png,0,1,1,1,1,1
haan_ghil_muulnaat_1780573876025.png,0,1,1,1,0,0
haan_ghil_muulnaat_1780573876538.png,0,1,1,0,0,1
haan_ghil_muulnaat_1780573877096.png,0,1,1,1,0,1
haan_ghil_muulnaat_1780573877665.png,0,0,0,0,0,0
haan_ghil_muulnaat_1780573878336.png,0,1,1,1,0,0
haan_ghil_muulnaat_1780573879062.png,1,0,1,1,0,0
haan_ghil_muulnaat_1780573879614.png,0,0,0,0,0,0
haan_ghil_muulnaat_1780573880315.png,0,1,1,1,0,1
haan_ghil_muulnaat_1780573881023.png,0,1,1,1,0,0
haan_ghil_muulnaat_1780573881602.png,1,1,1,1,0,1
haan_ghil_muulnaat_1780573882292.png,0,1,1,1,0,0
haan_ghil_muulnaat_1780573883018.png,0,1,0,1,0,0
haan_ghil_muulnaat_1780573884154.png,0,0,0,1,0,0
haan_ghil_muulnaat_1780573884924.png,0,1,1,1,0,0
haan_ghil_muulnaat_1780573885521.png,0,1,1,1,0,1
haan_ghil_muulnaat_1780573886219.png,0,0,0,1,0,0
haan_ghil_muulnaat_1780573886801.png,0,1,1,1,0,1
haan_ghil_muulnaat_1780573887371.png,0,1,1,1,0,0
haan_ghil_muulnaat_1780573887953.png,0,1,1,1,0,0
haan_ghil_muulnaat_1780573888524.png,0,0,1,0,0,1
haan_ghil_muulnaat_1780573889309.png,1,1,1,0,0,0
haan_ghil_muulnaat_1780573889907.png,0,1,1,1,0,1
haan_ghil_muulnaat_1780573890478.png,0,1,1,1,1,1
haan_ghil_muulnaat_1780573891050.png,0,0,1,1,0,0
haan_ghil_muulnaat_1780573891617.png,0,0,0,0,0,0
haan_ghil_muulnaat_1780573892364.png,1,1,1,1,1,1
haan_ghil_muulnaat_1780573893083.png,0,1,1,1,0,1
haan_ghil_muulnaat_1780573893675.png,0,1,1,1,1,1
haan_ghil_muulnaat_1780573894274.png,1,1,1,1,1,1
haan_ghil_muulnaat_1780573894865.png,1,1,1,1,1,1
haan_ghil_muulnaat_1780573895615.png,1,1,1,1,0,0
haan_ghil_muulnaat_1780573896204.png,0,1,1,1,0,1
haan_ghil_muulnaat_1780573896941.png,1,1,1,1,1,1
haan_ghil_muulnaat_1780573897557.png,0,1,1,1,0,0
haan_ghil_muulnaat_1780573898139.png,1,1,1,1,1,1
haan_ghil_muulnaat_1780573898697.png,0,1,1,1,1,1
haan_ghil_muulnaat_1780573899466.png,1,1,1,1,1,1
haan_ghil_muulnaat_1780573900197.png,0,1,1,1,0,0
haan_ghil_muulnaat_1780573900759.png,0,1,1,1,0,0
haan_ghil_muulnaat_1780573901351.png,0,1,1,1,1,1
haan_ghil_muulnaat_1780573901974.png,0,1,1,0,1,1
haan_ghil_muulnaat_1780573902584.png,0,1,1,1,0,1
haan_ghil_muulnaat_1780573903192.png,1,1,1,1,0,1
haan_ghil_muulnaat_1780573903825.png,0,1,1,1,1,1
haan_ghil_muulnaat_1780573904602.png,0,1,0,1,0,0
haan_ghil_muulnaat_1780573905403.png,0,1,1,1,0,0
haan_ghil_muulnaat_1780573906011.png,0,1,1,1,0,1
haan_ghil_muulnaat_1780573906615.png,0,1,1,1,0,1
haan_ghil_muulnaat_1780573907362.png,0,1,1,1,0,0
haan_ghil_muulnaat_1780573908158.png,0,1,1,1,0,0
haan_ghil_muulnaat_1780573908750.png,0,1,1,1,0,0
haan_ghil_muulnaat_1780573909532.png,0,1,1,1,0,0
haan_ghil_muulnaat_1780573910265.png,0,1,1,1,0,0
haan_ghil_muulnaat_1780573910848.png,0,1,1,1,1,1
haan_ghil_muulnaat_1780573911453.png,0,1,1,1,0,1
haan_ghil_muulnaat_1780573912035.png,0,1,0,1,0,0
haan_ghil_muulnaat_1780573912658.png,0,1,1,1,0,1
haan_ghil_muulnaat_1780573913257.png,0,1,1,1,0,1
haan_ghil_muulnaat_1780573914001.png,0,0,0,1,0,0
haan_ghil_muulnaat_1780573914766.png,1,1,1,1,0,0
haan_ghil_muulnaat_1780573915553.png,0,1,1,1,0,0
haan_ghil_muulnaat_1780573916269.png,0,1,1,1,0,1
haan_ghil_muulnaat_1780573917036.png,0,1,1,1,0,0
haan_ghil_muulnaat_1780573917789.png,0,1,0,1,0,0
haan_ghil_muulnaat_1780573918487.png,0,1,1,1,0,1
haan_ghil_muulnaat_1780573919058.png,1,1,1,1,1,1
haan_ghil_muulnaat_1780573919753.png,1,0,0,1,0,0
haan_ghil_muulnaat_1780573920327.png,0,1,1,1,0,0
haan_ghil_muulnaat_1780573920892.png,0,1,1,1,0,1
haan_ghil_muulnaat_1780573921678.png,0,1,1,1,0,1
haan_ghil_muulnaat_1780573922415.png,0,0,0,1,0,0
haan_ghil_muulnaat_1780573923177.png,0,1,0,1,0,0
haan_ghil_muulnaat_1780573923763.png,1,1,1,1,1,1
haan_ghil_muulnaat_1780573924485.png,0,1,1,0,0,1
haan_ghil_muulnaat_1780573925079.png,0,1,1,1,0,1
haan_ghil_muulnaat_1780573925715.png,0,0,0,1,0,0
haan_ghil_muulnaat_1780573926442.png,1,0,1,0,0,1
haan_ghil_muulnaat_1780573927191.png,0,1,1,0,0,1
haan_ghil_muulnaat_1780573927930.png,0,1,1,1,0,0
haan_ghil_muulnaat_1780573928511.png,0,1,1,1,1,1
haan_ghil_muulnaat_1780573929098.png,0,1,1,1,1,1
haan_ghil_muulnaat_1780573929866.png,0,1,1,1,0,0
haan_ghil_muulnaat_1780573930658.png,0,1,1,1,0,1
haan_ghil_muulnaat_1780573931250.png,0,1,1,1,0,0
haan_ghil_muulnaat_1780573931977.png,0,1,1,1,0,0
haan_ghil_muulnaat_1780573932731.png,0,1,1,1,1,1
haan_ghil_muulnaat_1780573933292.png,0,1,1,1,0,0
haan_ghil_muulnaat_1780573933854.png,0,1,1,1,0,1
haan_ghil_muulnaat_1780573934442.png,1,1,1,0,1,1
haan_ghil_muulnaat_1780573935160.png,0,1,1,1,0,0
haan_ghil_muulnaat_1780573935901.png,0,0,0,0,0,0
haan_ghil_muulnaat_1780573936459.png,0,1,1,1,0,1
haan_ghil_muulnaat_1780573937263.png,1,1,1,1,0,0
haan_ghil_muulnaat_1780573937830.png,1,0,1,0,0,1
haan_ghil_muulnaat_1780573938609.png,0,1,1,1,0,0
haan_ghil_muulnaat_1780573939407.png,0,1,1,1,0,0
haan_ghil_muulnaat_1780573940024.png,0,1,1,1,0,0
haan_ghil_muulnaat_1780573940607.png,0,1,1,1,0,1
haan_ghil_muulnaat_1780573941408.png,0,0,0,0,0,0
haan_ghil_muulnaat_1780573942815.png,0,0,0,1,0,0
haan_ghil_muulnaat_1780573943550.png,0,1,1,1,0,1
haan_ghil_muulnaat_1780573944301.png,1,1,1,1,0,0
haan_ghil_muulnaat_1780573945057.png,1,1,1,1,0,0
haan_ghil_muulnaat_1780573945667.png,1,1,1,1,0,1
haan_ghil_muulnaat_1780573946489.png,0,0,0,1,0,0
haan_ghil_muulnaat_1780573947284.png,0,1,1,1,0,0
haan_ghil_muulnaat_1780573947865.png,0,1,1,1,0,1
haan_ghil_muulnaat_1780573948479.png,1,1,1,1,1,1
haan_ghil_muulnaat_1780573949055.png,0,0,0,1,0,0
haan_ghil_muulnaat_1780573949805.png,0,1,0,1,0,0
haan_ghil_muulnaat_1780573950391.png,0,1,1,1,1,1
haan_ghil_muulnaat_1780573951171.png,0,1,1,1,1,1
haan_ghil_muulnaat_1780573951934.png,0,1,1,1,0,1
haan_ghil_muulnaat_1780573952504.png,0,1,1,1,0,0
haan_ghil_muulnaat_1780573953081.png,0,1,1,0,0,1
haan_ghil_muulnaat_1780573954355.png,0,1,1,1,1,0
haan_ghil_muulnaat_1780573955126.png,0,0,0,1,0,0
haan_ghil_muulnaat_1780573955740.png,1,1,1,1,0,0
haan_ghil_muulnaat_1780573956340.png,0,1,1,1,0,0
haan_ghil_muulnaat_1780573956911.png,0,1,1,1,0,0
haan_ghil_muulnaat_1780573957507.png,1,1,1,1,0,1
haan_ghil_muulnaat_1780573958104.png,0,1,1,1,1,1
haan_ghil_muulnaat_1780573958873.png,0,1,1,1,0,0
haan_ghil_muulnaat_1780573959633.png,0,1,1,1,0,1
haan_ghil_muulnaat_1780573960249.png,0,1,1,1,1,0
haan_ghil_muulnaat_1780573960877.png,0,1,1,1,0,1
haan_ghil_muulnaat_1780573961621.png,0,1,1,1,0,0
haan_ghil_muulnaat_1780573962266.png,1,1,1,1,0,1
haan_ghil_muulnaat_1780573963048.png,0,1,1,1,0,0
haan_ghil_muulnaat_1780573963812.png,1,1,1,1,1,1
haan_ghil_muulnaat_1780573964446.png,1,1,1,0,0,1
haan_ghil_muulnaat_1780573965242.png,0,0,0,1,0,0
haan_ghil_muulnaat_1780573965837.png,0,1,1,1,1,0
haan_ghil_muulnaat_1780573967062.png,0,0,1,0,0,1
haan_ghil_muulnaat_1780573967819.png,0,1,1,1,0,1
haan_ghil_muulnaat_1780573968455.png,1,1,1,1,0,0
haan_ghil_muulnaat_1780573969209.png,0,1,1,0,0,1
haan_ghil_muulnaat_1780573969866.png,0,0,1,1,1,1
haan_ghil_muulnaat_1780573970711.png,0,1,0,1,0,0
haan_ghil_muulnaat_1780573971372.png,0,1,1,1,1,0
haan_ghil_muulnaat_1780573971965.png,0,1,1,1,0,1
haan_ghil_muulnaat_1780573972567.png,1,1,1,1,1,1
haan_ghil_muulnaat_1780573973308.png,0,0,1,1,0,1
haan_ghil_muulnaat_1780573974105.png,1,0,1,1,0,0
haan_ghil_muulnaat_1780573974719.png,0,1,1,1,1,1
haan_ghil_muulnaat_1780573975523.png,1,1,1,1,1,0
haan_ghil_muulnaat_1780573976160.png,0,1,1,1,0,0
haan_ghil_muulnaat_1780573976902.png,0,1,1,1,1,1
haan_ghil_muulnaat_1780573977510.png,0,1,1,1,0,1
haan_ghil_muulnaat_1780573978251.png,0,0,0,1,0,0
haan_ghil_muulnaat_1780573978877.png,0,1,1,1,1,1
haan_ghil_muulnaat_1780573979649.png,0,1,1,1,0,1
haan_ghil_muulnaat_1780573980243.png,0,1,1,1,0,0
haan_ghil_muulnaat_1780573981017.png,0,1,1,1,1,1
haan_ghil_muulnaat_1780573981783.png,0,1,1,1,0,0
haan_ghil_muulnaat_1780573982533.png,0,1,0,0,0,0
haan_ghil_muulnaat_1780573983306.png,0,1,1,1,0,0
haan_ghil_muulnaat_1780573984076.png,0,1,0,1,0,0
haan_ghil_muulnaat_1780573984692.png,0,1,1,1,1,1
haan_ghil_muulnaat_1780573985294.png,0,0,1,1,1,1
haan_ghil_muulnaat_1780573985870.png,1,1,1,1,0,0
haan_ghil_muulnaat_1780573986637.png,0,1,1,1,0,0
haan_ghil_muulnaat_1780573987440.png,1,1,0,1,0,1
haan_ghil_muulnaat_1780573988079.png,1,0,0,0,0,0
haan_ghil_muulnaat_1780573988866.png,0,1,0,1,0,0
haan_ghil_muulnaat_1780573989647.png,0,1,1,1,0,1
haan_ghil_muulnaat_1780573990251.png,1,0,0,1,0,0
haan_ghil_muulnaat_1780573991027.png,0,1,1,1,0,1
haan_ghil_muulnaat_1780573991616.png,0,1,1,1,0,1
haan_ghil_muulnaat_1780573992249.png,1,1,1,1,0,1
haan_ghil_muulnaat_1780573993041.png,0,1,1,1,0,1
haan_ghil_muulnaat_1780573993626.png,0,1,1,1,0,1
haan_ghil_muulnaat_1780573994232.png,0,0,0,0,0,0
haan_ghil_muulnaat_1780573994816.png,0,1,1,1,1,1
haan_ghil_muulnaat_1780573995546.png,0,1,1,1,0,0
haan_ghil_muulnaat_1780573996094.png,1,0,1,0,0,1
haan_ghil_muulnaat_1780573996826.png,0,1,1,1,0,1
haan_ghil_muulnaat_1780573997424.png,0,1,1,1,1,0
haan_ghil_muulnaat_1780573998014.png,1,1,1,1,0,0
haan_ghil_muulnaat_1780573998757.png,0,1,1,1,0,0
haan_ghil_muulnaat_1780573999358.png,0,1,1,1,1,1
haan_ghil_muulnaat_1780574000099.png,1,1,1,1,0,1
haan_ghil_muulnaat_1780574000673.png,0,1,1,1,0,1
haan_ghil_muulnaat_1780574001450.png,0,1,1,1,0,0
haan_ghil_muulnaat_1780574002197.png,0,0,0,1,0,0
haan_ghil_muulnaat_1780574002927.png,0,1,1,1,0,0
haan_ghil_muulnaat_1780574003529.png,1,1,1,1,0,0
haan_ghil_muulnaat_1780574004141.png,0,1,1,1,0,0
haan_ghil_muulnaat_1780574004729.png,0,1,1,1,0,1
haan_ghil_muulnaat_1780574005322.png,0,1,1,1,0,1
haan_ghil_muulnaat_1780574005911.png,1,1,1,1,1,1
haan_ghil_muulnaat_1780574006489.png,1,1,1,1,0,1
haan_ghil_muulnaat_1780574007095.png,0,1,1,1,1,1
haan_ghil_muulnaat_1780574007704.png,0,1,1,1,0,1
haan_ghil_muulnaat_1780574008278.png,0,1,1,1,0,0
haan_ghil_muulnaat_1780574008891.png,0,1,1,1,1,1
haan_ghil_muulnaat_1780574009706.png,0,1,1,1,0,1
haan_ghil_muulnaat_1780574010312.png,0,1,1,1,1,1
haan_ghil_muulnaat_1780574010867.png,0,1,1,1,1,1
haan_ghil_muulnaat_1780574011457.png,0,1,1,1,0,0
haan_ghil_muulnaat_1780574012054.png,1,1,1,1,0,0
haan_ghil_muulnaat_1780574012643.png,0,1,1,1,0,0
haan_ghil_muulnaat_1780574013228.png,0,0,0,0,0,0
haan_ghil_muulnaat_1780574014060.png,0,1,1,1,1,1
haan_ghil_muulnaat_1780574014845.png,0,0,0,1,0,0
haan_ghil_muulnaat_1780574015627.png,1,1,1,1,1,1
haan_ghil_muulnaat_1780574016229.png,0,1,1,0,0,1
haan_ghil_muulnaat_1780574016826.png,1,1,1,1,1,1
haan_ghil_muulnaat_1780574017403.png,0,1,1,1,0,0
haan_ghil_muulnaat_1780574017951.png,1,1,1,1,0,1
haan_ghil_muulnaat_1780574018685.png,0,1,1,1,0,0
haan_ghil_muulnaat_1780548745458.png,0,1,1,1,0,1
haan_ghil_muulnaat_1780548749014.png,0,1,0,1,0,0
haan_ghil_muulnaat_1780548751928.png,0,1,1,1,0,1
haan_ghil_muulnaat_1780548754860.png,1,1,1,1,1,1
haan_ghil_muulnaat_1780548758372.png,1,1,1,1,0,1
haan_ghil_muulnaat_1780548761164.png,0,1,1,1,0,1
haan_ghil_muulnaat_1780548764500.png,0,1,0,1,0,0
haan_ghil_muulnaat_1780548767973.png,0,1,1,1,1,0
haan_ghil_muulnaat_1780548771309.png,0,1,1,1,0,1
haan_ghil_muulnaat_1780548774551.png,0,1,1,1,0,1
haan_ghil_muulnaat_1780548778158.png,0,1,0,1,0,0
haan_ghil_muulnaat_1780548780906.png,1,0,1,1,1,1
haan_ghil_muulnaat_1780548783705.png,1,1,1,1,0,1
haan_ghil_muulnaat_1780548786393.png,0,1,1,1,0,0
haan_ghil_muulnaat_1780548789771.png,0,1,0,1,0,0
haan_ghil_muulnaat_1780548792548.png,0,1,1,1,1,0
haan_ghil_muulnaat_1780548796073.png,0,1,1,1,0,0
haan_ghil_muulnaat_1780548798760.png,0,1,1,1,0,1
haan_ghil_muulnaat_1780548801443.png,0,1,1,1,0,0
haan_ghil_muulnaat_1780548804080.png,0,1,1,1,1,1
haan_ghil_muulnaat_1780548806857.png,0,1,1,1,0,1
haan_ghil_muulnaat_1780548810238.png,0,1,1,1,0,0
haan_ghil_muulnaat_1780548812837.png,0,0,1,1,0,0
haan_ghil_muulnaat_1780548816089.png,0,1,1,1,0,0
haan_ghil_muulnaat_1780548819315.png,0,1,1,1,0,0
haan_ghil_muulnaat_1780548821937.png,0,1,1,1,0,1
haan_ghil_muulnaat_1780548824672.png,0,0,0,1,0,0
haan_ghil_muulnaat_1780548827337.png,0,1,1,1,0,1
haan_ghil_muulnaat_1780548830015.png,0,1,0,1,0,1
haan_ghil_muulnaat_1780548833936.png,0,1,1,1,1,1
haan_ghil_muulnaat_1780548836618.png,0,1,1,1,0,1
haan_ghil_muulnaat_1780548839236.png,0,1,1,1,0,1
haan_ghil_muulnaat_1780548841964.png,0,1,1,1,0,1
haan_ghil_muulnaat_1780548844687.png,0,1,1,1,0,1
haan_ghil_muulnaat_1780548847958.png,1,1,1,1,0,0
haan_ghil_muulnaat_1780548851279.png,0,1,0,1,0,0
haan_ghil_muulnaat_1780548853958.png,0,1,1,1,0,1
haan_ghil_muulnaat_1780548857133.png,0,1,1,1,0,1
haan_ghil_muulnaat_1780548859757.png,0,0,0,0,0,0
haan_ghil_muulnaat_1780548862871.png,0,1,1,0,0,0
haan_ghil_muulnaat_1780548865974.png,0,0,0,1,0,0
haan_ghil_muulnaat_1780548868645.png,0,0,0,1,0,0
haan_ghil_muulnaat_1780548871230.png,0,1,1,1,1,0
haan_ghil_muulnaat_1780548874407.png,0,1,1,1,0,1
haan_ghil_muulnaat_1780548877747.png,0,1,1,1,0,1
haan_ghil_muulnaat_1780548880454.png,0,0,0,0,0,1
haan_ghil_muulnaat_1780548882928.png,0,0,0,0,0,0
haan_ghil_muulnaat_1780548885637.png,0,0,1,0,0,1
haan_ghil_muulnaat_1780548888844.png,0,1,0,1,0,0
haan_ghil_muulnaat_1780548892124.png,0,0,1,0,0,0
haan_ghil_muulnaat_1780548894815.png,1,1,1,1,0,0
haan_ghil_muulnaat_1780548898112.png,0,1,1,1,1,1
haan_ghil_muulnaat_1780548901472.png,0,1,1,1,0,1
haan_ghil_muulnaat_1780548904679.png,0,0,1,0,0,0
haan_ghil_muulnaat_1780548907310.png,0,1,1,1,1,1
haan_ghil_muulnaat_1780548909948.png,1,1,1,1,0,1
haan_ghil_muulnaat_1780548913136.png,0,1,1,1,1,1
haan_ghil_muulnaat_1780548916328.png,1,1,0,1,0,0
haan_ghil_muulnaat_1780548919573.png,0,1,1,1,1,0
haan_ghil_muulnaat_1780548922842.png,0,0,1,1,0,0
haan_ghil_muulnaat_1780548925388.png,0,1,1,1,1,1
haan_ghil_muulnaat_1780548928564.png,1,1,1,1,0,0
haan_ghil_muulnaat_1780548931178.png,0,1,1,1,0,0
haan_ghil_muulnaat_1780548933917.png,0,1,1,1,1,1
haan_ghil_muulnaat_1780548937158.png,0,1,1,1,0,1
haan_ghil_muulnaat_1780548939875.png,1,1,1,1,0,0
haan_ghil_muulnaat_1780548943109.png,1,1,1,1,0,0
haan_ghil_muulnaat_1780548946411.png,0,1,1,1,0,1
haan_ghil_muulnaat_1780548949120.png,1,1,1,1,1,1
haan_ghil_muulnaat_1780548951740.png,0,1,1,1,1,0
haan_ghil_muulnaat_1780548954287.png,0,1,1,1,0,0
haan_ghil_muulnaat_1780548957426.png,1,1,1,1,1,1
haan_ghil_muulnaat_1780548959978.png,0,1,1,1,1,1
haan_ghil_muulnaat_1780548962508.png,1,1,1,1,0,1
haan_ghil_muulnaat_1780548965703.png,0,1,1,1,1,1
haan_ghil_muulnaat_1780548968277.png,0,1,1,1,0,0
haan_ghil_muulnaat_1780548970969.png,0,0,1,0,0,1
haan_ghil_muulnaat_1780548974256.png,0,1,1,1,0,1
haan_ghil_muulnaat_1780548977512.png,0,0,0,0,0,0
haan_ghil_muulnaat_1780548980022.png,0,1,1,1,1,1
haan_ghil_muulnaat_1780548983127.png,0,1,1,1,0,1
haan_ghil_muulnaat_1780548986256.png,0,1,1,1,0,1
haan_ghil_muulnaat_1780548988865.png,0,1,0,1,0,0
haan_ghil_muulnaat_1780548991598.png,0,1,1,1,1,0
haan_ghil_muulnaat_1780548994276.png,0,1,1,1,0,0
haan_ghil_muulnaat_1780548996943.png,0,0,0,1,0,0
haan_ghil_muulnaat_1780549000042.png,0,1,1,1,0,1
haan_ghil_muulnaat_1780549003412.png,0,0,1,1,0,1
haan_ghil_muulnaat_1780549006046.png,0,1,1,1,0,1
haan_ghil_muulnaat_1780549008470.png,0,1,1,1,0,1
haan_ghil_muulnaat_1780549011618.png,0,1,1,1,0,0
haan_ghil_muulnaat_1780549014856.png,1,1,0,1,0,0
haan_ghil_muulnaat_1780549018159.png,1,1,1,1,0,1
haan_ghil_muulnaat_1780549021352.png,0,1,1,1,0,1
haan_ghil_muulnaat_1780549024059.png,1,1,1,1,1,1
haan_ghil_muulnaat_1780549026699.png,0,1,1,1,0,1
haan_ghil_muulnaat_1780549029376.png,0,0,0,0,0,0
haan_ghil_muulnaat_1780549032049.png,0,0,1,0,0,1
haan_ghil_muulnaat_1780549034677.png,0,0,0,0,0,0
haan_ghil_muulnaat_1780549037965.png,0,1,1,1,0,1
haan_ghil_muulnaat_1780549041098.png,0,1,1,1,0,0
haan_ghil_muulnaat_1780549044124.png,0,1,1,1,0,1
haan_ghil_muulnaat_1780549046679.png,0,1,1,1,0,0
haan_ghil_muulnaat_1780549049964.png,0,1,1,1,1,0
haan_ghil_muulnaat_1780549052584.png,0,1,1,1,0,1
haan_ghil_muulnaat_1780549055232.png,0,1,1,1,1,1
haan_ghil_muulnaat_1780549057902.png,0,0,1,1,0,1
haan_ghil_muulnaat_1780549061174.png,0,1,0,1,0,0
haan_ghil_muulnaat_1780549064475.png,0,1,1,1,1,1
haan_ghil_muulnaat_1780549067686.png,0,1,1,1,0,1
haan_ghil_muulnaat_1780549070974.png,1,1,1,1,1,1
haan_ghil_muulnaat_1780549074106.png,0,1,0,1,0,0
haan_ghil_muulnaat_1780549076821.png,0,1,1,1,0,1
haan_ghil_muulnaat_1780549079562.png,1,1,1,1,1,1
haan_ghil_muulnaat_1780549082197.png,0,1,1,1,1,1
haan_ghil_muulnaat_1780549085348.png,1,0,1,1,0,0
haan_ghil_muulnaat_1780549088615.png,0,1,1,1,0,1
haan_ghil_muulnaat_1780549091832.png,0,1,1,1,0,1
haan_ghil_muulnaat_1780549095093.png,0,1,0,1,0,0
haan_ghil_muulnaat_1780549097673.png,0,1,1,1,0,1
haan_ghil_muulnaat_1780549100962.png,0,1,1,1,1,1
haan_ghil_muulnaat_1780549103638.png,0,0,0,0,0,0
haan_ghil_muulnaat_1780549106147.png,0,0,1,1,0,1
haan_ghil_muulnaat_1780549108777.png,0,0,0,1,0,0
haan_ghil_muulnaat_1780549111395.png,0,1,0,1,0,1
haan_ghil_muulnaat_1780549114009.png,0,1,0,1,0,0
haan_ghil_muulnaat_1780549117088.png,0,1,1,1,0,0
haan_ghil_muulnaat_1780549122899.png,0,1,1,1,0,0
haan_ghil_muulnaat_1780549126101.png,0,1,1,1,1,1
haan_ghil_muulnaat_1780549129256.png,1,1,1,1,0,0
haan_ghil_muulnaat_1780549131891.png,0,1,1,1,0,1
haan_ghil_muulnaat_1780549135166.png,0,1,1,1,1,1
haan_ghil_muulnaat_1780549137801.png,1,1,1,1,1,1
haan_ghil_muulnaat_1780549141065.png,0,1,1,1,0,1
haan_ghil_muulnaat_1780549144239.png,0,1,1,1,0,1
haan_ghil_muulnaat_1780549146954.png,0,1,1,1,0,1
haan_ghil_muulnaat_1780549150172.png,0,1,1,1,1,1
haan_ghil_muulnaat_1780549154096.png,0,1,1,1,0,1
haan_ghil_muulnaat_1780549157424.png,0,1,0,1,0,0
haan_ghil_muulnaat_1780549160629.png,0,1,1,1,0,1
haan_ghil_muulnaat_1780549163845.png,1,1,1,1,0,0
haan_ghil_muulnaat_1780549167233.png,0,1,0,1,1,1
haan_ghil_muulnaat_1780549169874.png,0,1,0,1,0,1
haan_ghil_muulnaat_1780550054026.png,0,0,1,0,0,1
haan_ghil_muulnaat_1780550056629.png,0,1,1,1,0,1
haan_ghil_muulnaat_1780550061002.png,0,1,1,1,0,0
haan_ghil_muulnaat_1780550064207.png,0,1,1,1,0,0
haan_ghil_muulnaat_1780550066775.png,0,1,1,1,0,1
haan_ghil_muulnaat_1780550069979.png,0,1,0,1,0,0
haan_ghil_muulnaat_1780550073361.png,0,1,1,1,0,0
haan_ghil_muulnaat_1780550076639.png,1,1,1,1,0,0
haan_ghil_muulnaat_1780550079919.png,0,1,1,1,0,1
haan_ghil_muulnaat_1780550083136.png,0,1,1,1,0,0
haan_ghil_muulnaat_1780550085716.png,1,1,1,1,0,1
haan_ghil_muulnaat_1780550088383.png,0,1,1,1,0,0
haan_ghil_muulnaat_1780550091008.png,0,1,1,1,0,1
haan_ghil_muulnaat_1780550093678.png,1,1,1,1,1,1
haan_ghil_muulnaat_1780550096332.png,0,1,1,1,0,1
haan_ghil_muulnaat_1780550099665.png,1,1,1,1,0,0
haan_ghil_muulnaat_1780550102855.png,0,1,1,1,0,0
haan_ghil_muulnaat_1780550105933.png,0,1,1,1,0,1
haan_ghil_muulnaat_1780550108763.png,0,1,1,1,0,0
haan_ghil_muulnaat_1780550112047.png,0,1,1,1,0,1
haan_ghil_muulnaat_1780550114697.png,0,1,1,1,0,0
haan_ghil_muulnaat_1780550117252.png,0,0,1,0,0,1
haan_ghil_muulnaat_1780550120413.png,0,0,1,1,0,1
haan_ghil_muulnaat_1780550123528.png,0,1,1,1,0,1
haan_ghil_muulnaat_1780550126079.png,0,1,1,1,0,0
haan_ghil_muulnaat_1780550129326.png,0,1,1,1,0,0
haan_ghil_muulnaat_1780550132532.png,0,1,1,1,0,1
haan_ghil_muulnaat_1780550135853.png,0,1,1,1,0,0
haan_ghil_muulnaat_1780550138399.png,1,1,1,1,1,0
haan_ghil_muulnaat_1780550140911.png,0,1,1,1,1,1
haan_ghil_muulnaat_1780550143455.png,0,1,1,1,0,1
haan_ghil_muulnaat_1780550146031.png,0,1,1,1,0,1
haan_ghil_muulnaat_1780550148481.png,1,1,1,1,1,1
haan_ghil_muulnaat_1780550151783.png,1,1,1,1,0,0
haan_ghil_muulnaat_1780550154387.png,0,1,1,1,0,1
haan_ghil_muulnaat_1780550157624.png,0,1,1,1,0,0
haan_ghil_muulnaat_1780550160907.png,0,1,1,0,0,0
haan_ghil_muulnaat_1780550164211.png,0,1,1,0,0,1
haan_ghil_muulnaat_1780550167435.png,0,1,1,1,0,1
haan_ghil_muulnaat_1780550170787.png,0,1,1,0,0,0
haan_ghil_muulnaat_1780550173865.png,0,1,1,1,0,0
haan_ghil_muulnaat_1780550176543.png,0,0,1,0,0,0
haan_ghil_muulnaat_1780550179247.png,0,1,1,1,0,1
haan_ghil_muulnaat_1780550181810.png,0,1,1,1,0,1
haan_ghil_muulnaat_1780550184451.png,0,1,1,1,0,0
haan_ghil_muulnaat_1780550186912.png,0,0,0,1,0,0
haan_ghil_muulnaat_1780550190039.png,0,1,1,1,0,0
haan_ghil_muulnaat_1780550192698.png,0,1,1,1,0,1
haan_ghil_muulnaat_1780550195327.png,0,1,1,1,0,1
haan_ghil_muulnaat_1780550197911.png,0,1,1,1,0,0
haan_ghil_muulnaat_1780550200550.png,0,1,1,1,0,1
haan_ghil_muulnaat_1780550203159.png,0,0,0,0,0,1
haan_ghil_muulnaat_1780550206265.png,1,1,0,1,0,0
haan_ghil_muulnaat_1780550209396.png,0,1,1,1,0,0
haan_ghil_muulnaat_1780550212671.png,1,1,1,1,1,1
haan_ghil_muulnaat_1780550215891.png,0,1,1,1,0,1
haan_ghil_muulnaat_1780550219155.png,1,1,1,1,0,0
haan_ghil_muulnaat_1780550221893.png,0,1,1,1,0,1
haan_ghil_muulnaat_1780550225133.png,0,1,0,1,0,0
haan_ghil_muulnaat_1780550228376.png,0,1,0,1,0,1
haan_ghil_muulnaat_1780550231570.png,0,1,1,1,0,1
haan_ghil_muulnaat_1780550234779.png,0,1,1,1,0,1
haan_ghil_muulnaat_1780550237405.png,0,1,1,1,0,1
haan_ghil_muulnaat_1780550240639.png,1,1,1,1,1,1
haan_ghil_muulnaat_1780550243252.png,1,1,1,1,1,0
haan_ghil_muulnaat_1780550246527.png,0,1,1,1,0,0
haan_ghil_muulnaat_1780550249149.png,0,0,0,0,0,0
haan_ghil_muulnaat_1780550252406.png,0,0,1,1,0,1
haan_ghil_muulnaat_1780550255596.png,0,1,1,1,0,0
haan_ghil_muulnaat_1780550258166.png,0,1,1,1,1,1
haan_ghil_muulnaat_1780550260773.png,0,1,1,1,0,0
haan_ghil_muulnaat_1780550264035.png,0,1,1,1,0,0
haan_ghil_muulnaat_1780550266601.png,0,1,1,1,0,0
haan_ghil_muulnaat_1780550269874.png,0,1,1,1,0,1
haan_ghil_muulnaat_1780550272411.png,0,1,1,1,0,1
haan_ghil_muulnaat_1780550275120.png,0,1,1,1,0,0
haan_ghil_muulnaat_1780550277752.png,0,1,1,1,0,1
haan_ghil_muulnaat_1780550280416.png,1,1,1,1,0,0
haan_ghil_muulnaat_1780550283615.png,0,1,1,1,0,0
haan_ghil_muulnaat_1780550286369.png,0,1,1,1,1,1
haan_ghil_muulnaat_1780550289651.png,0,1,1,1,0,1
haan_ghil_muulnaat_1780550292318.png,0,0,0,1,0,0
haan_ghil_muulnaat_1780550295454.png,0,0,0,1,0,0
haan_ghil_muulnaat_1780550298663.png,0,1,1,1,1,1
haan_ghil_muulnaat_1780550301449.png,0,1,1,1,0,1
haan_ghil_muulnaat_1780550304676.png,0,1,1,1,0,1
haan_ghil_muulnaat_1780550307216.png,0,1,1,1,0,0
haan_ghil_muulnaat_1780550309867.png,1,1,1,1,1,1
haan_ghil_muulnaat_1780550312993.png,0,1,1,1,0,0
haan_ghil_muulnaat_1780550315558.png,1,1,1,1,1,0
haan_ghil_muulnaat_1780550318605.png,0,1,1,1,0,1
haan_ghil_muulnaat_1780550321226.png,0,1,1,0,0,1
haan_ghil_muulnaat_1780550324481.png,0,1,1,1,1,0
haan_ghil_muulnaat_1780550327701.png,0,1,1,1,1,1
haan_ghil_muulnaat_1780550331032.png,0,1,1,1,0,1
haan_ghil_muulnaat_1780550334246.png,0,1,1,1,0,1
haan_ghil_muulnaat_1780550337476.png,0,1,1,1,0,1
haan_ghil_muulnaat_1780550340630.png,0,1,0,0,0,0
haan_ghil_muulnaat_1780550343303.png,0,1,1,1,0,1
haan_ghil_muulnaat_1780550532046.png,0,1,1,1,0,0
haan_ghil_muulnaat_1780550534696.png,0,1,1,0,0,1
haan_ghil_muulnaat_1780550537809.png,0,1,0,1,0,0
haan_ghil_muulnaat_1780550540445.png,0,0,0,0,0,0
haan_ghil_muulnaat_1780550543754.png,0,1,1,1,1,1
haan_ghil_muulnaat_1780550546968.png,0,1,1,1,0,0
haan_ghil_muulnaat_1780550549341.png,1,1,1,1,1,1
haan_ghil_muulnaat_1780550551915.png,0,1,1,1,0,1
haan_ghil_muulnaat_1780550555141.png,0,1,1,1,0,1
haan_ghil_muulnaat_1780550558402.png,0,1,1,1,1,1
haan_ghil_muulnaat_1780550561578.png,1,1,1,1,1,1
haan_ghil_muulnaat_1780550564687.png,0,0,0,1,0,0
haan_ghil_muulnaat_1780550567261.png,0,1,1,1,0,1
haan_ghil_muulnaat_1780550569960.png,0,1,1,1,0,0
haan_ghil_muulnaat_1780550573243.png,0,0,0,1,0,0
haan_ghil_muulnaat_1780550576478.png,0,1,0,1,0,0
haan_ghil_muulnaat_1780550578935.png,0,1,1,1,0,1
haan_ghil_muulnaat_1780550582073.png,1,1,1,1,0,0
haan_ghil_muulnaat_1780550585325.png,1,1,1,1,0,0
haan_ghil_muulnaat_1780550587899.png,0,1,1,1,0,1
haan_ghil_muulnaat_1780550590966.png,0,1,1,1,0,0
haan_ghil_muulnaat_1780550594020.png,1,1,1,1,1,0
haan_ghil_muulnaat_1780550597165.png,0,0,1,1,0,0
haan_ghil_muulnaat_1780550600453.png,1,0,1,1,0,0
haan_ghil_muulnaat_1780550603114.png,0,1,1,1,0,0
haan_ghil_muulnaat_1780550605699.png,1,1,1,1,0,0
haan_ghil_muulnaat_1780550608379.png,1,1,1,1,1,1
haan_ghil_muulnaat_1780550611489.png,0,1,1,1,0,1
haan_ghil_muulnaat_1780550614560.png,0,1,1,1,1,0
haan_ghil_muulnaat_1780550617168.png,0,1,1,1,0,0
haan_ghil_muulnaat_1780550620278.png,0,1,1,1,0,1
haan_ghil_muulnaat_1780550622915.png,1,1,1,1,0,1
haan_ghil_muulnaat_1780550625489.png,0,1,1,1,0,1
haan_ghil_muulnaat_1780550627989.png,0,1,0,0,0,0
haan_ghil_muulnaat_1780550630527.png,0,1,1,1,0,1
haan_ghil_muulnaat_1780550633253.png,0,1,1,1,0,0
haan_ghil_muulnaat_1780550635804.png,0,1,1,1,0,1
haan_ghil_muulnaat_1780550638401.png,0,1,0,1,0,1
haan_ghil_muulnaat_1780550641559.png,0,1,1,1,0,1
haan_ghil_muulnaat_1780550644125.png,0,1,1,1,0,1
haan_ghil_muulnaat_1780550646665.png,0,1,1,1,1,1
haan_ghil_muulnaat_1780550649246.png,0,1,1,1,1,1
haan_ghil_muulnaat_1780550652280.png,0,0,0,1,0,0
haan_ghil_muulnaat_1780550655364.png,1,1,1,1,1,1
haan_ghil_muulnaat_1780550658539.png,0,1,1,1,0,1
haan_ghil_muulnaat_1780550661744.png,1,1,1,1,1,1
haan_ghil_muulnaat_1780550665007.png,1,1,1,1,0,1
haan_ghil_muulnaat_1780550668991.png,0,0,1,0,0,1
haan_ghil_muulnaat_1780550672238.png,0,1,1,1,0,0
haan_ghil_muulnaat_1780550674709.png,1,0,0,0,0,0
haan_ghil_muulnaat_1780550677378.png,1,1,1,1,0,1
haan_ghil_muulnaat_1780550680003.png,0,1,1,1,0,0
haan_ghil_muulnaat_1780550683192.png,0,1,1,1,0,1
haan_ghil_muulnaat_1780550685834.png,0,1,1,1,0,0
haan_ghil_muulnaat_1780550688895.png,0,1,1,1,0,1
haan_ghil_muulnaat_1780550692210.png,0,1,1,0,1,1
haan_ghil_muulnaat_1780550695409.png,0,1,1,1,0,1
haan_ghil_muulnaat_1780550698723.png,0,1,1,1,0,1
haan_ghil_muulnaat_1780550701456.png,0,1,1,1,1,1
haan_ghil_muulnaat_1780550704427.png,0,1,1,1,0,1
haan_ghil_muulnaat_1780550707089.png,0,1,1,1,0,1
haan_ghil_muulnaat_1780550709746.png,0,0,0,1,0,1
haan_ghil_muulnaat_1780550712461.png,0,1,1,1,1,1
haan_ghil_muulnaat_1780550715052.png,0,0,1,1,1,1
haan_ghil_muulnaat_1780550718237.png,0,0,1,1,0,0
haan_ghil_muulnaat_1780550721530.png,0,1,1,1,0,0
haan_ghil_muulnaat_1780550724744.png,0,1,1,1,0,0
haan_ghil_muulnaat_1780550727931.png,1,1,1,1,1,1
haan_ghil_muulnaat_1780550730529.png,0,0,0,0,0,0
haan_ghil_muulnaat_1780550733178.png,0,0,0,0,0,0
haan_ghil_muulnaat_1780550735202.png,0,0,1,1,0,1
haan_ghil_muulnaat_1780550736141.png,1,1,1,1,0,1
haan_ghil_muulnaat_1780550736884.png,0,1,1,1,0,0
haan_ghil_muulnaat_1780550737756.png,0,1,1,0,0,1
haan_ghil_muulnaat_1780550738580.png,0,0,0,1,0,1
haan_ghil_muulnaat_1780556380410.png,0,1,1,1,0,1
haan_ghil_muulnaat_1780556381360.png,0,1,1,1,0,1
haan_ghil_muulnaat_1780556382197.png,1,1,1,1,1,1
haan_ghil_muulnaat_1780556383008.png,0,1,1,1,1,1
haan_ghil_muulnaat_1780556383783.png,1,1,1,1,1,0
haan_ghil_muulnaat_1780556384608.png,0,1,1,1,0,0
haan_ghil_muulnaat_1780556385410.png,0,1,1,1,1,1
haan_ghil_muulnaat_1780556386290.png,0,1,1,0,1,1
haan_ghil_muulnaat_1780556387136.png,1,1,1,1,0,1
haan_ghil_muulnaat_1780556388012.png,0,1,1,1,0,1
haan_ghil_muulnaat_1780556388840.png,0,1,1,1,0,0
haan_ghil_muulnaat_1780556389697.png,0,1,1,1,0,0
haan_ghil_muulnaat_1780556390557.png,0,1,1,1,0,0
haan_ghil_muulnaat_1780556391417.png,1,1,0,1,0,0
haan_ghil_muulnaat_1780556392313.png,1,1,1,1,0,1
haan_ghil_muulnaat_1780556393118.png,1,1,1,1,0,0
haan_ghil_muulnaat_1780556394014.png,0,1,1,1,1,0
haan_ghil_muulnaat_1780556394889.png,0,1,1,1,0,0
haan_ghil_muulnaat_1780556395830.png,0,1,0,1,0,0
haan_ghil_muulnaat_1780556396761.png,0,0,0,1,0,0
haan_ghil_muulnaat_1780556397691.png,1,1,1,1,0,1
haan_ghil_muulnaat_1780556398736.png,0,1,1,1,1,0
haan_ghil_muulnaat_1780556401423.png,0,1,1,1,1,1
haan_ghil_muulnaat_1780556404065.png,1,1,1,1,1,1
haan_ghil_muulnaat_1780556406727.png,0,1,1,1,1,0
haan_ghil_muulnaat_1780556409393.png,0,1,1,1,1,1
haan_ghil_muulnaat_1780556412043.png,0,1,1,1,1,0
haan_ghil_muulnaat_1780556414602.png,0,0,1,1,0,0
haan_ghil_muulnaat_1780556417262.png,0,0,1,1,1,1
haan_ghil_muulnaat_1780556419811.png,0,1,1,1,0,1
haan_ghil_muulnaat_1780556422428.png,0,1,1,1,1,1
haan_ghil_muulnaat_1780556424916.png,0,1,1,1,0,0
haan_ghil_muulnaat_1780556427535.png,1,1,1,1,0,0
haan_ghil_muulnaat_1780556430107.png,0,1,1,1,1,1
haan_ghil_muulnaat_1780556431467.png,0,1,1,1,0,1
haan_ghil_muulnaat_1780556432281.png,0,1,1,1,0,0
haan_ghil_muulnaat_1780556432975.png,0,1,1,1,0,1
haan_ghil_muulnaat_1780556433766.png,0,1,1,1,1,1
haan_ghil_muulnaat_1780556434518.png,0,1,1,1,1,1
haan_ghil_muulnaat_1780556435367.png,0,1,1,1,0,0
haan_ghil_muulnaat_1780556436116.png,0,1,1,1,1,1
haan_ghil_muulnaat_1780556436923.png,1,1,1,1,1,1
haan_ghil_muulnaat_1780556437743.png,1,1,1,1,1,1
haan_ghil_muulnaat_1780556438526.png,0,1,1,0,1,1
haan_ghil_muulnaat_1780556439254.png,0,1,0,1,0,0
haan_ghil_muulnaat_1780556440059.png,0,1,1,1,0,1
haan_ghil_muulnaat_1780556440848.png,1,1,0,1,0,1
haan_ghil_muulnaat_1780556441622.png,0,1,1,1,0,1
haan_ghil_muulnaat_1780556442472.png,0,1,1,1,0,1
haan_ghil_muulnaat_1780556443238.png,1,1,1,1,0,0
haan_ghil_muulnaat_1780556444039.png,0,1,0,0,0,1
haan_ghil_muulnaat_1780556444880.png,0,1,1,1,0,1
haan_ghil_muulnaat_1780556445607.png,1,1,1,1,0,1
haan_ghil_muulnaat_1780556446327.png,1,0,1,1,1,1
haan_ghil_muulnaat_1780556447127.png,0,0,1,1,0,0
haan_ghil_muulnaat_1780556447908.png,0,1,1,1,0,0
haan_ghil_muulnaat_1780556448655.png,0,1,1,1,0,1
haan_ghil_muulnaat_1780556449429.png,0,1,1,1,0,1
haan_ghil_muulnaat_1780556450232.png,1,1,1,0,1,1
haan_ghil_muulnaat_1780556450988.png,1,1,1,1,1,1
haan_ghil_muulnaat_1780556451823.png,0,1,1,0,1,1
haan_ghil_muulnaat_1780556452540.png,0,1,1,1,0,1
haan_ghil_muulnaat_1780556453310.png,0,1,0,0,0,0
haan_ghil_muulnaat_1780556454105.png,1,1,1,1,0,1
haan_ghil_muulnaat_1780556454836.png,1,1,1,1,1,0
haan_ghil_muulnaat_1780556455593.png,0,0,0,1,0,1
haan_ghil_muulnaat_1780556456355.png,0,1,1,1,0,1
haan_ghil_muulnaat_1780556457100.png,0,1,1,1,0,1
haan_ghil_muulnaat_1780556457926.png,0,0,0,1,0,0
haan_ghil_muulnaat_1780556458700.png,0,1,1,1,0,1
haan_ghil_muulnaat_1780556459480.png,0,1,1,1,0,1
haan_ghil_muulnaat_1780556460333.png,0,1,1,1,0,1
haan_ghil_muulnaat_1780556461147.png,0,1,1,0,0,1
haan_ghil_muulnaat_1780556461940.png,1,1,1,1,1,1
haan_ghil_muulnaat_1780556462704.png,0,1,1,1,1,1
haan_ghil_muulnaat_1780556463532.png,0,0,1,1,1,1
haan_ghil_muulnaat_1780556464264.png,0,1,1,1,1,1
haan_ghil_muulnaat_1780556465011.png,0,1,1,1,0,0
haan_ghil_muulnaat_1780556465868.png,0,1,1,1,0,0
haan_ghil_muulnaat_1780556466582.png,0,0,1,0,0,1
haan_ghil_muulnaat_1780556467353.png,1,0,1,0,0,1
haan_ghil_muulnaat_1780556468084.png,0,1,1,1,0,1
haan_ghil_muulnaat_1780556468883.png,0,1,1,1,1,1
haan_ghil_muulnaat_1780556469652.png,0,1,1,1,0,1
haan_ghil_muulnaat_1780556470440.png,0,1,1,1,0,0
haan_ghil_muulnaat_1780556471152.png,0,1,1,1,0,1
haan_ghil_muulnaat_1780556471843.png,0,1,1,1,0,1
haan_ghil_muulnaat_1780556472667.png,0,1,1,1,0,1
haan_ghil_muulnaat_1780556473492.png,0,1,0,1,0,0
haan_ghil_muulnaat_1780556474272.png,0,1,1,1,0,1
haan_ghil_muulnaat_1780556475077.png,1,1,1,1,0,1
haan_ghil_muulnaat_1780556475912.png,0,1,1,1,0,1
haan_ghil_muulnaat_1780556476656.png,1,1,1,1,1,0
haan_ghil_muulnaat_1780556477483.png,0,1,1,1,1,1
haan_ghil_muulnaat_1780556478266.png,0,1,1,1,0,1
haan_ghil_muulnaat_1780556479107.png,0,1,1,1,0,1
haan_ghil_muulnaat_1780556479875.png,0,1,1,1,0,1
haan_ghil_muulnaat_1780556480551.png,0,1,0,1,0,0
haan_ghil_muulnaat_1780556481392.png,0,1,1,1,0,1
haan_ghil_muulnaat_1780556482211.png,1,1,1,1,1,0
haan_ghil_muulnaat_1780556482984.png,0,0,0,1,0,0
haan_ghil_muulnaat_1780556483659.png,0,1,1,1,1,1
haan_ghil_muulnaat_1780556484466.png,0,1,1,1,0,1
haan_ghil_muulnaat_1780556485196.png,1,1,1,1,0,1
haan_ghil_muulnaat_1780556485962.png,1,1,1,1,1,1
haan_ghil_muulnaat_1780556486749.png,0,1,1,1,0,1
haan_ghil_muulnaat_1780556487501.png,0,1,0,1,0,0
haan_ghil_muulnaat_1780556488339.png,0,1,1,1,0,1
haan_ghil_muulnaat_1780556489131.png,0,1,1,1,1,0
haan_ghil_muulnaat_1780556489843.png,0,1,1,1,0,1
haan_ghil_muulnaat_1780556490673.png,0,1,1,1,0,0
haan_ghil_muulnaat_1780556491424.png,0,1,1,1,0,0
haan_ghil_muulnaat_1780556492204.png,0,1,1,1,1,1
haan_ghil_muulnaat_1780556493031.png,1,1,1,1,0,0
haan_ghil_muulnaat_1780556493748.png,1,1,1,1,1,1
haan_ghil_muulnaat_1780556494530.png,0,1,0,1,0,0
haan_ghil_muulnaat_1780556495341.png,0,1,1,1,1,1
haan_ghil_muulnaat_1780556496074.png,0,1,1,1,0,1
haan_ghil_muulnaat_1780556496833.png,1,1,1,1,1,0
haan_ghil_muulnaat_1780556497637.png,1,1,0,1,0,0
haan_ghil_muulnaat_1780556498420.png,0,1,1,1,1,1
haan_ghil_muulnaat_1780556499161.png,0,1,1,1,0,0
haan_ghil_muulnaat_1780556499953.png,1,1,1,0,0,1
haan_ghil_muulnaat_1780556500758.png,0,0,0,0,0,1
haan_ghil_muulnaat_1780556501512.png,1,1,1,1,0,1
haan_ghil_muulnaat_1780556502215.png,0,1,0,1,0,0
haan_ghil_muulnaat_1780556502977.png,0,0,0,0,0,0
haan_ghil_muulnaat_1780556504014.png,0,1,0,1,0,1
haan_ghil_muulnaat_1780556504813.png,0,1,0,1,0,0
haan_ghil_muulnaat_1780556505554.png,0,1,1,1,1,1
haan_ghil_muulnaat_1780556506309.png,0,1,1,1,0,0
haan_ghil_muulnaat_1780556507124.png,1,1,1,1,1,0
haan_ghil_muulnaat_1780556507860.png,0,1,1,1,1,0
haan_ghil_muulnaat_1780556508656.png,0,1,1,1,0,0
haan_ghil_muulnaat_1780556509402.png,0,1,1,1,1,1
haan_ghil_muulnaat_1780556510126.png,0,1,1,1,1,0
haan_ghil_muulnaat_1780556510938.png,0,1,1,1,0,0
haan_ghil_muulnaat_1780556511756.png,0,1,1,1,1,1
haan_ghil_muulnaat_1780556512538.png,0,1,1,1,0,0
haan_ghil_muulnaat_1780556514880.png,1,1,0,1,0,0
haan_ghil_muulnaat_1780556515609.png,0,1,1,1,1,1
haan_ghil_muulnaat_1780556516327.png,0,1,0,1,0,1
haan_ghil_muulnaat_1780556517021.png,0,1,1,1,0,1
haan_ghil_muulnaat_1780556517849.png,1,1,1,1,0,1
haan_ghil_muulnaat_1780556518673.png,1,1,1,1,1,1
haan_ghil_muulnaat_1780556519553.png,0,1,1,1,0,1
haan_ghil_muulnaat_1780556520403.png,0,1,1,1,1,1
haan_ghil_muulnaat_1780556521267.png,0,1,1,1,1,1
haan_ghil_muulnaat_1780556522028.png,0,0,0,0,0,0
haan_ghil_muulnaat_1780556522811.png,1,1,1,1,1,1
haan_ghil_muulnaat_1780556523622.png,1,1,1,1,0,1
haan_ghil_muulnaat_1780556524458.png,0,1,1,0,0,1
haan_ghil_muulnaat_1780556525230.png,0,1,1,1,0,0
haan_ghil_muulnaat_1780556526079.png,0,1,1,1,0,1
haan_ghil_muulnaat_1780556526939.png,1,1,1,1,1,1
haan_ghil_muulnaat_1780556527734.png,0,1,1,1,0,1
haan_ghil_muulnaat_1780556528524.png,0,1,1,1,0,1
haan_ghil_muulnaat_1780556529329.png,0,0,0,0,0,1
haan_ghil_muulnaat_1780556530048.png,0,1,1,1,0,1
haan_ghil_muulnaat_1780556530932.png,0,1,1,1,0,1
haan_ghil_muulnaat_1780556531740.png,0,0,0,1,0,0
haan_ghil_muulnaat_1780556532512.png,0,0,0,1,0,0
haan_ghil_muulnaat_1780556533353.png,0,1,1,1,0,0
haan_ghil_muulnaat_1780556534146.png,0,1,1,1,0,0
haan_ghil_muulnaat_1780556534895.png,1,1,1,1,1,1
haan_ghil_muulnaat_1780556535677.png,0,1,1,1,1,1
haan_ghil_muulnaat_1780556536504.png,0,1,1,1,1,1
haan_ghil_muulnaat_1780556537302.png,0,1,1,1,1,1
haan_ghil_muulnaat_1780556538144.png,0,1,1,1,1,1
haan_ghil_muulnaat_1780556538971.png,0,1,1,1,0,1
haan_ghil_muulnaat_1780556539786.png,0,1,1,1,0,0
haan_ghil_muulnaat_1780556540581.png,0,1,1,1,1,1
haan_ghil_muulnaat_1780556541413.png,1,1,1,1,0,0
haan_ghil_muulnaat_1780556542291.png,0,1,0,1,0,0
haan_ghil_muulnaat_1780556543164.png,1,1,1,1,1,1
haan_ghil_muulnaat_1780556544067.png,0,1,1,1,0,1
haan_ghil_muulnaat_1780556544896.png,0,1,1,0,0,1
haan_ghil_muulnaat_1780556545665.png,0,1,1,1,1,1
haan_ghil_muulnaat_1780556546501.png,0,1,1,1,0,0
haan_ghil_muulnaat_1780556547294.png,0,1,1,1,0,1
haan_ghil_muulnaat_1780556548114.png,1,0,1,0,0,0
haan_ghil_muulnaat_1780556548940.png,0,1,0,1,0,0
haan_ghil_muulnaat_1780556549698.png,1,0,0,0,0,0
haan_ghil_muulnaat_1780556556414.png,0,1,1,1,1,0
haan_ghil_muulnaat_1780556557455.png,0,1,1,1,0,1
haan_ghil_muulnaat_1780556559620.png,1,1,1,1,0,1
haan_ghil_muulnaat_1780556560465.png,0,0,0,1,0,0
haan_ghil_muulnaat_1780556561341.png,0,1,1,1,0,0
haan_ghil_muulnaat_1780556562192.png,0,1,1,1,0,0
haan_ghil_muulnaat_1780556563056.png,0,0,0,0,0,0
haan_ghil_muulnaat_1780556563933.png,0,0,0,1,0,0
haan_ghil_muulnaat_1780556564788.png,0,1,1,1,0,0
haan_ghil_muulnaat_1780556565680.png,0,1,1,1,0,1
haan_ghil_muulnaat_1780556566547.png,0,1,0,1,0,0
haan_ghil_muulnaat_1780556567403.png,0,1,1,1,1,1
haan_ghil_muulnaat_1780556568346.png,0,1,0,0,0,1
haan_ghil_muulnaat_1780556569215.png,0,1,1,1,0,1
haan_ghil_muulnaat_1780556570075.png,1,1,1,1,0,1
haan_ghil_muulnaat_1780556570890.png,0,0,0,1,0,0
haan_ghil_muulnaat_1780556571762.png,0,1,1,1,0,1
haan_ghil_muulnaat_1780556572627.png,0,0,1,1,0,1
haan_ghil_muulnaat_1780556573519.png,0,1,1,1,0,1
haan_ghil_muulnaat_1780556574400.png,1,0,1,1,0,1
haan_ghil_muulnaat_1780556575281.png,0,1,0,1,0,0
haan_ghil_muulnaat_1780556576159.png,0,1,0,0,0,0
haan_ghil_muulnaat_1780556577059.png,0,0,0,1,0,0
haan_ghil_muulnaat_1780556577917.png,0,1,0,0,0,0
haan_ghil_muulnaat_1780556578791.png,0,1,0,1,0,0
haan_ghil_muulnaat_1780556579653.png,0,1,1,0,0,1
haan_ghil_muulnaat_1780556580590.png,1,1,1,1,0,1
haan_ghil_muulnaat_1780556581500.png,1,1,1,1,1,1
haan_ghil_muulnaat_1780556582423.png,1,1,0,1,0,0
haan_ghil_muulnaat_1780556583057.png,0,0,0,0,0,0
haan_ghil_muulnaat_1780556584000.png,1,1,1,1,0,0
haan_ghil_muulnaat_1780556584973.png,1,1,1,1,0,0
haan_ghil_muulnaat_1780556585877.png,1,0,1,0,0,1
haan_ghil_muulnaat_1780556586592.png,0,0,0,0,0,0
haan_ghil_muulnaat_1780556587540.png,1,1,1,1,1,0
haan_ghil_muulnaat_1780556588499.png,0,0,1,1,0,0
haan_ghil_muulnaat_1780556589441.png,1,1,1,1,1,1
haan_ghil_muulnaat_1780556590376.png,0,1,1,1,0,1
haan_ghil_muulnaat_1780556591279.png,0,1,0,1,0,0
haan_ghil_muulnaat_1780556592196.png,0,0,0,1,0,0
haan_ghil_muulnaat_1780556595557.png,1,1,1,1,0,0
haan_ghil_muulnaat_1780556596552.png,1,1,1,1,1,0
haan_ghil_muulnaat_1780556597494.png,0,1,1,1,0,0
haan_ghil_muulnaat_1780556598455.png,0,1,1,1,1,0
haan_ghil_muulnaat_1780556599420.png,0,1,1,1,0,1
haan_ghil_muulnaat_1780556600368.png,0,1,0,0,0,1
haan_ghil_muulnaat_1780556601328.png,0,1,1,1,0,1
haan_ghil_muulnaat_1780556602316.png,0,1,1,1,0,1
haan_ghil_muulnaat_1780556603324.png,0,1,1,1,0,1
haan_ghil_muulnaat_1780556607837.png,0,1,1,1,1,0
haan_ghil_muulnaat_1780556608856.png,0,1,1,1,0,1
haan_ghil_muulnaat_1780556609857.png,0,1,1,1,0,0
haan_ghil_muulnaat_1780556610807.png,0,1,1,1,0,1
haan_ghil_muulnaat_1780556611848.png,0,1,1,1,1,1
haan_ghil_muulnaat_1780556612839.png,0,1,1,1,0,1
haan_ghil_muulnaat_1780556613854.png,0,0,0,1,0,0
haan_ghil_muulnaat_1780556614869.png,0,1,1,1,0,0
haan_ghil_muulnaat_1780556615880.png,0,1,1,1,1,1
haan_ghil_muulnaat_1780556616854.png,1,1,1,1,0,1
haan_ghil_muulnaat_1780556617851.png,1,1,1,1,1,0
haan_ghil_muulnaat_1780556618840.png,1,0,1,0,0,1
haan_ghil_muulnaat_1780556619805.png,0,1,1,1,0,1
haan_ghil_muulnaat_1780556620749.png,1,1,1,1,1,0
haan_ghil_muulnaat_1780556621748.png,0,1,1,1,0,1
haan_ghil_muulnaat_1780556622794.png,1,1,1,1,1,1
haan_ghil_muulnaat_1780556623859.png,1,1,1,1,0,1
haan_ghil_muulnaat_1780556624867.png,1,1,1,1,1,1
haan_ghil_muulnaat_1780556625902.png,0,1,1,1,0,1
haan_ghil_muulnaat_1780556626893.png,1,1,1,1,1,1
haan_ghil_muulnaat_1780556627932.png,0,0,0,1,0,0
haan_ghil_muulnaat_1780556628947.png,0,1,1,0,0,0
haan_ghil_muulnaat_1780556629957.png,0,1,0,1,0,0
haan_ghil_muulnaat_1780556630957.png,0,1,1,1,0,1
haan_ghil_muulnaat_1780556631971.png,1,1,1,1,1,1
haan_ghil_muulnaat_1780556632934.png,0,1,1,1,0,0
haan_ghil_muulnaat_1780556633945.png,0,1,1,1,0,1
haan_ghil_muulnaat_1780556634946.png,0,1,1,1,1,1
haan_ghil_muulnaat_1780556635729.png,0,0,0,0,0,0
haan_ghil_muulnaat_1780556636736.png,0,0,1,1,0,1
haan_ghil_muulnaat_1780556637738.png,1,1,1,1,1,0
haan_ghil_muulnaat_1780556638691.png,0,1,0,1,0,0
haan_ghil_muulnaat_1780556639724.png,0,1,1,1,0,1
haan_ghil_muulnaat_1780556640714.png,0,1,1,1,0,0
haan_ghil_muulnaat_1780556641637.png,0,1,1,1,1,1
haan_ghil_muulnaat_1780556642631.png,1,1,1,1,1,1
haan_ghil_muulnaat_1780556643605.png,1,1,1,1,0,1
haan_ghil_muulnaat_1780556644548.png,0,1,1,1,0,1
haan_ghil_muulnaat_1780556645546.png,0,1,1,1,1,0
haan_ghil_muulnaat_1780556646555.png,0,1,1,0,1,1
haan_ghil_muulnaat_1780556647544.png,0,1,1,1,1,1
haan_ghil_muulnaat_1780556648510.png,0,1,1,1,1,1
haan_ghil_muulnaat_1780556649413.png,0,1,1,1,0,1
haan_ghil_muulnaat_1780556650357.png,0,1,1,1,0,0
haan_ghil_muulnaat_1780556651281.png,0,1,1,1,1,1
haan_ghil_muulnaat_1780556652204.png,0,1,1,1,0,1
haan_ghil_muulnaat_1780556653129.png,0,1,1,1,0,1
haan_ghil_muulnaat_1780556654152.png,0,1,1,1,1,1
haan_ghil_muulnaat_1780556655400.png,0,1,1,1,1,0
haan_ghil_muulnaat_1780556656394.png,0,1,0,1,0,0
haan_ghil_muulnaat_1780556657385.png,0,1,1,1,0,0
haan_ghil_muulnaat_1780556658356.png,0,1,0,0,0,0
haan_ghil_muulnaat_1780556659345.png,1,1,1,1,0,1
haan_ghil_muulnaat_1780556660120.png,0,0,0,0,0,0
haan_ghil_muulnaat_1780556661105.png,1,1,1,1,0,0
haan_ghil_muulnaat_1780556662048.png,1,0,1,1,0,0
haan_ghil_muulnaat_1780556662967.png,0,1,1,1,0,1
haan_ghil_muulnaat_1780556663944.png,1,1,1,1,1,1
haan_ghil_muulnaat_1780556664902.png,1,1,1,1,1,1
haan_ghil_muulnaat_1780556665835.png,1,0,1,1,0,0
haan_ghil_muulnaat_1780556666752.png,0,1,1,1,0,1
haan_ghil_muulnaat_1780556667763.png,0,1,1,1,0,1
haan_ghil_muulnaat_1780556668858.png,0,1,1,1,0,1
haan_ghil_muulnaat_1780556669635.png,0,0,0,0,0,0
haan_ghil_muulnaat_1780556670659.png,0,0,0,0,0,1
haan_ghil_muulnaat_1780556671760.png,0,1,1,0,0,1
haan_ghil_muulnaat_1780556672716.png,0,1,1,1,0,1
haan_ghil_muulnaat_1780556673729.png,0,1,1,1,0,1
haan_ghil_muulnaat_1780556674740.png,0,1,1,1,1,1
haan_ghil_muulnaat_1780556675714.png,0,1,1,1,1,1
haan_ghil_muulnaat_1780556676664.png,0,1,0,0,0,1
haan_ghil_muulnaat_1780556677613.png,1,1,1,1,1,1
haan_ghil_muulnaat_1780556678654.png,0,1,1,1,1,1
haan_ghil_muulnaat_1780556679880.png,0,1,1,1,0,1
haan_ghil_muulnaat_1780556680879.png,0,1,1,1,0,1
haan_ghil_muulnaat_1780556681880.png,0,1,1,1,0,1
haan_ghil_muulnaat_1780556682915.png,0,1,1,1,0,0
haan_ghil_muulnaat_1780556683972.png,0,1,1,1,1,1
haan_ghil_muulnaat_1780556684990.png,0,1,1,1,1,1
haan_ghil_muulnaat_1780556686053.png,0,1,1,0,0,1
haan_ghil_muulnaat_1780556687124.png,0,1,1,1,0,1
haan_ghil_muulnaat_1780556688156.png,0,1,1,1,1,1
haan_ghil_muulnaat_1780556689161.png,0,1,1,1,1,1
haan_ghil_muulnaat_1780556689929.png,0,0,0,0,0,0
haan_ghil_muulnaat_1780556690913.png,0,1,0,1,0,1
haan_ghil_muulnaat_1780556691935.png,0,1,1,1,0,0
haan_ghil_muulnaat_1780556692973.png,0,1,1,1,0,1
haan_ghil_muulnaat_1780556693987.png,1,0,1,1,1,0
haan_ghil_muulnaat_1780556694788.png,0,0,0,0,0,0
haan_ghil_muulnaat_1780556695802.png,0,1,1,1,0,0
haan_ghil_muulnaat_1780556697062.png,0,1,1,1,0,1
haan_ghil_muulnaat_1780556697999.png,0,0,1,1,0,1
haan_ghil_muulnaat_1780556699009.png,0,1,1,1,0,1
haan_ghil_muulnaat_1780556699977.png,0,1,1,1,0,0
haan_ghil_muulnaat_1780556700954.png,0,1,1,1,0,0
haan_ghil_muulnaat_1780556702024.png,0,1,1,1,0,0
haan_ghil_muulnaat_1780556702969.png,0,1,1,1,0,0
haan_ghil_muulnaat_1780556703958.png,0,1,1,0,1,1
haan_ghil_muulnaat_1780556704959.png,1,1,1,1,0,1
haan_ghil_muulnaat_1780556705985.png,1,1,1,1,1,1
haan_ghil_muulnaat_1780556707042.png,1,1,1,1,0,0
haan_ghil_muulnaat_1780556708088.png,0,1,1,1,0,0
haan_ghil_muulnaat_1780556709095.png,0,1,1,1,1,1
haan_ghil_muulnaat_1780556710075.png,0,1,1,1,1,1
haan_ghil_muulnaat_1780556711125.png,0,1,1,1,1,0
haan_ghil_muulnaat_1780556712125.png,0,1,1,1,0,1
haan_ghil_muulnaat_1780556713107.png,0,1,1,1,0,0
haan_ghil_muulnaat_1780556714077.png,0,1,1,1,0,0
haan_ghil_muulnaat_1780556715109.png,0,1,1,1,0,0
haan_ghil_muulnaat_1780556716121.png,0,1,1,1,0,0
haan_ghil_muulnaat_1780556717110.png,0,1,1,1,1,1
haan_ghil_muulnaat_1780556718060.png,1,1,1,1,0,1
haan_ghil_muulnaat_1780556719100.png,0,1,0,1,0,0
haan_ghil_muulnaat_1780556720113.png,0,0,1,1,0,1
haan_ghil_muulnaat_1780556721133.png,0,1,1,1,0,0
haan_ghil_muulnaat_1780556722120.png,0,1,1,1,0,1
haan_ghil_muulnaat_1780556723117.png,1,1,1,1,1,1
haan_ghil_muulnaat_1780556724148.png,0,1,0,1,0,1
haan_ghil_muulnaat_1780556725155.png,0,1,1,1,0,0
haan_ghil_muulnaat_1780556726079.png,0,1,1,1,0,1
haan_ghil_muulnaat_1780556727083.png,0,1,1,1,1,1
haan_ghil_muulnaat_1780556728413.png,0,1,1,1,1,1
haan_ghil_muulnaat_1780556729422.png,0,1,1,1,0,1
haan_ghil_muulnaat_1780556730387.png,0,1,1,1,1,0
haan_ghil_muulnaat_1780556731427.png,0,1,0,1,1,1
haan_ghil_muulnaat_1780556732361.png,0,1,1,1,0,1
haan_ghil_muulnaat_1780556733375.png,0,1,1,1,1,1
haan_ghil_muulnaat_1780556734368.png,0,1,0,1,0,0
haan_ghil_muulnaat_1780556735400.png,1,1,1,1,1,1
haan_ghil_muulnaat_1780556736454.png,1,1,1,1,1,1
haan_ghil_muulnaat_1780556737436.png,0,1,1,1,0,0
haan_ghil_muulnaat_1780556738424.png,0,1,1,1,0,1
haan_ghil_muulnaat_1780556739405.png,0,1,1,1,1,0
haan_ghil_muulnaat_1780556740445.png,0,1,0,1,0,0
haan_ghil_muulnaat_1780556741475.png,0,1,0,1,0,0
haan_ghil_muulnaat_1780556742455.png,0,1,0,1,0,0
haan_ghil_muulnaat_1780556743479.png,1,1,1,1,0,1
haan_ghil_muulnaat_1780556744480.png,1,1,1,1,0,1
haan_ghil_muulnaat_1780556745443.png,1,1,1,1,0,1
haan_ghil_muulnaat_1780556746474.png,0,1,1,1,0,1
haan_ghil_muulnaat_1780556747463.png,0,1,1,1,1,1
haan_ghil_muulnaat_1780556748487.png,0,1,1,1,0,0
haan_ghil_muulnaat_1780556749520.png,0,1,0,1,0,0
haan_ghil_muulnaat_1780556750532.png,0,1,1,1,0,1
haan_ghil_muulnaat_1780556751565.png,0,1,0,1,0,0
haan_ghil_muulnaat_1780556752624.png,0,1,0,1,0,1
haan_ghil_muulnaat_1780556753659.png,1,1,1,1,1,1
haan_ghil_muulnaat_1780556754674.png,0,0,1,1,0,1
haan_ghil_muulnaat_1780556755705.png,0,1,1,1,1,0
haan_ghil_muulnaat_1780556756777.png,0,1,1,1,0,0
haan_ghil_muulnaat_1780556757740.png,1,1,1,1,0,1
haan_ghil_muulnaat_1780556758741.png,1,0,1,1,0,0
haan_ghil_muulnaat_1780556759810.png,0,1,1,1,1,1
haan_ghil_muulnaat_1780556760813.png,0,1,1,1,0,0
haan_ghil_muulnaat_1780556761804.png,1,1,1,1,1,0
haan_ghil_muulnaat_1780556762841.png,0,1,1,1,1,0
haan_ghil_muulnaat_1780556763823.png,1,1,1,1,1,1
haan_ghil_muulnaat_1780556764820.png,0,1,1,1,0,0
haan_ghil_muulnaat_1780556765808.png,0,1,1,1,1,1
haan_ghil_muulnaat_1780556766781.png,0,1,1,1,1,1
haan_ghil_muulnaat_1780556767817.png,0,1,1,1,0,1
haan_ghil_muulnaat_1780556768824.png,1,1,1,1,1,0
haan_ghil_muulnaat_1780556769805.png,1,1,1,1,1,0
haan_ghil_muulnaat_1780556770749.png,0,1,1,1,1,1
haan_ghil_muulnaat_1780556771760.png,1,1,1,1,0,1
haan_ghil_muulnaat_1780556772764.png,0,1,1,1,1,1
haan_ghil_muulnaat_1780556773758.png,0,1,1,1,0,0
haan_ghil_muulnaat_1780556774790.png,0,1,1,1,0,1
haan_ghil_muulnaat_1780556775810.png,0,1,1,0,1,1
haan_ghil_muulnaat_1780556776764.png,0,1,1,1,0,0
haan_ghil_muulnaat_1780556777803.png,1,1,1,1,1,1
haan_ghil_muulnaat_1780556778858.png,0,1,1,1,0,0
haan_ghil_muulnaat_1780556779877.png,0,0,1,1,1,1
haan_ghil_muulnaat_1780556780884.png,0,0,1,1,0,1
haan_ghil_muulnaat_1780556781864.png,0,1,0,1,0,0
haan_ghil_muulnaat_1780556782854.png,0,1,1,1,0,1
haan_ghil_muulnaat_1780556783845.png,0,1,1,1,0,0
haan_ghil_muulnaat_1780556784895.png,0,1,1,1,0,0
haan_ghil_muulnaat_1780556785860.png,0,1,1,1,0,0
haan_ghil_muulnaat_1780556786848.png,0,1,1,1,0,1
haan_ghil_muulnaat_1780556787840.png,0,1,1,1,0,0
haan_ghil_muulnaat_1780556788793.png,0,1,1,1,0,1
haan_ghil_muulnaat_1780556789794.png,1,1,1,1,1,1
haan_ghil_muulnaat_1780556790839.png,0,0,0,0,0,0
haan_ghil_muulnaat_1780556791809.png,0,1,1,1,0,0
haan_ghil_muulnaat_1780556792812.png,0,0,0,1,0,0
haan_ghil_muulnaat_1780556793820.png,0,0,1,1,0,0
haan_ghil_muulnaat_1780556794812.png,0,1,1,1,0,0
haan_ghil_muulnaat_1780556795856.png,0,1,1,1,0,0
haan_ghil_muulnaat_1780556796905.png,0,1,1,1,1,1
haan_ghil_muulnaat_1780556797884.png,0,1,1,1,0,1
haan_ghil_muulnaat_1780556798896.png,1,1,1,1,1,0
haan_ghil_muulnaat_1780556799883.png,1,1,1,1,1,1
haan_ghil_muulnaat_1780556800781.png,0,1,0,1,0,0
haan_ghil_muulnaat_1780556801723.png,0,1,1,1,1,1
haan_ghil_muulnaat_1780556802674.png,1,0,1,0,0,1
haan_ghil_muulnaat_1780556803599.png,0,1,0,1,0,0
haan_ghil_muulnaat_1780556804537.png,0,1,1,1,0,0
haan_ghil_muulnaat_1780556805497.png,0,1,1,1,0,1
haan_ghil_muulnaat_1780556806432.png,0,1,1,1,0,1
haan_ghil_muulnaat_1780556807387.png,0,0,0,0,0,0
haan_ghil_muulnaat_1780556808391.png,0,0,1,1,0,0
haan_ghil_muulnaat_1780556809404.png,1,1,1,1,1,1
haan_ghil_muulnaat_1780556810395.png,0,1,1,1,1,1
haan_ghil_muulnaat_1780556811401.png,0,1,1,1,0,0
haan_ghil_muulnaat_1780556812404.png,0,1,1,1,0,0
haan_ghil_muulnaat_1780556813433.png,0,1,1,1,1,0
haan_ghil_muulnaat_1780556814349.png,0,1,1,1,0,1
haan_ghil_muulnaat_1780556815616.png,1,1,1,1,0,1
haan_ghil_muulnaat_1780556816572.png,0,1,1,1,1,0
haan_ghil_muulnaat_1780556817565.png,1,1,1,1,1,1
haan_ghil_muulnaat_1780556818475.png,0,1,1,1,1,1
haan_ghil_muulnaat_1780556819474.png,0,1,1,1,0,1
haan_ghil_muulnaat_1780556820486.png,0,0,1,0,0,1
haan_ghil_muulnaat_1780556821502.png,0,1,1,1,0,1
haan_ghil_muulnaat_1780556822517.png,1,1,1,1,1,1
haan_ghil_muulnaat_1780556823481.png,0,1,1,1,1,1
haan_ghil_muulnaat_1780556824476.png,0,0,0,0,0,0
haan_ghil_muulnaat_1780556825514.png,0,1,1,1,0,1
haan_ghil_muulnaat_1780556826526.png,1,1,0,1,0,0
haan_ghil_muulnaat_1780556827593.png,1,1,1,1,0,1
haan_ghil_muulnaat_1780556828627.png,0,0,0,1,0,0
haan_ghil_muulnaat_1780556829676.png,1,1,1,1,1,1
haan_ghil_muulnaat_1780556830689.png,0,1,1,1,0,1
haan_ghil_muulnaat_1780556831735.png,0,1,1,1,1,1
haan_ghil_muulnaat_1780556832731.png,0,1,1,1,1,1
haan_ghil_muulnaat_1780556833686.png,0,1,1,1,1,1
haan_ghil_muulnaat_1780556834659.png,0,1,0,1,0,0
haan_ghil_muulnaat_1780556835631.png,0,1,1,1,0,1
haan_ghil_muulnaat_1780556836643.png,0,1,1,1,1,1
haan_ghil_muulnaat_1780556837658.png,1,1,1,1,1,1
haan_ghil_muulnaat_1780556838639.png,1,1,1,1,0,0
haan_ghil_muulnaat_1780556839693.png,1,1,1,1,0,1
haan_ghil_muulnaat_1780556840728.png,0,1,1,1,0,1
haan_ghil_muulnaat_1780556841681.png,1,1,1,1,0,0
haan_ghil_muulnaat_1780556842639.png,1,0,1,0,0,1
haan_ghil_muulnaat_1780556843655.png,0,1,1,1,1,1
haan_ghil_muulnaat_1780556844655.png,0,1,0,1,0,0
haan_ghil_muulnaat_1780556845632.png,0,1,1,1,0,0
haan_ghil_muulnaat_1780556846659.png,0,1,1,1,0,0
haan_ghil_muulnaat_1780556847716.png,0,1,1,1,1,1
haan_ghil_muulnaat_1780556848738.png,0,1,1,1,0,1
haan_ghil_muulnaat_1780556849758.png,0,1,1,1,0,1
haan_ghil_muulnaat_1780556850869.png,0,1,0,1,0,0
haan_ghil_muulnaat_1780556851927.png,0,1,1,1,1,1
haan_ghil_muulnaat_1780556852996.png,0,1,1,1,0,1
haan_ghil_muulnaat_1780556854046.png,0,1,1,1,1,1
haan_ghil_muulnaat_1780556855044.png,0,1,1,1,0,1
haan_ghil_muulnaat_1780556856132.png,1,1,1,0,1,1
haan_ghil_muulnaat_1780556857165.png,0,0,1,1,0,1
haan_ghil_muulnaat_1780556858163.png,1,1,1,1,0,1
haan_ghil_muulnaat_1780556859183.png,1,1,1,1,1,1
haan_ghil_muulnaat_1780556860196.png,0,1,1,1,0,1
haan_ghil_muulnaat_1780556861197.png,0,1,1,1,0,1
haan_ghil_muulnaat_1780556862224.png,0,1,1,1,0,1
haan_ghil_muulnaat_1780556863221.png,0,1,1,1,0,1
haan_ghil_muulnaat_1780556864226.png,0,1,0,1,0,1
haan_ghil_muulnaat_1780556865245.png,0,1,1,1,1,0
haan_ghil_muulnaat_1780559476855.png,1,1,1,1,1,1
haan_ghil_muulnaat_1780559477555.png,0,1,1,1,1,1
haan_ghil_muulnaat_1780559478184.png,0,0,0,1,0,0
haan_ghil_muulnaat_1780559478839.png,1,1,1,1,0,1
haan_ghil_muulnaat_1780559479321.png,0,1,1,0,0,0
haan_ghil_muulnaat_1780559479775.png,1,1,1,1,0,0
haan_ghil_muulnaat_1780559481061.png,0,1,1,1,0,0
haan_ghil_muulnaat_1780559482017.png,0,1,1,1,0,0
haan_ghil_muulnaat_1780559482616.png,0,1,1,0,0,1
haan_ghil_muulnaat_1780559483247.png,0,1,1,1,0,1
haan_ghil_muulnaat_1780559483742.png,0,1,1,1,0,0
haan_ghil_muulnaat_1780559484380.png,0,1,1,1,0,0
haan_ghil_muulnaat_1780559484864.png,1,1,1,1,0,1
haan_ghil_muulnaat_1780559485334.png,0,1,1,1,0,1
haan_ghil_muulnaat_1780559485832.png,0,1,1,1,0,0
haan_ghil_muulnaat_1780559486513.png,0,1,1,1,0,0
haan_ghil_muulnaat_1780559487150.png,0,1,1,1,0,0
haan_ghil_muulnaat_1780559487767.png,0,1,1,1,0,0
haan_ghil_muulnaat_1780559488286.png,0,1,1,1,1,0
haan_ghil_muulnaat_1780559488760.png,0,1,1,1,0,1
haan_ghil_muulnaat_1780559489436.png,0,1,1,1,0,0
haan_ghil_muulnaat_1780559490528.png,0,1,1,1,0,0
haan_ghil_muulnaat_1780559491116.png,0,1,1,1,0,1
haan_ghil_muulnaat_1780559491666.png,0,0,0,0,0,0
haan_ghil_muulnaat_1780559492115.png,0,1,1,1,0,0
haan_ghil_muulnaat_1780559492742.png,1,1,1,1,1,1
haan_ghil_muulnaat_1780559493221.png,0,1,1,1,1,1
haan_ghil_muulnaat_1780559493854.png,0,0,1,1,0,0
haan_ghil_muulnaat_1780559494346.png,0,1,1,0,0,1
haan_ghil_muulnaat_1780559494831.png,1,1,1,1,0,0
haan_ghil_muulnaat_1780559495312.png,0,1,1,1,1,1
haan_ghil_muulnaat_1780559495778.png,0,1,1,1,0,1
haan_ghil_muulnaat_1780559496232.png,0,0,1,1,0,1
haan_ghil_muulnaat_1780559496747.png,0,0,1,1,0,1
haan_ghil_muulnaat_1780559497221.png,0,1,1,1,0,0
haan_ghil_muulnaat_1780559497850.png,0,0,1,1,1,1
haan_ghil_muulnaat_1780559498470.png,0,1,1,1,0,0
haan_ghil_muulnaat_1780559499107.png,0,0,0,1,0,0
haan_ghil_muulnaat_1780559499712.png,0,1,0,1,0,0
haan_ghil_muulnaat_1780559500167.png,0,1,1,1,0,1
haan_ghil_muulnaat_1780559500637.png,1,1,1,1,1,1
haan_ghil_muulnaat_1780559501222.png,0,0,0,0,0,0
haan_ghil_muulnaat_1780559501847.png,0,0,0,1,0,0
haan_ghil_muulnaat_1780559502303.png,0,1,1,1,1,0
haan_ghil_muulnaat_1780559502941.png,0,1,1,1,0,1
haan_ghil_muulnaat_1780559503405.png,1,0,1,1,1,0
haan_ghil_muulnaat_1780559504089.png,1,1,1,1,0,0
haan_ghil_muulnaat_1780559504582.png,0,1,1,1,0,1
haan_ghil_muulnaat_1780559505112.png,0,1,0,1,0,0
haan_ghil_muulnaat_1780559505586.png,0,1,1,1,0,1
haan_ghil_muulnaat_1780559506055.png,0,1,1,1,0,0
haan_ghil_muulnaat_1780559506627.png,0,1,1,1,1,1
haan_ghil_muulnaat_1780559507086.png,0,1,1,1,0,0
haan_ghil_muulnaat_1780559507563.png,0,1,1,1,0,1
haan_ghil_muulnaat_1780559508010.png,0,1,1,1,0,0
haan_ghil_muulnaat_1780559508517.png,0,0,1,1,0,0
haan_ghil_muulnaat_1780559508991.png,1,1,1,1,0,1
haan_ghil_muulnaat_1780559509625.png,0,0,1,0,0,0
haan_ghil_muulnaat_1780559510245.png,0,1,1,1,0,1
haan_ghil_muulnaat_1780559510787.png,0,1,0,1,0,0
haan_ghil_muulnaat_1780559511248.png,0,1,1,1,0,1
haan_ghil_muulnaat_1780559511856.png,0,0,0,1,0,0
haan_ghil_muulnaat_1780559512350.png,0,1,1,1,0,0
haan_ghil_muulnaat_1780559512973.png,0,1,1,1,0,1
haan_ghil_muulnaat_1780559513592.png,0,1,1,1,1,1
haan_ghil_muulnaat_1780559514061.png,0,1,1,1,0,1
haan_ghil_muulnaat_1780559514516.png,0,0,1,0,0,0
haan_ghil_muulnaat_1780559514960.png,1,1,0,0,1,1
haan_ghil_muulnaat_1780559515649.png,1,1,1,1,1,1
haan_ghil_muulnaat_1780559516647.png,0,1,1,1,0,0
haan_ghil_muulnaat_1780559517247.png,0,1,1,1,1,1
haan_ghil_muulnaat_1780559518317.png,0,1,1,1,0,1
haan_ghil_muulnaat_1780559518820.png,0,1,1,1,1,1
haan_ghil_muulnaat_1780559519422.png,0,1,1,1,1,1
haan_ghil_muulnaat_1780559519884.png,0,1,1,1,0,1
haan_ghil_muulnaat_1780559520499.png,0,0,0,1,0,0
haan_ghil_muulnaat_1780559521193.png,0,1,1,1,0,1
haan_ghil_muulnaat_1780559521782.png,0,1,1,0,0,1
haan_ghil_muulnaat_1780559522428.png,1,1,1,1,1,1
haan_ghil_muulnaat_1780559523060.png,0,1,0,1,0,0
haan_ghil_muulnaat_1780559523574.png,0,1,1,1,0,1
haan_ghil_muulnaat_1780559524056.png,0,1,1,1,0,1
haan_ghil_muulnaat_1780559524543.png,0,1,1,1,0,1
haan_ghil_muulnaat_1780559524980.png,0,1,1,1,0,1
haan_ghil_muulnaat_1780559525605.png,0,1,1,1,0,1
haan_ghil_muulnaat_1780559526257.png,0,1,1,1,0,0
haan_ghil_muulnaat_1780559526725.png,1,1,1,1,0,1
haan_ghil_muulnaat_1780559527396.png,0,0,1,0,0,0
haan_ghil_muulnaat_1780559527828.png,1,1,1,1,0,1
haan_ghil_muulnaat_1780559528306.png,0,1,1,1,1,0
haan_ghil_muulnaat_1780559528913.png,0,1,1,1,1,1
haan_ghil_muulnaat_1780559529544.png,0,1,1,1,1,1
haan_ghil_muulnaat_1780559530182.png,0,0,0,0,0,0
haan_ghil_muulnaat_1780559530831.png,1,1,1,1,1,1
haan_ghil_muulnaat_1780559531457.png,0,1,0,1,0,0
haan_ghil_muulnaat_1780559531929.png,0,0,0,0,0,1
haan_ghil_muulnaat_1780559532401.png,0,1,1,1,0,1
haan_ghil_muulnaat_1780559533005.png,1,1,1,1,1,0
haan_ghil_muulnaat_1780559533645.png,0,1,1,1,1,1
haan_ghil_muulnaat_1780559534144.png,0,1,1,1,0,0
haan_ghil_muulnaat_1780559534609.png,0,1,1,1,0,0
haan_ghil_muulnaat_1780559535246.png,0,1,1,1,0,1
haan_ghil_muulnaat_1780559535779.png,1,1,1,1,0,0
haan_ghil_muulnaat_1780559536415.png,0,1,0,1,0,1
haan_ghil_muulnaat_1780559536940.png,0,1,1,1,0,1
haan_ghil_muulnaat_1780559537501.png,1,1,1,1,0,0
haan_ghil_muulnaat_1780559538032.png,0,1,1,1,1,1
haan_ghil_muulnaat_1780559538609.png,0,0,0,0,0,0
haan_ghil_muulnaat_1780559539211.png,0,1,0,1,0,1
haan_ghil_muulnaat_1780559539840.png,1,1,1,1,1,1
haan_ghil_muulnaat_1780559540450.png,1,1,0,0,0,0
haan_ghil_muulnaat_1780559541122.png,0,1,1,1,1,0
haan_ghil_muulnaat_1780559541744.png,0,0,0,0,0,0
haan_ghil_muulnaat_1780559542426.png,1,0,1,0,1,0
haan_ghil_muulnaat_1780559543083.png,1,1,1,1,0,0
haan_ghil_muulnaat_1780559543737.png,0,1,1,1,0,0
haan_ghil_muulnaat_1780559544357.png,0,1,0,1,0,1
haan_ghil_muulnaat_1780559544979.png,0,0,1,1,0,1
haan_ghil_muulnaat_1780559545476.png,0,1,1,1,0,0
haan_ghil_muulnaat_1780559546110.png,0,1,1,1,0,1
haan_ghil_muulnaat_1780559546750.png,0,0,0,1,0,0
haan_ghil_muulnaat_1780559547264.png,0,1,1,0,0,0
haan_ghil_muulnaat_1780559547878.png,0,1,1,1,0,1
haan_ghil_muulnaat_1780559549059.png,0,1,0,1,0,0
haan_ghil_muulnaat_1780559549719.png,0,1,1,1,1,1
haan_ghil_muulnaat_1780559550347.png,0,1,1,1,1,0
haan_ghil_muulnaat_1780559551022.png,0,0,1,1,1,1
haan_ghil_muulnaat_1780559551552.png,0,1,1,1,0,1
haan_ghil_muulnaat_1780559552220.png,0,0,0,1,0,1
haan_ghil_muulnaat_1780559552733.png,0,1,1,1,0,0
haan_ghil_muulnaat_1780559553186.png,0,0,0,0,0,0
haan_ghil_muulnaat_1780559554277.png,0,1,1,1,0,1
haan_ghil_muulnaat_1780559554789.png,0,1,1,1,0,0
haan_ghil_muulnaat_1780559555303.png,0,1,1,1,0,1
haan_ghil_muulnaat_1780559555760.png,0,1,1,1,0,1
haan_ghil_muulnaat_1780559556262.png,0,1,1,1,1,1
haan_ghil_muulnaat_1780559556773.png,0,1,1,1,0,1
haan_ghil_muulnaat_1780559557440.png,0,1,1,1,1,1
haan_ghil_muulnaat_1780559558066.png,0,1,0,1,0,0
haan_ghil_muulnaat_1780559558741.png,0,1,1,1,0,0
haan_ghil_muulnaat_1780559559219.png,0,1,1,1,1,1
haan_ghil_muulnaat_1780559559729.png,0,1,1,1,1,1
haan_ghil_muulnaat_1780559560208.png,1,1,1,1,0,1
haan_ghil_muulnaat_1780559560754.png,0,1,1,1,0,1
haan_ghil_muulnaat_1780559561252.png,0,1,1,1,0,1
haan_ghil_muulnaat_1780559561742.png,1,1,1,1,1,0
haan_ghil_muulnaat_1780559562275.png,1,1,1,1,1,1
haan_ghil_muulnaat_1780559562820.png,1,0,1,1,0,0
haan_ghil_muulnaat_1780559563293.png,1,1,1,1,0,0
haan_ghil_muulnaat_1780559563791.png,1,1,1,1,0,0
haan_ghil_muulnaat_1780559564425.png,0,1,0,1,0,0
haan_ghil_muulnaat_1780559565127.png,1,1,1,1,0,1
haan_ghil_muulnaat_1780559565822.png,0,0,0,0,0,0
haan_ghil_muulnaat_1780559566468.png,0,1,0,1,0,0
haan_ghil_muulnaat_1780559566943.png,0,1,1,1,0,1
haan_ghil_muulnaat_1780559567389.png,0,1,1,1,1,1
haan_ghil_muulnaat_1780559567902.png,0,1,1,1,1,1
haan_ghil_muulnaat_1780559568383.png,0,1,1,1,1,1
haan_ghil_muulnaat_1780559568871.png,0,1,1,1,0,1
haan_ghil_muulnaat_1780559569384.png,0,1,1,1,0,1
haan_ghil_muulnaat_1780559569847.png,1,1,1,1,0,1
haan_ghil_muulnaat_1780559570496.png,0,1,1,1,0,0
haan_ghil_muulnaat_1780559571172.png,0,1,1,1,0,0
haan_ghil_muulnaat_1780559571860.png,1,1,1,1,0,1
haan_ghil_muulnaat_1780559572556.png,0,1,1,1,0,0
haan_ghil_muulnaat_1780559573236.png,0,1,1,1,0,1
haan_ghil_muulnaat_1780559573763.png,0,1,1,1,1,1
haan_ghil_muulnaat_1780559574429.png,0,1,1,1,0,1
haan_ghil_muulnaat_1780559575106.png,0,1,1,1,0,1
haan_ghil_muulnaat_1780559575621.png,1,1,1,1,0,1
haan_ghil_muulnaat_1780559576119.png,0,1,1,1,1,1
haan_ghil_muulnaat_1780559576606.png,1,1,1,1,1,0
haan_ghil_muulnaat_1780559577273.png,0,1,1,1,0,1
haan_ghil_muulnaat_1780559577774.png,1,1,1,1,1,1
haan_ghil_muulnaat_1780559578388.png,0,1,1,1,0,1
haan_ghil_muulnaat_1780559578890.png,0,1,1,1,0,0
haan_ghil_muulnaat_1780559579400.png,0,1,1,1,0,1
haan_ghil_muulnaat_1780559579929.png,0,1,1,1,0,1
haan_ghil_muulnaat_1780559580463.png,0,1,1,1,1,1
haan_ghil_muulnaat_1780559580968.png,0,1,1,1,0,1
haan_ghil_muulnaat_1780559581657.png,0,1,0,1,0,0
haan_ghil_muulnaat_1780559582163.png,0,0,0,0,0,0
haan_ghil_muulnaat_1780559582841.png,0,1,0,1,0,0
haan_ghil_muulnaat_1780559583492.png,0,1,1,1,1,1
haan_ghil_muulnaat_1780559584165.png,1,1,1,1,1,0
haan_ghil_muulnaat_1780559584818.png,0,0,0,1,0,0
haan_ghil_muulnaat_1780559585480.png,0,1,0,1,1,1
haan_ghil_muulnaat_1780559586699.png,0,0,0,1,0,0
haan_ghil_muulnaat_1780559587210.png,0,1,1,1,1,0
haan_ghil_muulnaat_1780559587719.png,0,1,1,1,1,1
haan_ghil_muulnaat_1780559588353.png,0,1,1,1,1,0
haan_ghil_muulnaat_1780559589037.png,0,1,1,0,1,1
haan_ghil_muulnaat_1780559589569.png,1,0,1,1,1,0
haan_ghil_muulnaat_1780559590112.png,0,1,1,1,0,1
haan_ghil_muulnaat_1780559591385.png,0,0,0,1,0,1
haan_ghil_muulnaat_1780559591941.png,0,1,1,1,1,1
haan_ghil_muulnaat_1780559592500.png,0,1,1,1,1,1
haan_ghil_muulnaat_1780559593066.png,0,1,1,1,1,0
haan_ghil_muulnaat_1780559593795.png,0,0,1,0,0,0
haan_ghil_muulnaat_1780559594359.png,0,1,1,1,0,1
haan_ghil_muulnaat_1780559594913.png,0,1,1,1,0,1
haan_ghil_muulnaat_1780559595475.png,1,1,1,1,1,0
haan_ghil_muulnaat_1780559596215.png,0,1,1,1,0,1
haan_ghil_muulnaat_1780559596741.png,0,1,1,1,0,0
haan_ghil_muulnaat_1780559597420.png,0,1,0,1,0,0
haan_ghil_muulnaat_1780559597944.png,0,0,0,1,1,1
haan_ghil_muulnaat_1780559598471.png,0,1,1,1,0,1
haan_ghil_muulnaat_1780559599022.png,0,1,1,1,0,1
haan_ghil_muulnaat_1780559599741.png,0,1,1,1,1,1
haan_ghil_muulnaat_1780559600451.png,0,1,1,1,0,1
haan_ghil_muulnaat_1780559601193.png,0,1,1,1,0,0
haan_ghil_muulnaat_1780559601940.png,1,0,0,0,0,0
haan_ghil_muulnaat_1780559602655.png,0,1,0,1,0,1
haan_ghil_muulnaat_1780559603417.png,0,1,1,0,0,1
haan_ghil_muulnaat_1780559604040.png,0,1,0,1,0,1
haan_ghil_muulnaat_1780559604810.png,0,1,1,1,0,0
haan_ghil_muulnaat_1780559605416.png,0,1,1,1,1,1
haan_ghil_muulnaat_1780559605981.png,0,1,1,1,1,1
haan_ghil_muulnaat_1780559606591.png,0,1,1,1,0,0
haan_ghil_muulnaat_1780559607185.png,0,1,1,1,0,1
haan_ghil_muulnaat_1780559607771.png,0,1,1,1,1,0
haan_ghil_muulnaat_1780559608377.png,1,1,1,1,0,1
haan_ghil_muulnaat_1780559608955.png,1,1,1,1,1,1
haan_ghil_muulnaat_1780559609522.png,0,1,1,1,1,1
haan_ghil_muulnaat_1780559610248.png,0,1,1,1,0,0
haan_ghil_muulnaat_1780559610772.png,0,1,1,1,0,0
haan_ghil_muulnaat_1780559611365.png,0,1,1,1,0,0
haan_ghil_muulnaat_1780559612180.png,0,1,1,1,0,1
haan_ghil_muulnaat_1780559612781.png,0,1,1,1,0,1
haan_ghil_muulnaat_1780559613385.png,0,1,1,1,0,1
haan_ghil_muulnaat_1780559614571.png,1,1,1,1,0,1
haan_ghil_muulnaat_1780559615093.png,0,1,1,1,0,0
haan_ghil_muulnaat_1780559615711.png,0,0,1,1,0,1
haan_ghil_muulnaat_1780559616343.png,0,1,0,1,0,1
haan_ghil_muulnaat_1780559617092.png,0,1,1,1,0,0
haan_ghil_muulnaat_1780559617863.png,0,1,0,1,0,0
haan_ghil_muulnaat_1780559618498.png,0,0,0,0,0,0
haan_ghil_muulnaat_1780559619107.png,0,1,1,1,0,1
haan_ghil_muulnaat_1780559619906.png,0,1,1,1,0,1
haan_ghil_muulnaat_1780559620535.png,0,1,1,0,0,1
haan_ghil_muulnaat_1780559621184.png,1,1,1,1,1,0
haan_ghil_muulnaat_1780559621825.png,0,1,0,0,1,0
haan_ghil_muulnaat_1780559622624.png,0,0,0,0,0,0
haan_ghil_muulnaat_1780559623212.png,0,1,1,1,0,0
haan_ghil_muulnaat_1780559623856.png,0,0,0,0,0,0
haan_ghil_muulnaat_1780559624502.png,0,1,1,1,0,1
haan_ghil_muulnaat_1780559625080.png,0,1,1,1,0,0
haan_ghil_muulnaat_1780559625709.png,1,1,1,1,0,1
haan_ghil_muulnaat_1780559626322.png,0,1,1,1,0,0
haan_ghil_muulnaat_1780559626916.png,0,1,1,1,1,0
haan_ghil_muulnaat_1780559627490.png,0,1,1,1,1,1
haan_ghil_muulnaat_1780559628293.png,0,1,0,1,0,0
haan_ghil_muulnaat_1780559629088.png,0,1,1,1,0,1
haan_ghil_muulnaat_1780559629673.png,0,1,1,1,0,1
haan_ghil_muulnaat_1780559630278.png,0,1,1,1,0,1
haan_ghil_muulnaat_1780559631067.png,0,1,1,1,0,0
haan_ghil_muulnaat_1780559631777.png,0,1,1,1,0,0
haan_ghil_muulnaat_1780559632580.png,0,1,1,1,0,0
haan_ghil_muulnaat_1780559633169.png,0,1,1,0,0,0
haan_ghil_muulnaat_1780559633914.png,0,1,1,1,0,1
haan_ghil_muulnaat_1780559634631.png,0,1,1,1,0,1
haan_ghil_muulnaat_1780559635204.png,1,1,1,1,0,1
haan_ghil_muulnaat_1780559635983.png,1,1,1,0,0,1
haan_ghil_muulnaat_1780559636773.png,1,1,1,1,0,0
haan_ghil_muulnaat_1780559637507.png,0,1,1,1,0,0
haan_ghil_muulnaat_1780559638110.png,0,1,1,1,1,1
haan_ghil_muulnaat_1780559638849.png,0,1,1,1,0,1
haan_ghil_muulnaat_1780559639405.png,0,1,1,1,0,1
haan_ghil_muulnaat_1780559639999.png,1,1,1,1,1,1
haan_ghil_muulnaat_1780559640743.png,0,1,1,1,0,0
haan_ghil_muulnaat_1780559641485.png,0,1,1,1,0,0
haan_ghil_muulnaat_1780559642250.png,1,1,1,0,0,1
haan_ghil_muulnaat_1780559642865.png,0,1,0,1,0,0
haan_ghil_muulnaat_1780559643417.png,0,1,1,1,0,1
haan_ghil_muulnaat_1780559644141.png,0,1,1,1,1,1
haan_ghil_muulnaat_1780559644705.png,0,1,1,1,0,0
haan_ghil_muulnaat_1780559645295.png,0,1,1,1,0,1
haan_ghil_muulnaat_1780559646044.png,0,1,1,1,0,0
haan_ghil_muulnaat_1780559646610.png,0,1,1,1,0,1
haan_ghil_muulnaat_1780559647374.png,0,1,1,1,0,1
haan_ghil_muulnaat_1780559647955.png,0,1,1,1,0,0
haan_ghil_muulnaat_1780559648673.png,0,0,1,0,0,1
haan_ghil_muulnaat_1780559649245.png,0,1,1,1,0,0
haan_ghil_muulnaat_1780559649817.png,0,1,1,1,0,1
haan_ghil_muulnaat_1780559650371.png,0,1,1,1,0,1
haan_ghil_muulnaat_1780559650972.png,0,1,1,1,0,1
haan_ghil_muulnaat_1780559651589.png,0,1,1,1,0,1
haan_ghil_muulnaat_1780559652372.png,0,1,1,1,0,0
haan_ghil_muulnaat_1780559652962.png,0,1,1,1,1,0
haan_ghil_muulnaat_1780559653533.png,0,0,0,0,0,0
haan_ghil_muulnaat_1780559654340.png,0,1,1,1,0,0
haan_ghil_muulnaat_1780559655134.png,0,1,0,1,0,0
haan_ghil_muulnaat_1780559655920.png,0,1,1,1,0,1
haan_ghil_muulnaat_1780559656566.png,0,1,1,1,0,1
haan_ghil_muulnaat_1780559657144.png,0,1,1,1,0,1
haan_ghil_muulnaat_1780559657829.png,0,1,1,1,0,1
haan_ghil_muulnaat_1780559658443.png,1,1,1,1,1,0
haan_ghil_muulnaat_1780559659205.png,0,1,1,1,0,0
haan_ghil_muulnaat_1780559659811.png,0,1,1,1,1,1
haan_ghil_muulnaat_1780559660438.png,0,1,1,1,0,0
haan_ghil_muulnaat_1780559661011.png,0,1,1,1,0,0
haan_ghil_muulnaat_1780559661632.png,0,1,1,1,1,0
haan_ghil_muulnaat_1780559662246.png,1,1,1,1,0,1
haan_ghil_muulnaat_1780559662859.png,0,1,1,1,1,0
haan_ghil_muulnaat_1780559663648.png,1,1,1,1,0,1
haan_ghil_muulnaat_1780559664432.png,0,0,0,0,0,0
haan_ghil_muulnaat_1780559665227.png,1,1,1,1,0,0
haan_ghil_muulnaat_1780559666040.png,0,1,1,1,0,0
haan_ghil_muulnaat_1780559666645.png,1,1,1,1,1,1
haan_ghil_muulnaat_1780559667446.png,0,1,1,1,0,0
haan_ghil_muulnaat_1780559668216.png,1,1,1,1,0,1
haan_ghil_muulnaat_1780559668973.png,0,1,1,0,0,0
haan_ghil_muulnaat_1780559669597.png,0,1,1,1,0,1
haan_ghil_muulnaat_1780559670369.png,0,1,1,1,0,1
haan_ghil_muulnaat_1780559670955.png,0,1,1,1,1,1
haan_ghil_muulnaat_1780559671554.png,1,1,1,1,1,0
haan_ghil_muulnaat_1780559672129.png,0,1,1,1,0,1
haan_ghil_muulnaat_1780559672715.png,0,1,1,1,1,1
haan_ghil_muulnaat_1780559673508.png,0,0,1,1,0,1
haan_ghil_muulnaat_1780559674101.png,0,1,1,1,0,0
haan_ghil_muulnaat_1780559674886.png,1,1,1,0,1,1
haan_ghil_muulnaat_1780559675683.png,0,1,1,1,0,0
haan_ghil_muulnaat_1780559676227.png,0,1,1,1,0,0
haan_ghil_muulnaat_1780559676982.png,0,1,1,1,0,0
haan_ghil_muulnaat_1780559677548.png,0,1,1,1,1,1
haan_ghil_muulnaat_1780559678325.png,0,1,1,1,0,1
haan_ghil_muulnaat_1780559678941.png,0,1,1,1,1,0
haan_ghil_muulnaat_1780559683924.png,1,1,1,1,1,1
haan_ghil_muulnaat_1780559684473.png,1,1,1,1,1,0
haan_ghil_muulnaat_1780559685218.png,0,1,1,1,0,1
haan_ghil_muulnaat_1780559685810.png,0,0,1,0,1,1
haan_ghil_muulnaat_1780559686583.png,0,1,1,1,0,0
haan_ghil_muulnaat_1780559687238.png,0,1,1,1,0,0
haan_ghil_muulnaat_1780559687841.png,0,1,1,1,0,1
haan_ghil_muulnaat_1780559688582.png,0,1,1,1,0,0
haan_ghil_muulnaat_1780559689345.png,0,0,0,1,0,0
haan_ghil_muulnaat_1780559689945.png,1,1,1,1,1,0
haan_ghil_muulnaat_1780559690517.png,0,1,1,1,1,1
haan_ghil_muulnaat_1780559691119.png,1,1,1,1,0,1
haan_ghil_muulnaat_1780559691884.png,0,1,1,1,0,1
haan_ghil_muulnaat_1780559692497.png,0,0,1,1,0,1
haan_ghil_muulnaat_1780559693347.png,0,1,1,1,0,0
haan_ghil_muulnaat_1780559694149.png,1,1,1,1,0,0
haan_ghil_muulnaat_1780559694947.png,0,0,0,0,0,0
haan_ghil_muulnaat_1780559695733.png,0,1,1,1,0,0
haan_ghil_muulnaat_1780559696567.png,0,1,1,1,1,1
haan_ghil_muulnaat_1780559697331.png,0,0,0,1,0,0
haan_ghil_muulnaat_1780559697895.png,0,1,1,1,1,1
haan_ghil_muulnaat_1780559699183.png,0,0,1,1,0,0
haan_ghil_muulnaat_1780559699763.png,0,1,1,1,1,1
haan_ghil_muulnaat_1780559700416.png,0,1,1,1,0,1
haan_ghil_muulnaat_1780559701048.png,1,1,1,1,1,0
haan_ghil_muulnaat_1780559701682.png,0,0,1,0,0,0
haan_ghil_muulnaat_1780559702503.png,0,0,0,1,0,0
haan_ghil_muulnaat_1780559703139.png,1,1,1,1,1,0
haan_ghil_muulnaat_1780559703730.png,0,1,1,1,0,1
haan_ghil_muulnaat_1780559704337.png,0,0,1,1,0,1
haan_ghil_muulnaat_1780559705167.png,1,1,1,1,0,0
haan_ghil_muulnaat_1780559706030.png,0,1,1,1,0,1
haan_ghil_muulnaat_1780559706765.png,0,1,1,1,0,0
haan_ghil_muulnaat_1780559707555.png,1,1,1,1,0,0
haan_ghil_muulnaat_1780559708155.png,0,0,0,0,0,0
haan_ghil_muulnaat_1780559708924.png,0,1,0,1,0,0
haan_ghil_muulnaat_1780559709570.png,0,1,1,1,1,1
haan_ghil_muulnaat_1780559710204.png,0,1,1,1,0,1
haan_ghil_muulnaat_1780559710973.png,1,0,0,1,0,0
haan_ghil_muulnaat_1780559711569.png,0,1,1,1,1,1
haan_ghil_muulnaat_1780559712135.png,1,1,1,1,1,1
haan_ghil_muulnaat_1780559712914.png,1,1,1,1,0,0
haan_ghil_muulnaat_1780559713539.png,0,1,1,1,0,0
haan_ghil_muulnaat_1780559714347.png,0,1,1,1,0,0
haan_ghil_muulnaat_1780559714956.png,0,1,1,1,1,0
haan_ghil_muulnaat_1780559715737.png,0,1,1,1,0,0
haan_ghil_muulnaat_1780559716324.png,0,1,1,1,0,1
haan_ghil_muulnaat_1780559716908.png,0,1,1,0,0,1
haan_ghil_muulnaat_1780559717648.png,0,1,0,1,0,0
haan_ghil_muulnaat_1780559718411.png,0,1,1,1,0,0
haan_ghil_muulnaat_1780559719183.png,0,0,1,0,0,0
haan_ghil_muulnaat_1780559719954.png,0,1,1,1,0,0
haan_ghil_muulnaat_1780559720561.png,1,1,1,1,0,1
haan_ghil_muulnaat_1780559721177.png,1,1,1,1,0,1
haan_ghil_muulnaat_1780559722014.png,0,1,1,1,0,0
haan_ghil_muulnaat_1780559722603.png,0,1,1,1,0,0
haan_ghil_muulnaat_1780559723387.png,0,1,1,1,0,1
haan_ghil_muulnaat_1780559724003.png,1,1,1,1,1,1
haan_ghil_muulnaat_1780559724805.png,0,1,1,1,0,1
haan_ghil_muulnaat_1780559725598.png,1,1,1,1,1,1
haan_ghil_muulnaat_1780559726344.png,0,1,1,1,0,0
haan_ghil_muulnaat_1780559727065.png,1,1,1,1,0,0
haan_ghil_muulnaat_1780559727812.png,0,1,1,1,0,0
haan_ghil_muulnaat_1780559728372.png,0,1,1,1,0,1
haan_ghil_muulnaat_1780559729001.png,0,1,1,1,0,1
haan_ghil_muulnaat_1780559729809.png,0,1,1,1,0,0
haan_ghil_muulnaat_1780559730428.png,1,1,1,1,0,1
haan_ghil_muulnaat_1780559731051.png,1,1,1,1,1,1
haan_ghil_muulnaat_1780559731639.png,0,1,1,1,1,1
haan_ghil_muulnaat_1780559732410.png,1,1,1,1,0,1
haan_ghil_muulnaat_1780559733008.png,0,1,1,1,1,0
haan_ghil_muulnaat_1780559733768.png,0,0,0,0,0,0
haan_ghil_muulnaat_1780559734543.png,0,1,0,1,0,0
haan_ghil_muulnaat_1780559735370.png,0,1,1,1,0,1
haan_ghil_muulnaat_1780559735966.png,0,1,1,1,1,0
haan_ghil_muulnaat_1780559736596.png,0,1,1,1,1,1
haan_ghil_muulnaat_1780559737343.png,0,1,0,1,0,0
haan_ghil_muulnaat_1780559737946.png,0,0,0,1,0,1
haan_ghil_muulnaat_1780559738591.png,0,1,1,1,1,1
haan_ghil_muulnaat_1780559739328.png,0,1,1,1,0,0
haan_ghil_muulnaat_1780559740091.png,0,0,0,0,0,0
haan_ghil_muulnaat_1780559740896.png,0,1,1,1,0,0
haan_ghil_muulnaat_1780559741662.png,0,1,1,1,0,1
haan_ghil_muulnaat_1780559742442.png,0,1,1,1,0,0
haan_ghil_muulnaat_1780559743079.png,0,0,1,0,0,1
haan_ghil_muulnaat_1780559743720.png,0,1,1,1,0,0
haan_ghil_muulnaat_1780559744350.png,0,1,1,1,0,1
haan_ghil_muulnaat_1780559745009.png,0,1,1,1,0,1
haan_ghil_muulnaat_1780559745823.png,0,1,1,1,0,1
haan_ghil_muulnaat_1780559746672.png,0,0,0,1,0,0
haan_ghil_muulnaat_1780559747531.png,1,1,1,1,1,1
haan_ghil_muulnaat_1780559748163.png,1,1,1,1,1,1
haan_ghil_muulnaat_1780559749024.png,0,0,0,1,0,0
haan_ghil_muulnaat_1780559749907.png,0,1,0,1,0,0
haan_ghil_muulnaat_1780559750547.png,0,1,1,1,0,1
haan_ghil_muulnaat_1780559752744.png,0,1,1,1,0,0
haan_ghil_muulnaat_1780559753483.png,0,1,1,1,1,1
haan_ghil_muulnaat_1780559754088.png,1,1,1,1,1,1
haan_ghil_muulnaat_1780559754665.png,0,1,1,1,0,1
haan_ghil_muulnaat_1780559755292.png,0,1,1,1,0,1
haan_ghil_muulnaat_1780559756111.png,1,1,1,1,0,0
haan_ghil_muulnaat_1780559756713.png,0,0,1,1,0,0
haan_ghil_muulnaat_1780559757573.png,0,0,0,0,0,0
haan_ghil_muulnaat_1780559758377.png,0,1,1,1,1,1
haan_ghil_muulnaat_1780559759149.png,0,1,1,1,0,1
haan_ghil_muulnaat_1780559759991.png,1,1,1,1,1,1
haan_ghil_muulnaat_1780559760597.png,0,1,1,1,0,1
haan_ghil_muulnaat_1780559761210.png,1,1,1,1,0,1
haan_ghil_muulnaat_1780559761967.png,1,1,1,1,1,0
haan_ghil_muulnaat_1780559762544.png,0,1,1,1,1,1
haan_ghil_muulnaat_1780559763315.png,1,1,1,1,0,1
haan_ghil_muulnaat_1780559763899.png,0,1,1,1,1,1
haan_ghil_muulnaat_1780559764516.png,1,1,1,1,1,0
haan_ghil_muulnaat_1780559765106.png,0,1,1,1,0,1
haan_ghil_muulnaat_1780559765734.png,0,1,1,1,1,1
haan_ghil_muulnaat_1780559766339.png,0,1,1,1,1,1
haan_ghil_muulnaat_1780559767090.png,0,1,1,1,0,0
haan_ghil_muulnaat_1780559767677.png,0,0,1,0,0,0
haan_ghil_muulnaat_1780559768326.png,1,1,0,1,1,1
haan_ghil_muulnaat_1780559768934.png,0,1,1,1,0,1
haan_ghil_muulnaat_1780559769596.png,1,1,1,1,1,1
haan_ghil_muulnaat_1780559770383.png,1,1,1,1,1,1
haan_ghil_muulnaat_1780559771090.png,1,1,1,1,1,1
haan_ghil_muulnaat_1780559771725.png,1,1,1,1,1,1
haan_ghil_muulnaat_1780559772348.png,1,1,1,1,1,0
haan_ghil_muulnaat_1780559772969.png,0,1,1,1,1,1
haan_ghil_muulnaat_1780559773522.png,0,1,1,1,1,1
haan_ghil_muulnaat_1780559774295.png,0,1,1,1,0,0
haan_ghil_muulnaat_1780559774936.png,0,1,1,1,1,0
haan_ghil_muulnaat_1780559775528.png,0,0,1,1,0,1
haan_ghil_muulnaat_1780559778362.png,0,1,0,1,0,0
haan_ghil_muulnaat_1780559779159.png,0,1,1,1,0,1
haan_ghil_muulnaat_1780559779750.png,0,1,1,1,0,0
haan_ghil_muulnaat_1780559780547.png,0,1,1,1,0,0
haan_ghil_muulnaat_1780559781139.png,1,1,1,1,1,1
haan_ghil_muulnaat_1780559781915.png,0,1,0,1,0,0
haan_ghil_muulnaat_1780559782471.png,1,1,0,1,1,1
haan_ghil_muulnaat_1780559783058.png,0,1,1,1,0,1
haan_ghil_muulnaat_1780559783795.png,0,1,1,1,0,1
haan_ghil_muulnaat_1780559784560.png,0,1,1,1,0,0
haan_ghil_muulnaat_1780559785337.png,1,1,1,1,0,0
haan_ghil_muulnaat_1780559786075.png,0,1,1,1,0,0
haan_ghil_muulnaat_1780559786818.png,0,1,1,1,0,0
haan_ghil_muulnaat_1780559787559.png,1,1,1,1,0,0
haan_ghil_muulnaat_1780559788296.png,0,0,1,1,0,0
haan_ghil_muulnaat_1780559788886.png,0,1,1,1,0,1
haan_ghil_muulnaat_1780559789617.png,0,0,0,1,0,0
haan_ghil_muulnaat_1780559790361.png,1,0,1,1,0,0
haan_ghil_muulnaat_1780559790963.png,1,1,1,1,0,1
haan_ghil_muulnaat_1780559791674.png,0,1,1,1,0,0
haan_ghil_muulnaat_1780559792285.png,1,1,1,1,0,0
haan_ghil_muulnaat_1780559793046.png,0,1,1,1,0,0
haan_ghil_muulnaat_1780559793791.png,0,0,0,0,0,0
haan_ghil_muulnaat_1780559794391.png,0,1,1,1,0,1
haan_ghil_muulnaat_1780559795168.png,1,1,1,1,0,0
haan_ghil_muulnaat_1780559796004.png,0,1,1,1,0,1
haan_ghil_muulnaat_1780559796770.png,0,0,0,0,0,0
haan_ghil_muulnaat_1780560347012.png,1,1,1,1,1,1
haan_ghil_muulnaat_1780560347552.png,0,1,1,1,0,1
haan_ghil_muulnaat_1780560348216.png,0,1,1,1,0,0
haan_ghil_muulnaat_1780560348702.png,0,1,1,1,0,0
haan_ghil_muulnaat_1780560349188.png,0,1,1,1,0,1
haan_ghil_muulnaat_1780560349830.png,0,1,0,1,0,0
haan_ghil_muulnaat_1780560350347.png,0,1,1,1,0,0
haan_ghil_muulnaat_1780560351113.png,0,1,1,1,0,0
haan_ghil_muulnaat_1780560351611.png,0,1,1,1,0,1
haan_ghil_muulnaat_1780560352086.png,0,1,1,1,0,1
haan_ghil_muulnaat_1780560352778.png,0,1,0,1,0,0
haan_ghil_muulnaat_1780560353263.png,0,1,1,1,0,1
haan_ghil_muulnaat_1780560353864.png,0,0,1,1,1,0
haan_ghil_muulnaat_1780560354332.png,0,1,1,1,1,1
haan_ghil_muulnaat_1780560354985.png,0,1,1,1,0,1
haan_ghil_muulnaat_1780560355579.png,1,1,1,1,0,1
haan_ghil_muulnaat_1780560356181.png,0,1,1,1,0,1
haan_ghil_muulnaat_1780560356789.png,0,1,1,1,0,0
haan_ghil_muulnaat_1780560357233.png,0,1,1,1,1,1
haan_ghil_muulnaat_1780560357716.png,1,1,1,1,0,0
haan_ghil_muulnaat_1780560358211.png,1,1,1,1,1,0
haan_ghil_muulnaat_1780560358800.png,1,1,1,1,0,0
haan_ghil_muulnaat_1780560359299.png,0,1,0,1,1,0
haan_ghil_muulnaat_1780560359963.png,0,1,0,1,0,0
haan_ghil_muulnaat_1780560360581.png,1,1,1,1,1,1
haan_ghil_muulnaat_1780560361082.png,1,1,1,1,1,1
haan_ghil_muulnaat_1780560361571.png,1,1,1,1,1,1
haan_ghil_muulnaat_1780560362007.png,1,1,0,1,1,0
haan_ghil_muulnaat_1780560362649.png,0,1,1,1,0,0
haan_ghil_muulnaat_1780560363124.png,1,1,1,1,1,1
haan_ghil_muulnaat_1780560363819.png,0,1,1,1,0,1
haan_ghil_muulnaat_1780560364425.png,1,1,1,1,0,0
haan_ghil_muulnaat_1780560364939.png,0,1,1,1,1,0
haan_ghil_muulnaat_1780560365413.png,0,1,1,1,1,0
haan_ghil_muulnaat_1780560365937.png,0,1,1,1,0,1
haan_ghil_muulnaat_1780560367029.png,0,1,1,1,1,1
haan_ghil_muulnaat_1780560367714.png,0,1,1,1,1,1
haan_ghil_muulnaat_1780560368147.png,0,1,1,1,1,0
haan_ghil_muulnaat_1780560368723.png,0,1,1,1,1,1
haan_ghil_muulnaat_1780560369694.png,0,0,1,0,1,0
haan_ghil_muulnaat_1780560370259.png,1,1,1,1,1,1
haan_ghil_muulnaat_1780560370908.png,0,0,0,1,0,0
haan_ghil_muulnaat_1780560371421.png,0,1,1,1,1,1
haan_ghil_muulnaat_1780560371920.png,0,0,0,1,0,1
haan_ghil_muulnaat_1780560372567.png,0,1,1,1,0,1
haan_ghil_muulnaat_1780560373037.png,1,1,1,1,1,1
haan_ghil_muulnaat_1780560373496.png,1,1,1,1,1,1
haan_ghil_muulnaat_1780560373990.png,0,0,1,1,1,1
haan_ghil_muulnaat_1780560374483.png,0,1,1,1,0,1
haan_ghil_muulnaat_1780560374980.png,0,1,1,1,0,1
haan_ghil_muulnaat_1780560375652.png,1,1,1,1,0,0
haan_ghil_muulnaat_1780560376187.png,0,1,1,1,0,1
haan_ghil_muulnaat_1780560376648.png,0,1,1,1,0,1
haan_ghil_muulnaat_1780560377132.png,0,1,1,1,1,1
haan_ghil_muulnaat_1780560377590.png,0,1,1,0,1,1
haan_ghil_muulnaat_1780560378051.png,0,1,1,1,0,1
haan_ghil_muulnaat_1780560378547.png,1,1,1,1,1,1
haan_ghil_muulnaat_1780560379208.png,0,1,1,1,0,1
haan_ghil_muulnaat_1780560379789.png,1,1,1,1,1,1
haan_ghil_muulnaat_1780560380268.png,0,1,1,1,0,1
haan_ghil_muulnaat_1780560380886.png,1,1,1,1,1,1
haan_ghil_muulnaat_1780560381566.png,1,1,1,1,0,0
haan_ghil_muulnaat_1780560382195.png,0,1,1,1,0,0
haan_ghil_muulnaat_1780560382867.png,0,1,1,1,0,0
haan_ghil_muulnaat_1780560383385.png,0,1,1,1,0,1
haan_ghil_muulnaat_1780560383810.png,0,1,1,1,0,0
haan_ghil_muulnaat_1780560384414.png,0,0,1,1,0,0
haan_ghil_muulnaat_1780560385070.png,0,1,0,0,0,0
haan_ghil_muulnaat_1780560385566.png,0,1,1,1,0,1
haan_ghil_muulnaat_1780560385994.png,0,1,1,1,0,0
haan_ghil_muulnaat_1780560386549.png,0,1,0,1,0,0
haan_ghil_muulnaat_1780560387044.png,0,1,1,1,0,1
haan_ghil_muulnaat_1780560387725.png,1,1,1,1,0,0
haan_ghil_muulnaat_1780560388414.png,0,1,1,1,0,1
haan_ghil_muulnaat_1780560389089.png,0,1,1,1,0,0
haan_ghil_muulnaat_1780560389587.png,0,1,1,1,0,1
haan_ghil_muulnaat_1780560390223.png,0,0,1,0,0,1
haan_ghil_muulnaat_1780560390872.png,1,1,1,1,1,1
haan_ghil_muulnaat_1780560391488.png,1,1,1,1,1,1
haan_ghil_muulnaat_1780560391985.png,0,0,1,0,0,0
haan_ghil_muulnaat_1780560392563.png,0,1,1,1,0,0
haan_ghil_muulnaat_1780560393054.png,0,1,1,1,1,1
haan_ghil_muulnaat_1780560393692.png,0,1,1,1,0,1
haan_ghil_muulnaat_1780560394284.png,0,1,1,1,0,0
haan_ghil_muulnaat_1780560394768.png,0,1,1,1,0,1
haan_ghil_muulnaat_1780560395295.png,0,1,1,1,1,1
haan_ghil_muulnaat_1780560395720.png,1,1,1,1,0,1
haan_ghil_muulnaat_1780560396366.png,0,1,0,1,0,1
haan_ghil_muulnaat_1780560396851.png,0,1,1,1,1,1
haan_ghil_muulnaat_1780560397485.png,0,1,1,1,1,1
haan_ghil_muulnaat_1780560398056.png,0,0,0,0,0,0
haan_ghil_muulnaat_1780560398632.png,1,1,1,1,0,1
haan_ghil_muulnaat_1780560399088.png,1,1,1,1,0,1
haan_ghil_muulnaat_1780560399556.png,0,1,1,1,0,1
haan_ghil_muulnaat_1780560400186.png,1,1,1,1,1,1
haan_ghil_muulnaat_1780560400745.png,0,1,1,1,0,0
haan_ghil_muulnaat_1780560401207.png,0,1,1,1,0,0
haan_ghil_muulnaat_1780560401660.png,1,1,1,1,1,1
haan_ghil_muulnaat_1780560402141.png,1,1,1,1,1,1
haan_ghil_muulnaat_1780560402746.png,0,1,1,1,0,1
haan_ghil_muulnaat_1780560403217.png,0,1,1,1,0,1
haan_ghil_muulnaat_1780560403867.png,1,1,0,1,0,0
haan_ghil_muulnaat_1780560404336.png,1,1,1,1,0,1
haan_ghil_muulnaat_1780560404805.png,1,1,1,1,1,1
haan_ghil_muulnaat_1780560405458.png,1,1,1,1,0,0
haan_ghil_muulnaat_1780560405967.png,1,1,1,1,0,1
haan_ghil_muulnaat_1780560406659.png,1,1,1,1,0,1
haan_ghil_muulnaat_1780560407154.png,0,1,1,1,0,0
haan_ghil_muulnaat_1780560407826.png,0,1,1,1,0,1
haan_ghil_muulnaat_1780560408387.png,0,1,1,1,1,0
haan_ghil_muulnaat_1780560408874.png,1,1,1,1,0,0
haan_ghil_muulnaat_1780560409559.png,1,1,1,1,0,0
haan_ghil_muulnaat_1780560410062.png,0,1,1,1,1,1
haan_ghil_muulnaat_1780560410503.png,1,1,1,1,1,0
haan_ghil_muulnaat_1780560410987.png,1,1,1,1,1,0
haan_ghil_muulnaat_1780560411447.png,0,1,1,1,0,0
haan_ghil_muulnaat_1780560412078.png,0,1,1,1,0,0
haan_ghil_muulnaat_1780560412564.png,0,1,1,1,0,0
haan_ghil_muulnaat_1780560413022.png,0,1,1,1,0,1
haan_ghil_muulnaat_1780560413485.png,0,1,1,1,1,1
haan_ghil_muulnaat_1780560414148.png,0,1,1,1,0,0
haan_ghil_muulnaat_1780560414640.png,0,1,1,1,1,0
haan_ghil_muulnaat_1780560415231.png,0,0,0,0,0,1
haan_ghil_muulnaat_1780560415693.png,0,1,1,1,0,1
haan_ghil_muulnaat_1780560416339.png,0,1,1,1,1,0
haan_ghil_muulnaat_1780560416824.png,0,1,1,1,0,1
haan_ghil_muulnaat_1780560417491.png,0,1,1,0,0,1
haan_ghil_muulnaat_1780560418002.png,1,1,1,1,0,1
haan_ghil_muulnaat_1780560418519.png,0,1,1,1,1,1
haan_ghil_muulnaat_1780560419032.png,1,1,1,1,0,1
haan_ghil_muulnaat_1780560419625.png,0,1,1,1,0,0
haan_ghil_muulnaat_1780560420120.png,1,1,1,1,1,1
haan_ghil_muulnaat_1780560432648.png,1,1,0,1,0,0
haan_ghil_muulnaat_1780560433178.png,1,1,1,1,0,1
haan_ghil_muulnaat_1780560433701.png,1,1,1,1,0,1
haan_ghil_muulnaat_1780560434210.png,1,1,1,1,0,1
haan_ghil_muulnaat_1780560434673.png,1,1,1,1,0,1
haan_ghil_muulnaat_1780560435178.png,1,1,1,1,0,1
haan_ghil_muulnaat_1780560435787.png,0,1,1,1,0,0
haan_ghil_muulnaat_1780560436312.png,0,1,1,1,1,1
haan_ghil_muulnaat_1780560436836.png,0,1,1,1,0,0
haan_ghil_muulnaat_1780560437356.png,1,1,1,1,1,1
haan_ghil_muulnaat_1780560437847.png,1,1,1,1,0,1
haan_ghil_muulnaat_1780560438389.png,0,0,1,0,0,0
haan_ghil_muulnaat_1780560439112.png,0,1,1,1,1,1
haan_ghil_muulnaat_1780560439587.png,1,1,1,0,0,0
haan_ghil_muulnaat_1780560440232.png,0,1,1,1,0,0
haan_ghil_muulnaat_1780560440765.png,0,1,1,1,0,0
haan_ghil_muulnaat_1780560441272.png,0,0,0,1,0,1
haan_ghil_muulnaat_1780560442496.png,0,1,1,1,0,0
haan_ghil_muulnaat_1780560442996.png,0,1,1,1,0,0
haan_ghil_muulnaat_1780560443531.png,0,1,1,1,1,0
haan_ghil_muulnaat_1780560444260.png,0,1,0,1,0,0
haan_ghil_muulnaat_1780560444912.png,0,1,1,1,0,1
haan_ghil_muulnaat_1780560445571.png,0,1,1,1,0,0
haan_ghil_muulnaat_1780560446117.png,0,1,1,1,0,1
haan_ghil_muulnaat_1780560446817.png,1,1,1,1,0,1
haan_ghil_muulnaat_1780560447499.png,0,1,1,1,0,0
haan_ghil_muulnaat_1780560448141.png,0,1,1,1,0,0
haan_ghil_muulnaat_1780560448818.png,0,1,1,1,1,1
haan_ghil_muulnaat_1780560449489.png,0,1,1,1,0,1
haan_ghil_muulnaat_1780560450174.png,0,0,0,1,0,0
haan_ghil_muulnaat_1780560450860.png,0,1,0,1,0,0
haan_ghil_muulnaat_1780560451417.png,0,1,1,1,0,0
haan_ghil_muulnaat_1780560452001.png,0,1,1,1,0,0
haan_ghil_muulnaat_1780560452548.png,0,1,1,0,0,0
haan_ghil_muulnaat_1780560453292.png,1,1,1,1,1,0
haan_ghil_muulnaat_1780560454377.png,1,1,1,1,0,1
haan_ghil_muulnaat_1780560454922.png,0,1,1,1,0,1
haan_ghil_muulnaat_1780560455462.png,0,1,1,1,0,1
haan_ghil_muulnaat_1780560456197.png,1,1,1,1,1,0
haan_ghil_muulnaat_1780560456876.png,0,1,0,1,0,0
haan_ghil_muulnaat_1780560457589.png,0,1,1,1,0,0
haan_ghil_muulnaat_1780560458105.png,0,1,1,1,0,0
haan_ghil_muulnaat_1780560458875.png,0,1,1,1,0,1
haan_ghil_muulnaat_1780560459544.png,0,1,1,1,1,0
haan_ghil_muulnaat_1780560460095.png,0,1,1,1,1,1
haan_ghil_muulnaat_1780560460655.png,0,1,1,1,0,1
haan_ghil_muulnaat_1780560461240.png,1,1,1,1,1,1
haan_ghil_muulnaat_1780560461988.png,0,0,0,1,0,0
haan_ghil_muulnaat_1780560462520.png,0,1,1,1,0,0
haan_ghil_muulnaat_1780560463669.png,0,1,1,1,0,0
haan_ghil_muulnaat_1780560464217.png,0,1,1,1,0,1
haan_ghil_muulnaat_1780560464791.png,0,1,1,1,0,0
haan_ghil_muulnaat_1780560465541.png,0,1,1,1,0,1
haan_ghil_muulnaat_1780560466121.png,0,1,1,1,0,1
haan_ghil_muulnaat_1780560466870.png,0,1,1,1,1,0
haan_ghil_muulnaat_1780560467431.png,0,1,1,1,0,1
haan_ghil_muulnaat_1780560467944.png,0,1,1,1,0,0
haan_ghil_muulnaat_1780560468683.png,0,1,1,1,0,0
haan_ghil_muulnaat_1780560469231.png,0,1,1,1,0,0
haan_ghil_muulnaat_1780560469792.png,0,1,1,1,0,0
haan_ghil_muulnaat_1780560470374.png,0,1,1,1,1,1
haan_ghil_muulnaat_1780560471098.png,0,1,1,1,0,0
haan_ghil_muulnaat_1780560471844.png,0,1,1,1,1,1
haan_ghil_muulnaat_1780560472582.png,0,1,1,1,0,0
haan_ghil_muulnaat_1780560473347.png,0,0,0,1,0,0
haan_ghil_muulnaat_1780560474068.png,0,1,1,1,0,1
haan_ghil_muulnaat_1780560474618.png,0,1,1,1,0,1
haan_ghil_muulnaat_1780560475200.png,0,1,1,1,0,1
haan_ghil_muulnaat_1780560475796.png,0,1,1,1,0,1
haan_ghil_muulnaat_1780560476361.png,0,1,1,1,0,1
haan_ghil_muulnaat_1780560477100.png,0,1,1,1,1,1
haan_ghil_muulnaat_1780560477687.png,1,1,1,1,1,1
haan_ghil_muulnaat_1780560478269.png,0,1,1,1,0,1
haan_ghil_muulnaat_1780560479047.png,0,1,1,1,0,0
haan_ghil_muulnaat_1780560479785.png,0,1,1,1,0,0
haan_ghil_muulnaat_1780560480542.png,0,0,1,1,0,1
haan_ghil_muulnaat_1780560481144.png,0,0,1,0,0,1
haan_ghil_muulnaat_1780560481904.png,1,1,1,1,1,0
haan_ghil_muulnaat_1780560482459.png,0,1,1,1,0,1
haan_ghil_muulnaat_1780560483046.png,0,1,1,1,1,1
haan_ghil_muulnaat_1780560483583.png,0,1,1,1,0,0
haan_ghil_muulnaat_1780560484364.png,0,1,1,1,0,1
haan_ghil_muulnaat_1780560484940.png,0,1,1,1,0,1
haan_ghil_muulnaat_1780560485529.png,0,1,1,1,0,0
haan_ghil_muulnaat_1780560486132.png,0,0,0,0,0,0
haan_ghil_muulnaat_1780560486748.png,0,1,1,1,1,0
haan_ghil_muulnaat_1780560487508.png,0,1,1,1,0,1
haan_ghil_muulnaat_1780560488126.png,1,0,1,0,0,1
haan_ghil_muulnaat_1780560488893.png,0,1,1,1,0,1
haan_ghil_muulnaat_1780560489501.png,0,1,1,1,1,0
haan_ghil_muulnaat_1780560490024.png,0,1,1,1,0,1
haan_ghil_muulnaat_1780560490611.png,0,1,1,1,1,1
haan_ghil_muulnaat_1780560491208.png,0,1,1,1,1,1
haan_ghil_muulnaat_1780560491805.png,1,1,1,1,0,0
haan_ghil_muulnaat_1780560492349.png,0,1,1,1,0,1
haan_ghil_muulnaat_1780560493087.png,0,1,1,1,0,1
haan_ghil_muulnaat_1780560493866.png,0,1,1,1,0,0
haan_ghil_muulnaat_1780560494605.png,0,1,1,1,0,1
haan_ghil_muulnaat_1780560495157.png,1,1,1,1,1,1
haan_ghil_muulnaat_1780560495736.png,1,1,1,1,0,1
haan_ghil_muulnaat_1780560496476.png,0,1,1,1,0,0
haan_ghil_muulnaat_1780560497064.png,1,1,1,1,1,1
haan_ghil_muulnaat_1780560497790.png,0,1,1,1,0,1
haan_ghil_muulnaat_1780560498551.png,0,1,1,1,0,1
haan_ghil_muulnaat_1780560499131.png,0,1,1,1,1,0
haan_ghil_muulnaat_1780560499726.png,0,0,1,1,1,0
haan_ghil_muulnaat_1780560500299.png,0,1,1,1,0,0
haan_ghil_muulnaat_1780560500888.png,0,1,1,1,0,1
haan_ghil_muulnaat_1780560502163.png,0,1,1,1,0,1
haan_ghil_muulnaat_1780560502795.png,0,1,1,1,0,0
haan_ghil_muulnaat_1780560503631.png,0,1,1,0,0,0
haan_ghil_muulnaat_1780560504451.png,0,1,1,1,0,0
haan_ghil_muulnaat_1780560505095.png,0,0,1,1,1,0
haan_ghil_muulnaat_1780560505717.png,0,1,1,1,0,1
haan_ghil_muulnaat_1780560506335.png,1,1,1,1,0,1
haan_ghil_muulnaat_1780560506959.png,0,1,1,1,0,1
haan_ghil_muulnaat_1780560507799.png,0,1,1,1,1,1
haan_ghil_muulnaat_1780560508639.png,0,1,1,1,0,0
haan_ghil_muulnaat_1780560509271.png,0,0,1,1,0,1
haan_ghil_muulnaat_1780560509916.png,0,1,1,1,0,1
haan_ghil_muulnaat_1780560510516.png,0,1,1,1,1,1
haan_ghil_muulnaat_1780560511169.png,0,1,1,1,0,1
haan_ghil_muulnaat_1780560511805.png,0,1,1,1,1,1
haan_ghil_muulnaat_1780560512386.png,0,1,1,1,0,1
haan_ghil_muulnaat_1780560512967.png,0,1,1,1,0,1
haan_ghil_muulnaat_1780560513556.png,1,1,1,1,0,1
haan_ghil_muulnaat_1780560514133.png,0,1,1,1,0,1
haan_ghil_muulnaat_1780560514734.png,0,1,1,1,0,0
haan_ghil_muulnaat_1780560515476.png,0,1,1,1,0,1
haan_ghil_muulnaat_1780560516226.png,0,1,1,1,1,0
haan_ghil_muulnaat_1780560516788.png,0,1,1,1,1,0
haan_ghil_muulnaat_1780560517378.png,0,1,1,1,0,0
haan_ghil_muulnaat_1780560518154.png,0,0,0,1,0,0
haan_ghil_muulnaat_1780560518729.png,0,1,1,1,0,0
haan_ghil_muulnaat_1780560519476.png,1,1,1,1,1,1
haan_ghil_muulnaat_1780560520082.png,0,1,1,1,0,1
haan_ghil_muulnaat_1780560520872.png,0,1,1,1,1,1
haan_ghil_muulnaat_1780560521463.png,0,1,1,1,0,0
haan_ghil_muulnaat_1780560522049.png,0,1,1,1,0,0
haan_ghil_muulnaat_1780560523219.png,0,1,1,1,0,0
haan_ghil_muulnaat_1780560523903.png,0,1,1,0,0,0
haan_ghil_muulnaat_1780560524502.png,0,1,1,1,0,1
haan_ghil_muulnaat_1780560525235.png,0,1,0,1,0,0
haan_ghil_muulnaat_1780560525949.png,0,0,0,0,0,0
haan_ghil_muulnaat_1780560526513.png,0,1,1,1,0,0
haan_ghil_muulnaat_1780560527282.png,0,1,1,1,1,1
haan_ghil_muulnaat_1780560527978.png,0,1,0,1,0,0
haan_ghil_muulnaat_1780560528725.png,0,1,0,1,0,0
haan_ghil_muulnaat_1780560529490.png,0,1,0,1,1,1
haan_ghil_muulnaat_1780560530207.png,0,1,1,1,0,0
haan_ghil_muulnaat_1780560530820.png,0,1,1,1,0,0
haan_ghil_muulnaat_1780560531402.png,0,1,0,1,0,0
haan_ghil_muulnaat_1780560532024.png,1,1,1,1,1,0
haan_ghil_muulnaat_1780560532819.png,0,0,0,1,0,0
haan_ghil_muulnaat_1780560533416.png,0,0,1,0,0,1
haan_ghil_muulnaat_1780560534175.png,0,1,1,1,1,1
haan_ghil_muulnaat_1780560534944.png,0,1,0,1,0,0
haan_ghil_muulnaat_1780560535497.png,0,1,1,1,0,0
haan_ghil_muulnaat_1780560536747.png,1,1,1,1,1,0
haan_ghil_muulnaat_1780560537266.png,0,1,1,1,0,0
haan_ghil_muulnaat_1780560537882.png,0,1,1,1,1,1
haan_ghil_muulnaat_1780560538623.png,0,1,1,1,1,0
haan_ghil_muulnaat_1780560539205.png,0,0,1,1,1,1
haan_ghil_muulnaat_1780560539767.png,0,1,1,1,1,0
haan_ghil_muulnaat_1780560540527.png,0,1,1,1,1,0
haan_ghil_muulnaat_1780560541223.png,0,1,0,1,0,0
haan_ghil_muulnaat_1780560541826.png,0,1,1,1,1,1
haan_ghil_muulnaat_1780560542609.png,0,1,0,1,0,0
haan_ghil_muulnaat_1780560543255.png,0,1,1,1,1,1
haan_ghil_muulnaat_1780560543867.png,0,1,1,1,0,1
haan_ghil_muulnaat_1780560544683.png,0,1,1,1,0,1
haan_ghil_muulnaat_1780560545482.png,0,1,1,1,0,0
haan_ghil_muulnaat_1780560546082.png,0,1,1,0,1,1
haan_ghil_muulnaat_1780560546912.png,0,1,1,1,0,0
haan_ghil_muulnaat_1780560547715.png,0,0,0,0,0,0
haan_ghil_muulnaat_1780560548307.png,0,1,1,1,0,1
haan_ghil_muulnaat_1780560549121.png,0,1,0,1,0,0
haan_ghil_muulnaat_1780560549739.png,0,1,1,1,1,1
haan_ghil_muulnaat_1780560550519.png,0,1,1,1,0,1
haan_ghil_muulnaat_1780560551131.png,0,1,1,1,0,1
haan_ghil_muulnaat_1780560551879.png,0,0,0,1,0,0
haan_ghil_muulnaat_1780560552644.png,0,1,1,0,0,1
haan_ghil_muulnaat_1780560553216.png,0,1,1,1,0,1
haan_ghil_muulnaat_1780560553942.png,1,1,1,1,1,1
haan_ghil_muulnaat_1780560554523.png,0,1,1,1,0,1
haan_ghil_muulnaat_1780560555114.png,0,1,1,0,0,1
haan_ghil_muulnaat_1780560555827.png,0,1,1,1,1,1
haan_ghil_muulnaat_1780560556571.png,0,1,1,1,0,0
haan_ghil_muulnaat_1780560557311.png,0,1,1,1,0,0
haan_ghil_muulnaat_1780560557886.png,0,1,0,1,0,1
haan_ghil_muulnaat_1780560558631.png,0,1,1,1,1,0
haan_ghil_muulnaat_1780560559385.png,0,1,1,1,1,1
haan_ghil_muulnaat_1780560560198.png,0,1,1,1,0,1
haan_ghil_muulnaat_1780560560770.png,0,0,1,1,1,1
haan_ghil_muulnaat_1780560561345.png,0,1,1,1,0,1
haan_ghil_muulnaat_1780560561964.png,0,1,1,1,0,0
haan_ghil_muulnaat_1780560562618.png,0,1,1,1,0,1
haan_ghil_muulnaat_1780560563212.png,0,1,1,1,0,1
haan_ghil_muulnaat_1780560564011.png,1,1,1,1,0,1
haan_ghil_muulnaat_1780560564790.png,1,1,1,1,1,1
haan_ghil_muulnaat_1780560565404.png,1,1,1,1,1,1
haan_ghil_muulnaat_1780560566165.png,0,1,1,1,1,1
haan_ghil_muulnaat_1780560566939.png,0,0,1,1,1,1
haan_ghil_muulnaat_1780560567587.png,1,1,1,1,1,1
haan_ghil_muulnaat_1780560568196.png,0,1,1,1,0,0
haan_ghil_muulnaat_1780560568988.png,1,1,1,1,1,1
haan_ghil_muulnaat_1780560569727.png,1,1,1,1,0,1
haan_ghil_muulnaat_1780560570470.png,0,1,1,1,0,1
haan_ghil_muulnaat_1780560571088.png,1,1,1,1,1,1
haan_ghil_muulnaat_1780560571689.png,0,1,1,1,1,1
haan_ghil_muulnaat_1780560572240.png,0,0,0,0,0,0
haan_ghil_muulnaat_1780560573047.png,1,1,1,1,1,1
haan_ghil_muulnaat_1780560573846.png,0,1,0,1,0,0
haan_ghil_muulnaat_1780560574486.png,0,0,0,0,0,0
haan_ghil_muulnaat_1780560575265.png,0,1,0,1,0,0
haan_ghil_muulnaat_1780560576043.png,0,1,1,1,0,1
haan_ghil_muulnaat_1780560576673.png,0,0,1,1,0,1
haan_ghil_muulnaat_1780560577447.png,1,1,1,1,1,1
haan_ghil_muulnaat_1780560578071.png,0,1,1,0,0,1
haan_ghil_muulnaat_1780560578840.png,0,1,1,0,0,1
haan_ghil_muulnaat_1780560579643.png,0,1,1,1,0,0
haan_ghil_muulnaat_1780560580275.png,1,1,1,1,1,0
haan_ghil_muulnaat_1780560580903.png,0,1,1,1,0,0
haan_ghil_muulnaat_1780560581527.png,0,1,1,1,1,1
haan_ghil_muulnaat_1780560582311.png,0,0,0,1,0,0
haan_ghil_muulnaat_1780560583072.png,1,1,1,1,1,1
haan_ghil_muulnaat_1780560583869.png,1,1,1,1,0,1
haan_ghil_muulnaat_1780560584687.png,0,1,1,1,0,1
haan_ghil_muulnaat_1780560585312.png,1,1,1,1,1,1
haan_ghil_muulnaat_1780560586095.png,0,1,1,1,1,0
haan_ghil_muulnaat_1780560586656.png,0,1,1,1,1,1
haan_ghil_muulnaat_1780560587427.png,0,1,1,1,0,0
haan_ghil_muulnaat_1780560588204.png,1,1,1,1,0,0
haan_ghil_muulnaat_1780560588820.png,0,1,1,1,0,0
haan_ghil_muulnaat_1780560589412.png,0,1,1,1,0,1
haan_ghil_muulnaat_1780560590172.png,1,1,1,1,0,0
haan_ghil_muulnaat_1780560590748.png,0,1,1,1,1,1
haan_ghil_muulnaat_1780560591383.png,0,1,1,1,0,1
haan_ghil_muulnaat_1780560591964.png,0,1,1,1,0,1
haan_ghil_muulnaat_1780560592565.png,0,1,1,1,1,1
haan_ghil_muulnaat_1780560593185.png,1,1,1,1,0,1
haan_ghil_muulnaat_1780560593799.png,0,1,1,1,0,0
haan_ghil_muulnaat_1780560594364.png,0,1,1,1,0,0
haan_ghil_muulnaat_1780560594970.png,0,1,1,1,0,0
haan_ghil_muulnaat_1780560595748.png,0,1,1,1,1,1
haan_ghil_muulnaat_1780560596527.png,0,1,1,1,0,1
haan_ghil_muulnaat_1780560597273.png,0,1,1,1,1,1
haan_ghil_muulnaat_1780560598070.png,0,1,0,1,0,0
haan_ghil_muulnaat_1780560598718.png,1,1,1,1,0,1
haan_ghil_muulnaat_1780560599325.png,1,1,1,1,1,1
haan_ghil_muulnaat_1780560600115.png,0,1,1,1,1,1
haan_ghil_muulnaat_1780560600887.png,1,0,0,0,0,0
haan_ghil_muulnaat_1780560601632.png,0,1,0,1,0,0
haan_ghil_muulnaat_1780560602174.png,1,1,1,1,1,0
haan_ghil_muulnaat_1780560602929.png,0,1,1,1,1,1
haan_ghil_muulnaat_1780560603519.png,0,1,1,1,0,0
haan_ghil_muulnaat_1780560604115.png,0,1,1,1,1,1
haan_ghil_muulnaat_1780560604694.png,1,1,1,0,1,1
haan_ghil_muulnaat_1780560605277.png,1,1,1,1,1,1
haan_ghil_muulnaat_1780560605861.png,0,1,1,1,0,1
haan_ghil_muulnaat_1780560606463.png,1,1,1,1,1,1
haan_ghil_muulnaat_1780560607040.png,0,1,1,1,0,1
haan_ghil_muulnaat_1780560607779.png,1,1,1,1,0,1
haan_ghil_muulnaat_1780560608373.png,0,1,1,1,1,1
haan_ghil_muulnaat_1780560608952.png,0,1,1,1,0,1
haan_ghil_muulnaat_1780560610144.png,0,1,1,1,0,1
haan_ghil_muulnaat_1780560610716.png,0,1,1,1,0,0
haan_ghil_muulnaat_1780560611270.png,0,1,1,1,0,1
haan_ghil_muulnaat_1780560611959.png,0,0,1,1,0,1
haan_ghil_muulnaat_1780560612560.png,1,1,1,1,1,1
haan_ghil_muulnaat_1780560613282.png,0,1,1,1,0,0
haan_ghil_muulnaat_1780560614029.png,0,1,0,1,0,0
haan_ghil_muulnaat_1780560614628.png,0,1,1,1,0,1
haan_ghil_muulnaat_1780560615286.png,1,1,1,1,1,1
haan_ghil_muulnaat_1780560616064.png,0,1,1,1,0,1
haan_ghil_muulnaat_1780560616810.png,1,1,1,1,1,1
haan_ghil_muulnaat_1780560617608.png,0,1,0,1,0,0
haan_ghil_muulnaat_1780560618363.png,0,1,0,1,0,0
haan_ghil_muulnaat_1780560619083.png,0,1,1,1,0,0
haan_ghil_muulnaat_1780560619649.png,0,1,1,1,0,1
haan_ghil_muulnaat_1780560620165.png,0,1,1,1,1,1
haan_ghil_muulnaat_1780560620717.png,0,1,1,1,1,1
haan_ghil_muulnaat_1780560621522.png,0,0,0,1,0,0
haan_ghil_muulnaat_1780560622320.png,0,1,1,1,0,0
haan_ghil_muulnaat_1780560623142.png,0,1,0,1,0,0
haan_ghil_muulnaat_1780560624403.png,0,1,1,1,1,1
haan_ghil_muulnaat_1780560625167.png,1,0,0,0,0,1
haan_ghil_muulnaat_1780560625939.png,0,1,0,1,0,0
haan_ghil_muulnaat_1780560626563.png,0,1,1,1,0,0
haan_ghil_muulnaat_1780560627329.png,0,1,1,1,1,1
haan_ghil_muulnaat_1780560627914.png,1,1,1,1,0,0
haan_ghil_muulnaat_1780560628711.png,1,1,1,0,0,0
haan_ghil_muulnaat_1780560629313.png,0,1,1,1,0,0
haan_ghil_muulnaat_1780560630062.png,0,1,1,1,0,1
haan_ghil_muulnaat_1780560630829.png,0,1,1,1,0,0
haan_ghil_muulnaat_1780560631377.png,0,1,1,1,1,1
haan_ghil_muulnaat_1780560632129.png,0,0,1,0,0,1
haan_ghil_muulnaat_1780560632887.png,0,1,0,1,0,0
haan_ghil_muulnaat_1780560633628.png,0,1,1,1,0,0
haan_ghil_muulnaat_1780560634494.png,0,0,0,1,0,0
haan_ghil_muulnaat_1780560635222.png,0,1,1,1,0,0
haan_ghil_muulnaat_1780560636004.png,0,1,1,1,0,0
haan_ghil_muulnaat_1780560636812.png,0,1,1,1,0,0
haan_ghil_muulnaat_1780560637441.png,0,1,1,1,0,0
haan_ghil_muulnaat_1780560638046.png,0,1,1,1,0,1
haan_ghil_muulnaat_1780560638632.png,0,1,1,1,0,1
haan_ghil_muulnaat_1780560639415.png,0,1,0,1,0,0
haan_ghil_muulnaat_1780560640105.png,1,1,1,1,1,0
haan_ghil_muulnaat_1780560640866.png,1,1,1,1,1,1
haan_ghil_muulnaat_1780560641502.png,0,1,1,1,0,1
haan_ghil_muulnaat_1780560642067.png,0,1,1,1,0,1
haan_ghil_muulnaat_1780560642725.png,0,1,1,1,0,1
haan_ghil_muulnaat_1780560643358.png,0,1,1,1,0,1
haan_ghil_muulnaat_1780560644025.png,0,1,1,1,0,1
haan_ghil_muulnaat_1780560644624.png,1,1,1,1,1,1
haan_ghil_muulnaat_1780560645288.png,0,1,1,1,0,1
haan_ghil_muulnaat_1780560645915.png,1,1,1,1,1,1
haan_ghil_muulnaat_1780560646740.png,0,1,1,1,0,1
haan_ghil_muulnaat_1780560647421.png,0,1,1,1,0,0
haan_ghil_muulnaat_1780560648268.png,0,0,0,0,0,0
haan_ghil_muulnaat_1780560649097.png,1,1,1,1,1,1
haan_ghil_muulnaat_1780560649923.png,0,1,0,1,0,0
haan_ghil_muulnaat_1780560650533.png,0,1,1,1,0,1
haan_ghil_muulnaat_1780560651131.png,0,0,1,0,0,0
haan_ghil_muulnaat_1780560651935.png,0,1,1,1,0,0
haan_ghil_muulnaat_1780560652564.png,0,1,1,1,0,1
haan_ghil_muulnaat_1780560653355.png,0,1,1,1,0,1
haan_ghil_muulnaat_1780560654003.png,0,1,1,1,0,0
haan_ghil_muulnaat_1780560654644.png,0,1,0,1,0,0
haan_ghil_muulnaat_1780560655253.png,0,1,1,0,0,1
haan_ghil_muulnaat_1780560656043.png,0,1,1,1,0,1
haan_ghil_muulnaat_1780560656725.png,0,0,0,0,0,0
haan_ghil_muulnaat_1780560657596.png,0,0,0,1,0,0
haan_ghil_muulnaat_1780560658397.png,0,1,1,1,0,0
haan_ghil_muulnaat_1780560659027.png,0,0,0,0,0,0
haan_ghil_muulnaat_1780560659835.png,0,0,1,1,0,0
haan_ghil_muulnaat_1780560660659.png,0,0,0,0,0,0
haan_ghil_muulnaat_1780545920275.png,0,1,0,1,0,0
haan_ghil_muulnaat_1780545923244.png,0,1,1,1,0,1
haan_ghil_muulnaat_1780545927553.png,0,1,1,1,0,1
haan_ghil_muulnaat_1780545930535.png,0,1,0,1,0,0
haan_ghil_muulnaat_1780545934100.png,0,1,1,1,1,0
haan_ghil_muulnaat_1780545937137.png,1,1,1,1,1,0
haan_ghil_muulnaat_1780545940700.png,0,1,1,1,0,0
haan_ghil_muulnaat_1780545944355.png,0,1,1,1,0,0
haan_ghil_muulnaat_1780545947309.png,0,1,1,1,1,1
haan_ghil_muulnaat_1780545951052.png,0,1,1,1,1,1
haan_ghil_muulnaat_1780545954580.png,0,1,1,1,0,1
haan_ghil_muulnaat_1780546129904.png,0,0,0,0,0,0
haan_ghil_muulnaat_1780546132942.png,0,1,1,1,0,1
haan_ghil_muulnaat_1780546136019.png,1,1,1,1,0,0
haan_ghil_muulnaat_1780546139324.png,0,1,0,1,0,0
haan_ghil_muulnaat_1780546142558.png,0,1,1,1,0,0
haan_ghil_muulnaat_1780546145282.png,0,0,0,1,0,0
haan_ghil_muulnaat_1780546147959.png,0,0,0,0,0,0
haan_ghil_muulnaat_1780546151141.png,0,1,1,1,0,0
haan_ghil_muulnaat_1780546154364.png,0,1,1,1,0,0
haan_ghil_muulnaat_1780546156924.png,0,1,1,1,0,1
haan_ghil_muulnaat_1780546160245.png,0,1,1,1,0,1
haan_ghil_muulnaat_1780546163522.png,0,1,1,1,0,0
haan_ghil_muulnaat_1780546166881.png,0,1,1,1,0,0
haan_ghil_muulnaat_1780546169382.png,0,1,1,1,0,1
haan_ghil_muulnaat_1780546171940.png,0,0,1,1,0,1
haan_ghil_muulnaat_1780546174598.png,0,1,1,1,0,1
haan_ghil_muulnaat_1780546177584.png,0,1,0,1,0,0
haan_ghil_muulnaat_1780546180128.png,0,1,1,1,1,0
haan_ghil_muulnaat_1780546183310.png,0,1,1,0,0,0
haan_ghil_muulnaat_1780546185780.png,0,1,1,1,0,0
haan_ghil_muulnaat_1780546188887.png,0,1,1,0,1,1
haan_ghil_muulnaat_1780546191458.png,0,1,1,1,1,0
haan_ghil_muulnaat_1780546194140.png,1,1,1,1,0,1
haan_ghil_muulnaat_1780546197079.png,0,1,0,1,0,0
haan_ghil_muulnaat_1780546200268.png,0,1,1,1,0,0
haan_ghil_muulnaat_1780546203055.png,0,1,1,1,0,1
haan_ghil_muulnaat_1780546206492.png,0,1,1,1,0,1
haan_ghil_muulnaat_1780546209081.png,0,0,1,1,0,1
haan_ghil_muulnaat_1780546212201.png,0,1,1,1,0,1
haan_ghil_muulnaat_1780546214680.png,1,1,0,1,0,0
haan_ghil_muulnaat_1780546217905.png,0,1,1,1,0,1
haan_ghil_muulnaat_1780546221201.png,0,1,1,1,0,1
haan_ghil_muulnaat_1780546224445.png,0,1,1,1,0,0
haan_ghil_muulnaat_1780546227123.png,0,0,0,0,0,0
haan_ghil_muulnaat_1780546229692.png,0,1,1,1,1,1
haan_ghil_muulnaat_1780546232275.png,0,1,1,1,1,1
haan_ghil_muulnaat_1780546234966.png,0,0,0,0,0,0
haan_ghil_muulnaat_1780546238395.png,0,1,1,1,0,0
haan_ghil_muulnaat_1780546240976.png,0,1,1,1,0,1
haan_ghil_muulnaat_1780546243559.png,0,1,1,1,0,0
haan_ghil_muulnaat_1780546246223.png,0,0,0,0,0,0
haan_ghil_muulnaat_1780546249019.png,0,1,1,1,0,0
haan_ghil_muulnaat_1780546251873.png,0,1,1,1,1,1
haan_ghil_muulnaat_1780546255247.png,1,1,0,1,1,0
haan_ghil_muulnaat_1780546258086.png,0,0,0,0,0,0
haan_ghil_muulnaat_1780546260969.png,0,1,0,1,0,0
haan_ghil_muulnaat_1780546264431.png,0,1,1,1,0,1
haan_ghil_muulnaat_1780546267814.png,0,1,0,1,0,0
haan_ghil_muulnaat_1780546271241.png,0,1,1,1,0,1
haan_ghil_muulnaat_1780546274051.png,0,0,0,0,0,0
haan_ghil_muulnaat_1780546277476.png,0,1,0,1,0,0
haan_ghil_muulnaat_1780546280597.png,0,0,1,0,1,0
haan_ghil_muulnaat_1780546283198.png,0,1,1,1,1,1
haan_ghil_muulnaat_1780546286345.png,0,1,1,1,0,0
haan_ghil_muulnaat_1780546288972.png,0,1,0,1,0,0
haan_ghil_muulnaat_1780546291603.png,1,1,1,1,1,0
haan_ghil_muulnaat_1780546294816.png,0,1,1,1,0,1
haan_ghil_muulnaat_1780546298020.png,1,1,1,0,0,1
haan_ghil_muulnaat_1780546301003.png,0,1,1,1,0,1
haan_ghil_muulnaat_1780546303869.png,1,1,1,1,0,0
haan_ghil_muulnaat_1780546306970.png,0,1,1,1,1,1
haan_ghil_muulnaat_1780546310225.png,1,1,1,1,0,1
haan_ghil_muulnaat_1780546313406.png,1,1,1,1,0,1
haan_ghil_muulnaat_1780546316150.png,0,1,1,1,0,0
haan_ghil_muulnaat_1780546323000.png,0,1,1,1,0,1
haan_ghil_muulnaat_1780546326359.png,0,1,1,1,0,0
haan_ghil_muulnaat_1780546344592.png,1,1,1,1,1,0
haan_ghil_muulnaat_1780546355616.png,0,1,1,1,1,0
haan_ghil_muulnaat_1780546359232.png,1,1,1,1,1,0
haan_ghil_muulnaat_1780546361908.png,0,0,0,0,0,0
haan_ghil_muulnaat_1780546364599.png,0,1,1,1,1,0
haan_ghil_muulnaat_1780546367718.png,0,1,1,0,0,0
haan_ghil_muulnaat_1780546371042.png,0,1,1,1,0,1
haan_ghil_muulnaat_1780546373713.png,0,1,1,1,0,1
haan_ghil_muulnaat_1780546376578.png,0,1,0,1,0,0
haan_ghil_muulnaat_1780546379314.png,0,1,1,1,0,1
haan_ghil_muulnaat_1780546382404.png,0,1,1,1,0,1
haan_ghil_muulnaat_1780546385596.png,0,1,0,1,0,1
haan_ghil_muulnaat_1780546388247.png,1,1,1,0,1,1
haan_ghil_muulnaat_1780546390892.png,0,1,1,1,1,0
haan_ghil_muulnaat_1780546394008.png,0,1,1,1,1,0
haan_ghil_muulnaat_1780546397159.png,0,0,1,0,0,0
haan_ghil_muulnaat_1780546400282.png,0,1,0,1,0,0
haan_ghil_muulnaat_1780546402830.png,0,1,0,1,0,0
haan_ghil_muulnaat_1780546405491.png,0,0,0,0,0,0
haan_ghil_muulnaat_1780546408454.png,0,1,1,1,0,0
haan_ghil_muulnaat_1780546411045.png,0,1,0,1,0,0
haan_ghil_muulnaat_1780546414278.png,0,1,0,1,0,0
haan_ghil_muulnaat_1780546417664.png,0,1,1,1,0,0
haan_ghil_muulnaat_1780546420735.png,0,1,1,1,0,0
haan_ghil_muulnaat_1780546423178.png,0,1,1,1,0,0
haan_ghil_muulnaat_1780546426153.png,0,1,1,1,0,0
haan_ghil_muulnaat_1780546429429.png,1,1,1,1,1,1
haan_ghil_muulnaat_1780546432872.png,0,1,1,0,0,0
haan_ghil_muulnaat_1780546435484.png,0,1,1,1,1,1
haan_ghil_muulnaat_1780546438254.png,0,0,0,1,0,0
haan_ghil_muulnaat_1780546556056.png,0,1,1,1,1,1
haan_ghil_muulnaat_1780546559352.png,0,1,1,1,0,0
haan_ghil_muulnaat_1780546562779.png,0,1,1,1,0,1
haan_ghil_muulnaat_1780546566247.png,0,0,1,0,0,1
haan_ghil_muulnaat_1780546569567.png,1,1,1,1,0,1
haan_ghil_muulnaat_1780546572277.png,0,1,1,1,1,0
haan_ghil_muulnaat_1780546574913.png,0,0,0,1,0,0
haan_ghil_muulnaat_1780546577492.png,0,1,1,1,0,1
haan_ghil_muulnaat_1780546580645.png,0,1,0,1,0,1
haan_ghil_muulnaat_1780546583891.png,0,1,1,1,0,1
haan_ghil_muulnaat_1780546587143.png,0,1,1,1,0,0
haan_ghil_muulnaat_1780546589881.png,0,1,1,1,1,1
haan_ghil_muulnaat_1780546593031.png,0,1,1,1,0,1
haan_ghil_muulnaat_1780546596209.png,0,1,1,0,0,0
haan_ghil_muulnaat_1780546599474.png,0,1,1,1,0,1
haan_ghil_muulnaat_1780546602088.png,0,1,1,1,0,1
haan_ghil_muulnaat_1780546604657.png,0,1,1,1,0,1
haan_ghil_muulnaat_1780546607764.png,0,1,1,1,0,1
haan_ghil_muulnaat_1780546610425.png,1,1,1,1,1,1
haan_ghil_muulnaat_1780546613630.png,0,1,1,1,1,1
haan_ghil_muulnaat_1780546616257.png,0,1,1,1,0,1
haan_ghil_muulnaat_1780546619525.png,0,0,1,1,0,0
haan_ghil_muulnaat_1780546622198.png,0,1,1,1,0,1
haan_ghil_muulnaat_1780546624819.png,0,1,1,1,0,1
haan_ghil_muulnaat_1780546628073.png,0,1,0,1,0,1
haan_ghil_muulnaat_1780546631097.png,0,1,1,1,0,1
haan_ghil_muulnaat_1780546634266.png,1,1,1,1,0,1
haan_ghil_muulnaat_1780546637534.png,0,0,0,1,0,0
haan_ghil_muulnaat_1780546640678.png,0,1,1,1,1,1
haan_ghil_muulnaat_1780546643327.png,1,1,1,1,0,1
haan_ghil_muulnaat_1780546646342.png,0,1,1,1,1,1
haan_ghil_muulnaat_1780546649421.png,1,1,1,1,0,1
haan_ghil_muulnaat_1780546652511.png,1,1,1,1,0,1
haan_ghil_muulnaat_1780546655000.png,0,1,1,1,1,1
haan_ghil_muulnaat_1780546658218.png,0,1,1,1,0,0
haan_ghil_muulnaat_1780546660792.png,0,1,1,1,0,1
haan_ghil_muulnaat_1780546663959.png,0,1,1,1,0,0
haan_ghil_muulnaat_1780546666725.png,0,1,1,0,0,1
haan_ghil_muulnaat_1780546669410.png,0,1,1,1,0,1
haan_ghil_muulnaat_1780546671980.png,0,1,1,1,0,0
haan_ghil_muulnaat_1780546674583.png,0,0,0,1,0,0
haan_ghil_muulnaat_1780546677534.png,0,1,1,1,0,0
haan_ghil_muulnaat_1780546680187.png,0,1,0,1,0,0
haan_ghil_muulnaat_1780546682896.png,0,0,1,1,0,1
haan_ghil_muulnaat_1780546685943.png,0,1,1,1,0,1
haan_ghil_muulnaat_1780546688628.png,0,1,1,1,0,1
haan_ghil_muulnaat_1780546692301.png,0,1,1,1,1,0
haan_ghil_muulnaat_1780546695287.png,0,1,1,1,0,1
haan_ghil_muulnaat_1780546698173.png,0,0,0,0,0,0
haan_ghil_muulnaat_1780546701198.png,0,1,0,1,0,0
haan_ghil_muulnaat_1780546704739.png,1,0,1,1,0,0
haan_ghil_muulnaat_1780546708322.png,0,1,1,1,0,0
haan_ghil_muulnaat_1780546711194.png,0,0,0,1,0,0
haan_ghil_muulnaat_1780546714001.png,0,1,1,1,0,1
haan_ghil_muulnaat_1780546716937.png,0,1,1,1,1,1
haan_ghil_muulnaat_1780546719817.png,0,1,1,1,0,1
haan_ghil_muulnaat_1780546722802.png,1,1,1,1,1,1
haan_ghil_muulnaat_1780546725720.png,0,1,1,1,0,0
haan_ghil_muulnaat_1780546728577.png,1,1,1,1,1,1
haan_ghil_muulnaat_1780546731519.png,0,0,0,0,0,0
haan_ghil_muulnaat_1780546734450.png,0,1,1,1,0,0
haan_ghil_muulnaat_1780546738109.png,1,1,1,1,0,1
haan_ghil_muulnaat_1780546741098.png,1,1,1,1,0,0
haan_ghil_muulnaat_1780546744793.png,0,0,0,1,0,0
haan_ghil_muulnaat_1780546748446.png,0,1,1,1,0,1
haan_ghil_muulnaat_1780546751854.png,0,0,1,0,0,1
haan_ghil_muulnaat_1780546754642.png,0,1,0,1,0,1
haan_ghil_muulnaat_1780546758147.png,0,1,1,1,0,0
haan_ghil_muulnaat_1780546760893.png,0,1,1,1,0,1
haan_ghil_muulnaat_1780546763578.png,0,1,1,1,0,1
haan_ghil_muulnaat_1780546766404.png,0,1,1,1,0,0
haan_ghil_muulnaat_1780546769846.png,0,1,1,1,0,0
haan_ghil_muulnaat_1780546773260.png,0,1,1,1,0,1
haan_ghil_muulnaat_1780546776778.png,0,1,1,1,0,0
haan_ghil_muulnaat_1780546780085.png,1,1,1,1,0,0
haan_ghil_muulnaat_1780546782740.png,1,1,1,1,0,1
haan_ghil_muulnaat_1780546785906.png,0,1,0,1,0,0
haan_ghil_muulnaat_1780546788682.png,0,1,1,1,1,1
haan_ghil_muulnaat_1780546791771.png,0,1,1,0,0,1
haan_ghil_muulnaat_1780546794210.png,0,1,1,1,1,0
haan_ghil_muulnaat_1780546797466.png,0,1,1,1,0,0
haan_ghil_muulnaat_1780546800514.png,0,1,1,1,0,1
haan_ghil_muulnaat_1780546803155.png,0,1,1,1,1,1
haan_ghil_muulnaat_1780546806249.png,0,1,1,1,0,1
haan_ghil_muulnaat_1780546809511.png,0,1,1,1,0,0
haan_ghil_muulnaat_1780546811970.png,1,1,1,1,0,0
haan_ghil_muulnaat_1780546815108.png,0,1,0,1,0,0
haan_ghil_muulnaat_1780546817942.png,0,0,0,0,0,1
haan_ghil_muulnaat_1780546820769.png,0,1,0,1,0,1
haan_ghil_muulnaat_1780546823763.png,0,1,1,1,1,1
haan_ghil_muulnaat_1780546826307.png,0,1,1,1,0,0
haan_ghil_muulnaat_1780546828800.png,1,1,1,1,1,1
haan_ghil_muulnaat_1780546831979.png,0,1,1,1,0,1
haan_ghil_muulnaat_1780546834539.png,0,1,1,1,0,1
haan_ghil_muulnaat_1780546837827.png,0,1,1,1,0,0
haan_ghil_muulnaat_1780546840952.png,0,1,1,1,0,0
haan_ghil_muulnaat_1780546844064.png,0,0,0,1,0,0
haan_ghil_muulnaat_1780546846595.png,0,1,1,1,0,0
haan_ghil_muulnaat_1780546849063.png,0,1,1,1,0,0
haan_ghil_muulnaat_1780546903358.png,0,1,0,0,0,0
haan_ghil_muulnaat_1780546906177.png,0,1,0,1,1,0
haan_ghil_muulnaat_1780546909656.png,0,1,1,1,0,0
haan_ghil_muulnaat_1780546912975.png,0,1,1,1,0,0
haan_ghil_muulnaat_1780546915746.png,0,1,0,1,0,0
haan_ghil_muulnaat_1780546918503.png,0,1,1,1,1,1
haan_ghil_muulnaat_1780546921327.png,0,1,1,0,0,1
haan_ghil_muulnaat_1780546924720.png,1,0,1,1,0,1
haan_ghil_muulnaat_1780546928217.png,0,1,1,1,0,1
haan_ghil_muulnaat_1780546931657.png,0,1,1,1,0,1
haan_ghil_muulnaat_1780546934458.png,0,1,1,0,0,0
haan_ghil_muulnaat_1780546937283.png,0,1,1,1,0,0
haan_ghil_muulnaat_1780546940007.png,0,1,1,1,1,1
haan_ghil_muulnaat_1780546943432.png,0,1,1,1,1,1
haan_ghil_muulnaat_1780546946780.png,0,1,0,1,0,0
haan_ghil_muulnaat_1780546949611.png,1,1,1,1,0,1
haan_ghil_muulnaat_1780546952472.png,0,1,1,1,0,0
haan_ghil_muulnaat_1780546955846.png,0,1,1,1,0,0
haan_ghil_muulnaat_1780546959295.png,0,1,1,1,0,0
haan_ghil_muulnaat_1780546962143.png,0,1,1,1,0,0
haan_ghil_muulnaat_1780546964874.png,1,1,1,1,1,1
haan_ghil_muulnaat_1780546968061.png,0,1,1,1,0,1
haan_ghil_muulnaat_1780546971322.png,0,1,1,1,0,0
haan_ghil_muulnaat_1780546974498.png,0,1,1,1,0,0
haan_ghil_muulnaat_1780546977095.png,0,1,1,1,0,1
haan_ghil_muulnaat_1780546980238.png,0,1,1,1,1,1
haan_ghil_muulnaat_1780546982772.png,0,1,0,1,0,0
haan_ghil_muulnaat_1780546985367.png,0,1,1,1,0,1
haan_ghil_muulnaat_1780546987963.png,0,1,1,1,0,1
haan_ghil_muulnaat_1780546990465.png,0,1,1,1,0,1
haan_ghil_muulnaat_1780546993044.png,0,1,1,1,1,1
haan_ghil_muulnaat_1780546996268.png,0,1,1,1,0,0
haan_ghil_muulnaat_1780546999084.png,0,1,0,1,0,0
haan_ghil_muulnaat_1780547002252.png,1,1,1,1,0,1
haan_ghil_muulnaat_1780547004651.png,0,1,0,1,0,0
haan_ghil_muulnaat_1780547007219.png,0,1,1,1,0,1
haan_ghil_muulnaat_1780547009827.png,0,1,1,1,0,1
haan_ghil_muulnaat_1780547012465.png,0,1,1,1,0,0
haan_ghil_muulnaat_1780547015713.png,0,1,1,1,0,0
haan_ghil_muulnaat_1780547018828.png,0,1,1,1,0,0
haan_ghil_muulnaat_1780547021811.png,0,1,1,1,0,0
haan_ghil_muulnaat_1780547024989.png,0,1,1,1,0,1
haan_ghil_muulnaat_1780547028180.png,0,1,0,1,0,0
haan_ghil_muulnaat_1780547031422.png,0,1,0,1,0,0
haan_ghil_muulnaat_1780547034607.png,1,1,1,1,0,1
haan_ghil_muulnaat_1780547037177.png,0,1,1,1,0,1
haan_ghil_muulnaat_1780547040286.png,1,1,1,1,1,1
haan_ghil_muulnaat_1780547043388.png,1,1,1,1,1,1
haan_ghil_muulnaat_1780547045977.png,0,1,0,1,0,1
haan_ghil_muulnaat_1780547048425.png,1,1,1,1,1,1
haan_ghil_muulnaat_1780547051612.png,0,1,1,1,0,0
haan_ghil_muulnaat_1780547054192.png,1,1,1,1,0,1
haan_ghil_muulnaat_1780547056763.png,0,1,1,1,0,0
haan_ghil_muulnaat_1780547059940.png,0,1,0,1,0,0
haan_ghil_muulnaat_1780547063223.png,0,1,1,1,0,1
haan_ghil_muulnaat_1780547066571.png,0,1,0,1,0,0
haan_ghil_muulnaat_1780547069237.png,0,1,1,1,0,0
haan_ghil_muulnaat_1780547071891.png,1,1,1,1,1,1
haan_ghil_muulnaat_1780547074934.png,1,1,0,0,0,1
haan_ghil_muulnaat_1780547078145.png,1,1,1,1,0,0
haan_ghil_muulnaat_1780547080623.png,0,1,1,1,0,1
haan_ghil_muulnaat_1780547083136.png,0,1,0,1,0,0
haan_ghil_muulnaat_1780547085741.png,1,1,1,1,1,1
haan_ghil_muulnaat_1780547088824.png,0,1,1,1,0,1
haan_ghil_muulnaat_1780547091992.png,0,0,0,0,0,1
haan_ghil_muulnaat_1780547095173.png,0,1,1,1,0,1
haan_ghil_muulnaat_1780547097734.png,0,1,1,1,1,0
haan_ghil_muulnaat_1780547100233.png,0,1,1,1,0,1
haan_ghil_muulnaat_1780547102847.png,0,1,1,1,0,1
haan_ghil_muulnaat_1780547105433.png,1,1,1,0,1,1
haan_ghil_muulnaat_1780547108546.png,0,1,1,1,0,1
haan_ghil_muulnaat_1780547111680.png,0,1,1,1,0,1
haan_ghil_muulnaat_1780547114720.png,1,1,1,1,0,0
haan_ghil_muulnaat_1780547117809.png,0,1,1,1,1,1
haan_ghil_muulnaat_1780547120516.png,0,1,1,1,0,1
haan_ghil_muulnaat_1780547123160.png,0,1,1,1,0,1
haan_ghil_muulnaat_1780547126321.png,0,1,1,1,1,1
haan_ghil_muulnaat_1780547128887.png,0,1,1,1,0,0
haan_ghil_muulnaat_1780547132010.png,0,1,1,1,1,1
haan_ghil_muulnaat_1780547134638.png,1,1,1,1,0,0
haan_ghil_muulnaat_1780547137859.png,0,0,0,0,0,0
haan_ghil_muulnaat_1780547141056.png,1,1,1,1,0,0
haan_ghil_muulnaat_1780547143642.png,1,1,1,1,0,1
haan_ghil_muulnaat_1780547146236.png,0,1,1,1,0,1
haan_ghil_muulnaat_1780547148822.png,0,1,1,1,0,0
haan_ghil_muulnaat_1780547151955.png,0,0,1,0,0,0
haan_ghil_muulnaat_1780547155102.png,1,1,1,1,1,1
haan_ghil_muulnaat_1780547157697.png,0,1,1,1,0,0
haan_ghil_muulnaat_1780547160366.png,1,1,1,1,1,0
haan_ghil_muulnaat_1780547163544.png,0,1,1,1,0,1
haan_ghil_muulnaat_1780547166143.png,1,1,1,1,0,1
haan_ghil_muulnaat_1780547168779.png,0,1,1,1,0,1
haan_ghil_muulnaat_1780547171980.png,0,1,1,1,1,1
haan_ghil_muulnaat_1780547174681.png,0,1,1,1,0,1
haan_ghil_muulnaat_1780547177836.png,0,1,1,1,0,1
haan_ghil_muulnaat_1780547180648.png,0,1,1,1,0,0
haan_ghil_muulnaat_1780547184070.png,0,1,1,1,0,1
haan_ghil_muulnaat_1780547186913.png,0,1,1,1,0,0
haan_ghil_muulnaat_1780547189652.png,0,1,1,1,0,0
haan_ghil_muulnaat_1780547192495.png,0,1,1,1,0,1
haan_ghil_muulnaat_1780547195319.png,0,1,1,1,0,1
haan_ghil_muulnaat_1780547198225.png,0,1,1,1,0,1
haan_ghil_muulnaat_1780547200961.png,0,1,1,1,0,0
haan_ghil_muulnaat_1780547203771.png,1,1,1,1,0,0
haan_ghil_muulnaat_1780547206624.png,0,1,1,1,0,1
haan_ghil_muulnaat_1780547209392.png,1,1,1,1,0,1
haan_ghil_muulnaat_1780547212090.png,1,1,1,1,0,0
haan_ghil_muulnaat_1780547215552.png,0,1,1,1,0,1
haan_ghil_muulnaat_1780547218257.png,0,1,1,1,1,1
haan_ghil_muulnaat_1780547221028.png,0,1,1,1,0,1
haan_ghil_muulnaat_1780547224428.png,0,1,0,1,0,0
haan_ghil_muulnaat_1780547227238.png,1,1,0,1,0,1
haan_ghil_muulnaat_1780547230646.png,0,1,1,1,0,1
haan_ghil_muulnaat_1780547233365.png,0,0,1,0,0,0
haan_ghil_muulnaat_1780547236774.png,0,1,1,1,0,1
haan_ghil_muulnaat_1780547240215.png,0,0,1,0,0,1
haan_ghil_muulnaat_1780547243437.png,1,1,1,1,0,1
haan_ghil_muulnaat_1780547246740.png,0,1,1,1,0,1
haan_ghil_muulnaat_1780547249395.png,0,1,1,1,0,1
haan_ghil_muulnaat_1780547252928.png,0,1,1,1,0,1
haan_ghil_muulnaat_1780547255688.png,0,1,1,1,0,0
haan_ghil_muulnaat_1780547258259.png,0,0,1,0,0,1
haan_ghil_muulnaat_1780547261228.png,0,1,1,0,0,0
haan_ghil_muulnaat_1780547263694.png,0,0,1,1,0,0
haan_ghil_muulnaat_1780547266195.png,0,1,1,1,0,1
haan_ghil_muulnaat_1780547268714.png,1,1,1,1,1,1
haan_ghil_muulnaat_1780547271367.png,0,1,1,1,1,1
haan_ghil_muulnaat_1780547274643.png,0,1,1,1,0,1
haan_ghil_muulnaat_1780547277275.png,0,1,1,1,0,0
haan_ghil_muulnaat_1780547279917.png,0,1,1,1,1,1
haan_ghil_muulnaat_1780547282449.png,1,1,1,1,1,1
haan_ghil_muulnaat_1780547285676.png,0,1,1,1,0,1
haan_ghil_muulnaat_1780547288355.png,0,1,1,1,0,0
haan_ghil_muulnaat_1780547291470.png,0,1,1,1,1,0
haan_ghil_muulnaat_1780547294110.png,0,1,1,1,1,1
haan_ghil_muulnaat_1780547296807.png,0,0,0,1,0,0
haan_ghil_muulnaat_1780547299934.png,0,1,1,1,0,0
haan_ghil_muulnaat_1780547302581.png,0,1,1,1,0,1
haan_ghil_muulnaat_1780547305870.png,0,1,1,1,0,0
haan_ghil_muulnaat_1780547308546.png,0,1,0,1,0,0
haan_ghil_muulnaat_1780547311095.png,0,0,0,1,0,0
haan_ghil_muulnaat_1780547314302.png,0,1,1,1,0,0
haan_ghil_muulnaat_1780547317555.png,0,1,0,1,0,0
haan_ghil_muulnaat_1780547320143.png,0,1,1,1,0,1
haan_ghil_muulnaat_1780547323090.png,0,1,1,1,1,1
haan_ghil_muulnaat_1780547325586.png,0,1,1,1,1,1
haan_ghil_muulnaat_1780547328189.png,0,1,1,1,0,1
haan_ghil_muulnaat_1780547330870.png,0,1,1,0,1,1
haan_ghil_muulnaat_1780547334053.png,0,1,0,1,0,1
haan_ghil_muulnaat_1780547337166.png,0,1,1,1,0,1
haan_ghil_muulnaat_1780547340336.png,0,1,1,1,0,1
haan_ghil_muulnaat_1780547343613.png,0,1,1,1,0,1
haan_ghil_muulnaat_1780547346268.png,1,1,1,1,1,1
haan_ghil_muulnaat_1780547349458.png,1,1,1,1,0,0
haan_ghil_muulnaat_1780547352320.png,0,1,1,1,0,0
haan_ghil_muulnaat_1780547355514.png,0,1,1,1,0,0
haan_ghil_muulnaat_1780547358142.png,0,1,1,1,0,1
haan_ghil_muulnaat_1780547360891.png,0,1,0,1,0,0
haan_ghil_muulnaat_1780547364316.png,0,0,1,1,0,0
haan_ghil_muulnaat_1780547367684.png,1,1,1,1,0,1
haan_ghil_muulnaat_1780547370466.png,0,0,0,0,0,0
haan_ghil_muulnaat_1780547373976.png,1,1,1,1,0,1
haan_ghil_muulnaat_1780547377458.png,0,0,1,0,0,1
haan_ghil_muulnaat_1780547380873.png,0,0,1,0,0,1
haan_ghil_muulnaat_1780547384284.png,0,0,1,1,0,0
haan_ghil_muulnaat_1780547387593.png,0,1,1,1,1,1
haan_ghil_muulnaat_1780547390328.png,0,1,1,1,0,0
haan_ghil_muulnaat_1780547393101.png,0,1,1,1,0,0
haan_ghil_muulnaat_1780547396508.png,0,1,1,1,0,0
haan_ghil_muulnaat_1780547399854.png,0,1,1,1,0,1
haan_ghil_muulnaat_1780547403381.png,0,1,1,0,1,1
haan_ghil_muulnaat_1780547406209.png,0,1,1,1,0,1
haan_ghil_muulnaat_1780547408964.png,0,0,1,0,0,1
haan_ghil_muulnaat_1780547412230.png,0,1,1,1,1,1
haan_ghil_muulnaat_1780547415617.png,0,1,1,1,0,0
haan_ghil_muulnaat_1780547419012.png,0,1,0,1,0,0
haan_ghil_muulnaat_1780547422427.png,0,1,0,1,0,0
haan_ghil_muulnaat_1780547425766.png,0,1,1,1,0,0
haan_ghil_muulnaat_1780547428454.png,0,1,1,1,0,0
haan_ghil_muulnaat_1780547431658.png,0,0,1,1,0,1
haan_ghil_muulnaat_1780547434792.png,0,1,1,1,0,1
haan_ghil_muulnaat_1780547437980.png,0,1,0,1,0,1
haan_ghil_muulnaat_1780547441360.png,0,1,1,1,0,0
haan_ghil_muulnaat_1780547444187.png,0,1,1,0,0,1
haan_ghil_muulnaat_1780547447630.png,0,1,1,1,0,1
haan_ghil_muulnaat_1780547450956.png,1,1,1,1,1,1
haan_ghil_muulnaat_1780547454357.png,0,1,1,1,0,0
haan_ghil_muulnaat_1780547457696.png,1,1,1,1,0,1
haan_ghil_muulnaat_1780547460471.png,0,1,1,1,0,1
haan_ghil_muulnaat_1780547463053.png,0,1,1,1,1,0
haan_ghil_muulnaat_1780547465776.png,1,1,1,1,0,1
haan_ghil_muulnaat_1780547468898.png,1,1,0,1,0,0
haan_ghil_muulnaat_1780547471518.png,0,1,1,1,0,1
haan_ghil_muulnaat_1780547474807.png,0,1,1,1,0,1
haan_ghil_muulnaat_1780547477687.png,1,1,1,1,0,1
haan_ghil_muulnaat_1780547481189.png,1,1,1,1,0,1
haan_ghil_muulnaat_1780547484048.png,0,1,0,1,0,0
haan_ghil_muulnaat_1780547650997.png,0,1,1,1,0,1
haan_ghil_muulnaat_1780547654231.png,0,1,1,1,0,1
haan_ghil_muulnaat_1780547657413.png,0,1,0,1,0,0
haan_ghil_muulnaat_1780547660162.png,1,1,1,1,0,1
haan_ghil_muulnaat_1780547663574.png,1,1,1,1,0,1
haan_ghil_muulnaat_1780547666440.png,0,1,1,1,0,1
haan_ghil_muulnaat_1780547682931.png,0,0,1,0,0,0
haan_ghil_muulnaat_1780547694651.png,1,1,1,1,0,1
haan_ghil_muulnaat_1780547698072.png,0,1,0,1,0,0
haan_ghil_muulnaat_1780547700697.png,0,1,1,0,0,1
haan_ghil_muulnaat_1780547703165.png,0,0,0,0,0,0
haan_ghil_muulnaat_1780547705755.png,0,1,1,1,0,1
haan_ghil_muulnaat_1780547708910.png,0,1,1,1,0,1
haan_ghil_muulnaat_1780547711417.png,1,0,1,0,0,0
haan_ghil_muulnaat_1780547714687.png,0,1,1,1,0,0
haan_ghil_muulnaat_1780547717791.png,0,1,1,1,0,0
haan_ghil_muulnaat_1780547720279.png,0,1,1,1,0,0
haan_ghil_muulnaat_1780547722991.png,0,1,1,1,0,1
haan_ghil_muulnaat_1780547725580.png,0,1,1,1,0,0
haan_ghil_muulnaat_1780547728112.png,0,1,1,1,0,1
haan_ghil_muulnaat_1780547730747.png,0,1,1,1,1,1
haan_ghil_muulnaat_1780547733999.png,0,1,1,0,0,1
haan_ghil_muulnaat_1780547736609.png,0,0,0,0,0,0
haan_ghil_muulnaat_1780547739282.png,0,1,1,1,0,1
haan_ghil_muulnaat_1780547742322.png,0,1,1,1,0,1
haan_ghil_muulnaat_1780547744833.png,0,0,1,0,0,1
haan_ghil_muulnaat_1780547748038.png,0,1,1,1,0,1
haan_ghil_muulnaat_1780547751130.png,0,1,1,1,0,1
haan_ghil_muulnaat_1780547753668.png,0,1,1,1,0,1
haan_ghil_muulnaat_1780547756985.png,0,1,1,1,1,1
haan_ghil_muulnaat_1780547759686.png,0,1,1,1,0,1
haan_ghil_muulnaat_1780547762904.png,0,1,0,1,0,0
haan_ghil_muulnaat_1780547765433.png,0,1,1,1,0,0
haan_ghil_muulnaat_1780547767967.png,0,1,1,0,0,0
haan_ghil_muulnaat_1780547770617.png,0,1,1,1,0,0
haan_ghil_muulnaat_1780547773943.png,0,1,1,1,0,1
haan_ghil_muulnaat_1780547776965.png,0,1,1,1,0,1
haan_ghil_muulnaat_1780547779613.png,0,1,1,1,0,0
haan_ghil_muulnaat_1780547782877.png,0,1,1,1,0,0
haan_ghil_muulnaat_1780547785722.png,1,1,1,0,1,1
haan_ghil_muulnaat_1780547789096.png,0,1,1,1,0,1
haan_ghil_muulnaat_1780547791881.png,0,1,1,1,0,0
haan_ghil_muulnaat_1780547794768.png,0,1,1,1,0,1
haan_ghil_muulnaat_1780547798357.png,0,1,1,1,0,1
haan_ghil_muulnaat_1780547801174.png,0,1,1,1,0,1
haan_ghil_muulnaat_1780547804732.png,0,1,1,1,0,1
haan_ghil_muulnaat_1780547808213.png,0,1,1,1,0,1
haan_ghil_muulnaat_1780547811551.png,0,1,1,1,0,1
haan_ghil_muulnaat_1780547814945.png,0,1,1,1,0,0
haan_ghil_muulnaat_1780547818432.png,1,1,1,1,0,1
haan_ghil_muulnaat_1780547821343.png,0,1,1,1,0,1
haan_ghil_muulnaat_1780547824797.png,0,1,1,1,0,1
haan_ghil_muulnaat_1780547827608.png,0,0,1,1,1,1
haan_ghil_muulnaat_1780547830426.png,1,1,1,1,0,0
haan_ghil_muulnaat_1780547833849.png,1,1,1,1,1,0
haan_ghil_muulnaat_1780547836667.png,0,1,1,1,0,1
haan_ghil_muulnaat_1780547840081.png,0,1,1,1,0,1
haan_ghil_muulnaat_1780547842845.png,0,0,0,0,0,0
haan_ghil_muulnaat_1780547845664.png,0,1,1,1,0,0
haan_ghil_muulnaat_1780547849083.png,0,1,1,1,0,1
haan_ghil_muulnaat_1780547851888.png,0,1,1,0,0,1
haan_ghil_muulnaat_1780547854649.png,0,0,0,1,0,0
haan_ghil_muulnaat_1780547857911.png,0,1,1,1,0,0
haan_ghil_muulnaat_1780547860692.png,0,0,0,0,0,0
haan_ghil_muulnaat_1780547864241.png,0,0,0,0,0,0
haan_ghil_muulnaat_1780547867138.png,0,1,1,1,0,0
haan_ghil_muulnaat_1780547869773.png,0,1,1,1,0,1
haan_ghil_muulnaat_1780547872944.png,0,1,1,0,0,0
haan_ghil_muulnaat_1780547875547.png,0,1,1,1,0,0
haan_ghil_muulnaat_1780547878855.png,0,1,0,1,0,0
haan_ghil_muulnaat_1780547882287.png,0,1,0,1,0,0
haan_ghil_muulnaat_1780547885159.png,0,1,1,1,0,0
haan_ghil_muulnaat_1780547887906.png,0,1,1,1,0,1
haan_ghil_muulnaat_1780547890566.png,1,1,1,1,1,1
haan_ghil_muulnaat_1780547893676.png,0,0,0,0,0,0
haan_ghil_muulnaat_1780547896327.png,0,1,1,1,1,0
haan_ghil_muulnaat_1780547899604.png,0,1,1,1,0,0
haan_ghil_muulnaat_1780547902018.png,0,1,1,1,1,1
haan_ghil_muulnaat_1780547905252.png,0,1,1,1,0,1
haan_ghil_muulnaat_1780547908325.png,0,1,1,1,0,0
haan_ghil_muulnaat_1780547911528.png,0,1,1,1,0,0
haan_ghil_muulnaat_1780547914779.png,0,0,1,0,0,1
haan_ghil_muulnaat_1780547918069.png,0,1,0,1,0,1
haan_ghil_muulnaat_1780547921124.png,0,0,1,1,0,0
haan_ghil_muulnaat_1780547923800.png,0,1,1,1,0,1
haan_ghil_muulnaat_1780547926403.png,0,1,1,1,0,1
haan_ghil_muulnaat_1780547929512.png,1,1,1,1,0,0
haan_ghil_muulnaat_1780547932173.png,0,1,0,1,0,1
haan_ghil_muulnaat_1780547935335.png,1,1,1,1,0,0
haan_ghil_muulnaat_1780547937822.png,0,1,1,1,1,1
haan_ghil_muulnaat_1780547940504.png,0,1,1,1,1,1
haan_ghil_muulnaat_1780547943734.png,0,1,1,1,0,1
haan_ghil_muulnaat_1780547946904.png,0,1,0,0,0,0
haan_ghil_muulnaat_1780547949472.png,0,1,1,1,0,1
haan_ghil_muulnaat_1780547952656.png,0,1,1,1,0,0
haan_ghil_muulnaat_1780547955886.png,0,0,1,1,0,0
haan_ghil_muulnaat_1780547958487.png,0,1,1,1,0,1
haan_ghil_muulnaat_1780547961059.png,0,0,1,1,0,1
haan_ghil_muulnaat_1780547964164.png,0,1,0,1,0,0
haan_ghil_muulnaat_1780547967404.png,0,1,1,1,0,0
haan_ghil_muulnaat_1780547970419.png,0,1,1,1,0,1
haan_ghil_muulnaat_1780547973006.png,0,1,1,1,1,1
haan_ghil_muulnaat_1780547975593.png,0,1,1,1,0,1
haan_ghil_muulnaat_1780547978058.png,0,1,1,1,0,1
haan_ghil_muulnaat_1780547981344.png,0,1,1,1,0,1
haan_ghil_muulnaat_1780547984709.png,0,1,1,1,0,0
haan_ghil_muulnaat_1780547988015.png,1,1,1,1,0,1
haan_ghil_muulnaat_1780547990592.png,0,0,1,1,0,0
haan_ghil_muulnaat_1780547993731.png,0,1,1,1,0,0
haan_ghil_muulnaat_1780547996372.png,0,1,1,1,0,1
haan_ghil_muulnaat_1780547998952.png,0,1,1,1,0,0
haan_ghil_muulnaat_1780548001754.png,1,1,1,1,1,0
haan_ghil_muulnaat_1780548005137.png,0,1,1,1,0,1
haan_ghil_muulnaat_1780548007897.png,0,1,1,1,0,1
haan_ghil_muulnaat_1780548011063.png,0,0,0,0,1,0
haan_ghil_muulnaat_1780548014261.png,0,1,1,1,0,1
haan_ghil_muulnaat_1780548017510.png,0,1,1,1,0,1
haan_ghil_muulnaat_1780548020087.png,1,1,1,1,0,1
haan_ghil_muulnaat_1780548023116.png,0,1,1,1,0,1
haan_ghil_muulnaat_1780548026391.png,0,1,1,1,0,1
haan_ghil_muulnaat_1780548029613.png,0,1,0,1,0,0
haan_ghil_muulnaat_1780548032787.png,0,1,1,1,0,0
haan_ghil_muulnaat_1780548036084.png,0,1,1,1,0,1
haan_ghil_muulnaat_1780548038742.png,0,1,1,1,0,1
haan_ghil_muulnaat_1780548041330.png,0,0,0,0,0,0
haan_ghil_muulnaat_1780548044573.png,0,1,1,1,1,1
haan_ghil_muulnaat_1780548047259.png,0,1,1,1,1,0
haan_ghil_muulnaat_1780548050431.png,0,1,1,1,1,1
haan_ghil_muulnaat_1780548053653.png,0,0,1,0,0,0
haan_ghil_muulnaat_1780548056776.png,0,1,1,1,0,1
haan_ghil_muulnaat_1780548060152.png,0,1,1,1,0,0
haan_ghil_muulnaat_1780548062810.png,0,1,1,1,0,0
haan_ghil_muulnaat_1780548066348.png,0,0,0,1,0,0
haan_ghil_muulnaat_1780548069615.png,0,0,0,1,0,0
haan_ghil_muulnaat_1780548072184.png,0,1,1,1,0,0
haan_ghil_muulnaat_1780548075332.png,0,1,1,1,0,1
haan_ghil_muulnaat_1780548078597.png,0,0,0,1,0,1
haan_ghil_muulnaat_1780548081759.png,0,1,0,1,0,0
haan_ghil_muulnaat_1780548085149.png,0,1,1,1,0,1
haan_ghil_muulnaat_1780548088401.png,1,1,1,1,0,1
haan_ghil_muulnaat_1780548091130.png,0,1,1,1,1,1
haan_ghil_muulnaat_1780548093779.png,0,1,0,1,0,1
haan_ghil_muulnaat_1780548096324.png,0,1,1,1,0,0
haan_ghil_muulnaat_1780548099631.png,0,1,1,1,0,0
haan_ghil_muulnaat_1780548102213.png,0,1,1,1,0,1
haan_ghil_muulnaat_1780548104802.png,0,1,0,1,0,0
haan_ghil_muulnaat_1780548108110.png,0,1,1,1,0,0
haan_ghil_muulnaat_1780548110888.png,1,1,1,1,0,0
haan_ghil_muulnaat_1780548114218.png,0,0,0,0,0,1
haan_ghil_muulnaat_1780548117033.png,0,1,1,1,0,0
haan_ghil_muulnaat_1780548119764.png,0,0,1,1,0,0
haan_ghil_muulnaat_1780548122595.png,0,0,0,1,0,0
haan_ghil_muulnaat_1780548126011.png,0,1,0,1,0,0
haan_ghil_muulnaat_1780548128765.png,0,0,0,0,0,0
haan_ghil_muulnaat_1780548132143.png,0,1,1,0,0,1
haan_ghil_muulnaat_1780548135299.png,0,1,1,1,0,1
haan_ghil_muulnaat_1780548137933.png,0,0,0,0,0,0
haan_ghil_muulnaat_1780548141174.png,0,1,1,1,0,1
haan_ghil_muulnaat_1780548144456.png,0,1,1,1,1,1
haan_ghil_muulnaat_1780548147723.png,0,1,1,1,0,0
haan_ghil_muulnaat_1780548150396.png,0,0,1,1,0,0
haan_ghil_muulnaat_1780548152971.png,0,1,1,1,0,1
haan_ghil_muulnaat_1780548155550.png,0,1,1,1,0,1
haan_ghil_muulnaat_1780548158777.png,0,1,1,1,0,1
haan_ghil_muulnaat_1780548161904.png,0,1,0,1,0,0
haan_ghil_muulnaat_1780548165091.png,0,1,1,1,0,1
haan_ghil_muulnaat_1780548167700.png,0,1,1,1,0,0
haan_ghil_muulnaat_1780548170377.png,0,1,1,1,1,1
haan_ghil_muulnaat_1780548173195.png,0,1,1,1,1,1
haan_ghil_muulnaat_1780548176556.png,0,0,1,1,1,0
haan_ghil_muulnaat_1780548179344.png,0,0,1,1,0,1
haan_ghil_muulnaat_1780548182016.png,1,1,1,1,0,1
haan_ghil_muulnaat_1780548184774.png,0,1,0,1,0,0
haan_ghil_muulnaat_1780548187940.png,0,1,0,1,0,0
haan_ghil_muulnaat_1780548191029.png,0,1,1,0,0,0
haan_ghil_muulnaat_1780548193598.png,0,1,0,1,1,0
haan_ghil_muulnaat_1780548196207.png,0,1,1,1,0,0
haan_ghil_muulnaat_1780548198851.png,1,1,1,1,0,1
haan_ghil_muulnaat_1780548201473.png,0,1,1,1,0,1
haan_ghil_muulnaat_1780548204113.png,0,1,1,1,0,0
haan_ghil_muulnaat_1780548207262.png,0,1,1,1,0,0
haan_ghil_muulnaat_1780548210450.png,0,1,1,1,0,1
haan_ghil_muulnaat_1780548213092.png,1,1,1,1,1,1
haan_ghil_muulnaat_1780548215729.png,0,1,0,1,0,0
haan_ghil_muulnaat_1780548218241.png,0,1,1,1,0,0
haan_ghil_muulnaat_1780548221538.png,0,1,1,1,0,1
haan_ghil_muulnaat_1780548224851.png,0,1,1,1,0,1
haan_ghil_muulnaat_1780548227653.png,1,1,1,1,0,1
haan_ghil_muulnaat_1780548230225.png,0,1,1,1,0,1
haan_ghil_muulnaat_1780548232753.png,1,1,1,1,0,1
haan_ghil_muulnaat_1780548236020.png,0,0,1,0,0,1
haan_ghil_muulnaat_1780548238652.png,0,1,1,1,0,0
haan_ghil_muulnaat_1780548241441.png,1,1,1,1,0,1
haan_ghil_muulnaat_1780548244303.png,0,1,1,1,0,0
haan_ghil_muulnaat_1780548247094.png,0,0,0,1,0,0
haan_ghil_muulnaat_1780548250506.png,0,1,0,1,0,0
haan_ghil_muulnaat_1780548253986.png,0,0,0,0,0,0
haan_ghil_muulnaat_1780548256636.png,0,1,1,1,0,1
haan_ghil_muulnaat_1780548259306.png,0,1,1,1,0,1
haan_ghil_muulnaat_1780548261846.png,0,1,1,1,0,1
haan_ghil_muulnaat_1780548264433.png,0,1,1,1,0,1
haan_ghil_muulnaat_1780548267699.png,0,1,0,1,0,0
haan_ghil_muulnaat_1780548270367.png,0,1,1,1,0,1
haan_ghil_muulnaat_1780548273690.png,0,1,1,1,0,1
haan_ghil_muulnaat_1780548276362.png,0,1,1,1,0,1
haan_ghil_muulnaat_1780548278983.png,0,0,0,0,0,0
haan_ghil_muulnaat_1780548281694.png,1,0,0,0,1,1
haan_ghil_muulnaat_1780548284911.png,0,1,1,1,0,0
haan_ghil_muulnaat_1780548287567.png,0,0,0,1,0,0
haan_ghil_muulnaat_1780548290265.png,0,1,1,1,1,1
haan_ghil_muulnaat_1780548292774.png,0,1,0,1,0,0
haan_ghil_muulnaat_1780548295312.png,0,1,1,1,0,0
haan_ghil_muulnaat_1780548298501.png,0,1,1,1,0,0
haan_ghil_muulnaat_1780548301135.png,0,0,1,1,0,0
haan_ghil_muulnaat_1780548304389.png,0,1,0,1,0,0
haan_ghil_muulnaat_1780548306932.png,0,1,1,1,0,0
haan_ghil_muulnaat_1780548310114.png,0,1,1,0,0,0
haan_ghil_muulnaat_1780548312787.png,0,1,1,1,0,0
haan_ghil_muulnaat_1780548315404.png,0,1,1,1,0,0
haan_ghil_muulnaat_1780548317987.png,0,1,1,1,0,1
haan_ghil_muulnaat_1780548320626.png,0,1,1,1,0,1
haan_ghil_muulnaat_1780548323185.png,0,1,1,1,0,1
haan_ghil_muulnaat_1780548326229.png,0,1,1,1,0,1
haan_ghil_muulnaat_1780548329305.png,0,0,1,1,1,0
haan_ghil_muulnaat_1780548331702.png,0,1,1,1,1,1
haan_ghil_muulnaat_1780548334345.png,0,1,1,1,1,1
haan_ghil_muulnaat_1780548337553.png,0,1,1,1,0,0
haan_ghil_muulnaat_1780548340070.png,0,1,1,1,0,1
haan_ghil_muulnaat_1780548344163.png,0,1,1,1,0,0
haan_ghil_muulnaat_1780548346926.png,0,1,1,1,0,0
haan_ghil_muulnaat_1780548349635.png,0,0,0,0,0,0
haan_ghil_muulnaat_1780548352326.png,0,1,0,1,1,0
haan_ghil_muulnaat_1780548356314.png,0,1,1,1,1,1
haan_ghil_muulnaat_1780548359583.png,0,1,1,1,1,0
haan_ghil_muulnaat_1780548362993.png,0,0,0,0,0,0
haan_ghil_muulnaat_1780548365733.png,0,1,1,1,0,0
haan_ghil_muulnaat_1780548368452.png,0,0,1,0,0,1
haan_ghil_muulnaat_1780548371903.png,0,1,1,1,1,1
haan_ghil_muulnaat_1780548376056.png,0,1,1,1,0,0
haan_ghil_muulnaat_1780548379556.png,1,1,1,1,0,1
haan_ghil_muulnaat_1780548382501.png,0,1,1,1,0,1
haan_ghil_muulnaat_1780548385292.png,0,1,1,1,0,1
haan_ghil_muulnaat_1780548388213.png,0,0,0,0,0,0
haan_ghil_muulnaat_1780548390877.png,0,1,1,1,0,1
haan_ghil_muulnaat_1780548393664.png,1,1,1,1,0,1
haan_ghil_muulnaat_1780548396441.png,0,1,0,1,1,1
haan_ghil_muulnaat_1780548399220.png,0,1,1,1,0,0
haan_ghil_muulnaat_1780548401914.png,1,1,1,1,1,1
haan_ghil_muulnaat_1780548404662.png,0,1,1,1,0,0
haan_ghil_muulnaat_1780548407483.png,0,1,1,1,0,0
haan_ghil_muulnaat_1780548410921.png,0,1,1,1,0,1
haan_ghil_muulnaat_1780548414332.png,0,1,1,1,0,0
haan_ghil_muulnaat_1780548417145.png,0,1,1,0,0,1
haan_ghil_muulnaat_1780548419889.png,0,1,1,1,0,1
haan_ghil_muulnaat_1780548423196.png,0,1,1,1,0,1
haan_ghil_muulnaat_1780548425835.png,1,1,1,1,0,1
haan_ghil_muulnaat_1780548429186.png,0,1,1,1,0,0
haan_ghil_muulnaat_1780548431928.png,0,1,1,1,1,1
haan_ghil_muulnaat_1780548435379.png,0,1,1,1,0,0
haan_ghil_muulnaat_1780548438764.png,0,0,0,0,0,0
haan_ghil_muulnaat_1780548441579.png,0,1,1,1,0,1
haan_ghil_muulnaat_1780548444423.png,0,1,1,1,0,1
haan_ghil_muulnaat_1780548447828.png,1,1,1,1,0,0
haan_ghil_muulnaat_1780548451185.png,0,1,1,1,0,1
haan_ghil_muulnaat_1780548454582.png,0,1,1,1,0,1
haan_ghil_muulnaat_1780548457396.png,1,1,1,1,0,1
haan_ghil_muulnaat_1780548460209.png,0,1,1,1,0,1
haan_ghil_muulnaat_1780548462969.png,1,1,1,1,1,1
haan_ghil_muulnaat_1780548465732.png,0,1,1,1,0,1
haan_ghil_muulnaat_1780548469192.png,0,0,0,0,0,0
haan_ghil_muulnaat_1780548472054.png,0,1,1,1,0,1
haan_ghil_muulnaat_1780548475563.png,0,0,1,1,1,1
haan_ghil_muulnaat_1780548478390.png,0,1,1,1,1,0
haan_ghil_muulnaat_1780548481148.png,0,1,1,1,0,0
haan_ghil_muulnaat_1780548483964.png,0,1,1,1,1,1
haan_ghil_muulnaat_1780548487299.png,0,1,1,1,0,0
haan_ghil_muulnaat_1780548490830.png,0,1,1,1,0,0
haan_ghil_muulnaat_1780548494346.png,0,1,1,1,0,0
haan_ghil_muulnaat_1780548497205.png,0,1,0,1,0,0
haan_ghil_muulnaat_1780548500770.png,0,1,0,1,0,0
haan_ghil_muulnaat_1780548503659.png,0,1,1,1,0,1
haan_ghil_muulnaat_1780548506541.png,0,1,1,1,0,0
haan_ghil_muulnaat_1780548509790.png,0,1,1,1,0,1
haan_ghil_muulnaat_1780548513467.png,0,1,0,1,0,0
haan_ghil_muulnaat_1780548516372.png,0,0,0,1,0,0
haan_ghil_muulnaat_1780548519802.png,1,1,1,1,1,1
haan_ghil_muulnaat_1780548523455.png,0,1,1,1,1,0
haan_ghil_muulnaat_1780548527135.png,0,1,1,1,0,0
haan_ghil_muulnaat_1780548530627.png,0,0,1,0,0,0
haan_ghil_muulnaat_1780548533475.png,0,1,1,1,0,0
haan_ghil_muulnaat_1780548536365.png,0,1,1,1,0,1
haan_ghil_muulnaat_1780548540025.png,0,1,1,1,0,0
haan_ghil_muulnaat_1780548542883.png,0,1,1,1,1,0
haan_ghil_muulnaat_1780548545736.png,0,1,1,1,0,0
haan_ghil_muulnaat_1780548549370.png,0,1,1,1,0,1
haan_ghil_muulnaat_1780548552097.png,0,1,1,1,0,0
haan_ghil_muulnaat_1780548555544.png,0,1,1,1,0,1
haan_ghil_muulnaat_1780548558986.png,0,0,1,1,0,0
haan_ghil_muulnaat_1780548561869.png,0,0,0,0,0,0
haan_ghil_muulnaat_1780548565234.png,0,1,1,1,0,0
haan_ghil_muulnaat_1780548567926.png,0,1,1,1,0,1
haan_ghil_muulnaat_1780548570831.png,0,0,0,0,0,0
haan_ghil_muulnaat_1780548574155.png,0,1,1,1,1,0
haan_ghil_muulnaat_1780548576868.png,0,1,1,1,0,1
haan_ghil_muulnaat_1780548584884.png,0,1,1,1,1,1
haan_ghil_muulnaat_1780548595430.png,0,1,1,1,0,0
haan_ghil_muulnaat_1780548598656.png,0,0,0,0,0,0
haan_ghil_muulnaat_1780548601772.png,0,1,1,1,1,0
haan_ghil_muulnaat_1780548604907.png,0,1,1,1,1,0
haan_ghil_muulnaat_1780548608076.png,1,1,1,1,1,1
haan_ghil_muulnaat_1780548611184.png,0,1,1,1,0,0
haan_ghil_muulnaat_1780548614317.png,1,1,1,1,1,1
haan_ghil_muulnaat_1780548617344.png,0,0,1,1,0,0
haan_ghil_muulnaat_1780548620344.png,0,1,1,1,0,0
haan_ghil_muulnaat_1780548623464.png,1,1,1,1,0,1
haan_ghil_muulnaat_1780548627235.png,0,1,0,1,0,0
haan_ghil_muulnaat_1780548630300.png,1,1,1,0,0,1
haan_ghil_muulnaat_1780548633406.png,1,1,1,0,0,0
haan_ghil_muulnaat_1780548636399.png,0,1,1,1,0,1
haan_ghil_muulnaat_1780548639466.png,0,0,0,1,0,0
haan_ghil_muulnaat_1780548643312.png,0,1,0,1,0,0
haan_ghil_muulnaat_1780548647176.png,0,1,1,1,0,0
haan_ghil_muulnaat_1780548650233.png,0,1,1,1,1,1
haan_ghil_muulnaat_1780548654246.png,0,1,0,1,0,0
haan_ghil_muulnaat_1780548657306.png,0,1,1,1,1,1
haan_ghil_muulnaat_1780548660959.png,0,1,1,1,1,1
haan_ghil_muulnaat_1780548663865.png,0,1,0,1,1,1
haan_ghil_muulnaat_1780548667287.png,0,1,0,1,0,0
haan_ghil_muulnaat_1780548670385.png,0,1,1,1,0,0
haan_ghil_muulnaat_1780548673452.png,0,1,1,1,0,1
haan_ghil_muulnaat_1780548677347.png,1,1,1,1,1,1
haan_ghil_muulnaat_1780548681011.png,1,1,1,1,1,0
haan_ghil_muulnaat_1780548684768.png,0,0,1,1,1,0
haan_ghil_muulnaat_1780548687720.png,0,1,1,1,0,1
haan_ghil_muulnaat_1780548691386.png,0,1,0,1,0,0
haan_ghil_muulnaat_1780548694725.png,1,1,1,1,1,1
haan_ghil_muulnaat_1780548697558.png,0,1,1,1,0,1
haan_ghil_muulnaat_1780548700457.png,0,1,1,1,0,0
haan_ghil_muulnaat_1780548704050.png,0,0,1,1,1,0
haan_ghil_muulnaat_1780548707095.png,0,1,1,1,0,1
haan_ghil_muulnaat_1780548710798.png,0,1,1,1,0,0
haan_ghil_muulnaat_1780548713845.png,0,1,1,1,0,0
haan_ghil_muulnaat_1780548717342.png,0,1,1,1,0,0
haan_ghil_muulnaat_1780548720909.png,0,1,1,1,0,0
haan_ghil_muulnaat_1780548724392.png,0,1,1,1,0,1
haan_ghil_muulnaat_1780548728062.png,0,1,1,1,0,0
haan_ghil_muulnaat_1780548731678.png,0,0,0,1,0,0
haan_ghil_muulnaat_1780548735337.png,0,1,1,1,0,0
haan_ghil_muulnaat_1780548738923.png,0,1,1,1,0,0
haan_ghil_muulnaat_1780548742610.png,0,1,1,1,0,0
haan_ghil_muulnaat_1780576473572.png,0,1,1,1,0,1
haan_ghil_muulnaat_1780576475622.png,0,1,1,1,0,0
haan_ghil_muulnaat_1780576477081.png,1,1,1,1,0,1
haan_ghil_muulnaat_1780576479209.png,0,0,1,0,0,1
haan_ghil_muulnaat_1780576481311.png,0,1,1,1,1,1
haan_ghil_muulnaat_1780576482803.png,0,1,1,1,0,1
haan_ghil_muulnaat_1780576486788.png,1,1,1,0,1,1
haan_ghil_muulnaat_1780576488230.png,0,1,1,1,0,1
haan_ghil_muulnaat_1780576489685.png,0,0,0,0,0,0
haan_ghil_muulnaat_1780576491718.png,0,0,0,1,0,0
haan_ghil_muulnaat_1780576493636.png,0,1,1,1,1,1
haan_ghil_muulnaat_1780576495571.png,0,1,1,1,0,1
haan_ghil_muulnaat_1780576497193.png,0,1,1,0,0,1
haan_ghil_muulnaat_1780576497898.png,0,1,0,1,0,0
haan_ghil_muulnaat_1780576498481.png,0,1,1,1,0,1
haan_ghil_muulnaat_1780576498948.png,1,1,1,1,1,0
haan_ghil_muulnaat_1780576499428.png,1,1,1,1,0,0
haan_ghil_muulnaat_1780576499905.png,0,1,1,1,0,1
haan_ghil_muulnaat_1780576500350.png,0,1,1,1,0,1
haan_ghil_muulnaat_1780576500899.png,1,0,1,0,0,0
haan_ghil_muulnaat_1780576501506.png,0,1,1,1,0,0
haan_ghil_muulnaat_1780576502141.png,0,1,1,1,0,0
haan_ghil_muulnaat_1780576502750.png,0,1,1,1,0,1
haan_ghil_muulnaat_1780576503431.png,0,1,1,0,0,1
haan_ghil_muulnaat_1780576504018.png,0,1,0,1,0,1
haan_ghil_muulnaat_1780576504473.png,0,0,1,0,0,1
haan_ghil_muulnaat_1780576505097.png,0,1,1,1,0,1
haan_ghil_muulnaat_1780576505698.png,0,1,0,0,0,1
haan_ghil_muulnaat_1780576506288.png,0,1,1,1,0,1
haan_ghil_muulnaat_1780576506927.png,1,1,1,1,1,1
haan_ghil_muulnaat_1780576507500.png,0,1,1,1,0,1
haan_ghil_muulnaat_1780576508151.png,0,1,0,1,0,0
haan_ghil_muulnaat_1780576508637.png,0,1,1,1,0,0
haan_ghil_muulnaat_1780576509271.png,0,0,0,1,0,0
haan_ghil_muulnaat_1780576509936.png,0,1,0,1,0,0
haan_ghil_muulnaat_1780576510467.png,0,1,1,1,1,1
haan_ghil_muulnaat_1780576511076.png,0,1,1,1,0,0
haan_ghil_muulnaat_1780576511555.png,0,1,1,1,0,1
haan_ghil_muulnaat_1780576512165.png,0,1,1,1,1,1
haan_ghil_muulnaat_1780576512764.png,0,1,1,1,0,0
haan_ghil_muulnaat_1780576513394.png,0,0,0,1,0,0
haan_ghil_muulnaat_1780576513797.png,0,0,0,0,0,0
haan_ghil_muulnaat_1780576514456.png,0,1,1,0,0,1
haan_ghil_muulnaat_1780576514900.png,0,1,1,1,0,1
haan_ghil_muulnaat_1780576515355.png,0,0,0,0,0,0
haan_ghil_muulnaat_1780576515875.png,1,1,1,1,1,0
haan_ghil_muulnaat_1780576516501.png,1,1,1,1,1,1
haan_ghil_muulnaat_1780576517100.png,1,0,1,1,0,1
haan_ghil_muulnaat_1780576517762.png,1,1,1,1,0,0
haan_ghil_muulnaat_1780576518325.png,1,1,1,1,1,1
haan_ghil_muulnaat_1780576518959.png,0,1,1,1,1,1
haan_ghil_muulnaat_1780576519449.png,0,1,1,1,0,0
haan_ghil_muulnaat_1780576520062.png,1,1,1,1,1,0
haan_ghil_muulnaat_1780576520701.png,0,1,1,1,0,1
haan_ghil_muulnaat_1780576521138.png,0,1,1,1,0,0
haan_ghil_muulnaat_1780576521653.png,0,1,1,1,0,0
haan_ghil_muulnaat_1780576522137.png,0,1,1,1,1,1
haan_ghil_muulnaat_1780576522616.png,0,1,1,1,1,0
haan_ghil_muulnaat_1780576523260.png,0,1,1,1,0,0
haan_ghil_muulnaat_1780576523831.png,0,1,0,1,0,0
haan_ghil_muulnaat_1780576524513.png,0,0,0,0,0,1
haan_ghil_muulnaat_1780576525091.png,1,1,1,1,0,0
haan_ghil_muulnaat_1780576525619.png,0,1,1,1,1,1
haan_ghil_muulnaat_1780576526078.png,0,1,1,0,0,1
haan_ghil_muulnaat_1780576526581.png,0,0,0,0,0,0
haan_ghil_muulnaat_1780576527048.png,0,1,1,1,0,1
haan_ghil_muulnaat_1780576527526.png,0,1,1,1,0,1
haan_ghil_muulnaat_1780576528150.png,0,1,1,1,0,1
haan_ghil_muulnaat_1780576528675.png,0,1,1,1,1,0
haan_ghil_muulnaat_1780576529328.png,0,1,0,1,0,0
haan_ghil_muulnaat_1780576529803.png,0,1,1,1,0,1
haan_ghil_muulnaat_1780576530451.png,0,0,0,1,0,1
haan_ghil_muulnaat_1780576530937.png,0,1,1,1,0,0
haan_ghil_muulnaat_1780576531601.png,0,1,1,1,0,1
haan_ghil_muulnaat_1780576532071.png,0,1,1,1,0,1
haan_ghil_muulnaat_1780576532530.png,1,1,1,1,1,1
haan_ghil_muulnaat_1780576533131.png,0,1,1,1,0,1
haan_ghil_muulnaat_1780576533589.png,0,1,1,1,0,1
haan_ghil_muulnaat_1780576534223.png,0,1,1,0,0,1
haan_ghil_muulnaat_1780576534827.png,0,1,1,0,0,1
haan_ghil_muulnaat_1780576535395.png,1,1,1,1,1,1
haan_ghil_muulnaat_1780576535865.png,0,1,1,1,1,0
haan_ghil_muulnaat_1780576536382.png,0,1,1,1,0,0
haan_ghil_muulnaat_1780576536886.png,0,1,1,1,0,0
haan_ghil_muulnaat_1780576537421.png,0,1,1,0,0,0
haan_ghil_muulnaat_1780576538091.png,0,1,0,1,0,0
haan_ghil_muulnaat_1780576538717.png,0,1,1,1,0,0
haan_ghil_muulnaat_1780576539346.png,0,1,0,1,0,0
haan_ghil_muulnaat_1780576539957.png,0,1,1,1,0,0
haan_ghil_muulnaat_1780576540560.png,1,1,1,1,0,0
haan_ghil_muulnaat_1780576541210.png,0,1,1,1,1,1
haan_ghil_muulnaat_1780576541823.png,0,0,1,0,0,0
haan_ghil_muulnaat_1780576543011.png,0,1,1,1,0,0
haan_ghil_muulnaat_1780576543650.png,1,0,0,0,1,1
haan_ghil_muulnaat_1780576544061.png,0,1,1,1,0,1
haan_ghil_muulnaat_1780576544551.png,0,1,1,1,0,1
haan_ghil_muulnaat_1780576545022.png,0,1,1,1,0,1
haan_ghil_muulnaat_1780576545631.png,0,0,0,1,0,0
haan_ghil_muulnaat_1780576546101.png,0,1,1,1,0,0
haan_ghil_muulnaat_1780576546715.png,0,1,1,1,0,0
haan_ghil_muulnaat_1780576547356.png,0,1,1,1,0,1
haan_ghil_muulnaat_1780576547994.png,0,1,1,1,1,0
haan_ghil_muulnaat_1780576548539.png,0,1,1,1,0,0
haan_ghil_muulnaat_1780576549207.png,0,1,1,1,0,0
haan_ghil_muulnaat_1780576549688.png,0,1,1,1,0,1
haan_ghil_muulnaat_1780576550247.png,0,1,1,1,0,0
haan_ghil_muulnaat_1780576550735.png,0,1,1,1,0,0
haan_ghil_muulnaat_1780576551321.png,0,1,1,1,0,1
haan_ghil_muulnaat_1780576551973.png,0,1,1,1,0,1
haan_ghil_muulnaat_1780576552614.png,0,1,1,1,0,1
haan_ghil_muulnaat_1780576553201.png,0,1,1,1,0,0
haan_ghil_muulnaat_1780576553683.png,0,1,1,1,0,1
haan_ghil_muulnaat_1780576554145.png,0,1,1,1,0,1
haan_ghil_muulnaat_1780576554589.png,0,1,1,1,0,1
haan_ghil_muulnaat_1780576555226.png,0,1,1,1,0,1
haan_ghil_muulnaat_1780576555895.png,1,1,1,1,0,1
haan_ghil_muulnaat_1780576556556.png,0,1,0,1,0,0
haan_ghil_muulnaat_1780576557153.png,1,1,1,1,1,0
haan_ghil_muulnaat_1780576557652.png,0,0,1,0,1,1
haan_ghil_muulnaat_1780576558156.png,1,1,0,1,0,0
haan_ghil_muulnaat_1780576558690.png,0,1,1,1,0,0
haan_ghil_muulnaat_1780576559202.png,0,1,1,1,0,1
haan_ghil_muulnaat_1780576559860.png,0,1,1,1,0,1
haan_ghil_muulnaat_1780576560536.png,0,1,0,1,0,0
haan_ghil_muulnaat_1780576561060.png,1,1,1,1,1,1
haan_ghil_muulnaat_1780576561746.png,0,1,1,1,0,0
haan_ghil_muulnaat_1780576562351.png,0,1,1,1,0,0
haan_ghil_muulnaat_1780576562957.png,0,1,1,1,0,0
haan_ghil_muulnaat_1780576563425.png,0,1,1,1,0,1
haan_ghil_muulnaat_1780576564040.png,0,1,1,1,1,0
haan_ghil_muulnaat_1780576564719.png,0,1,1,0,0,1
haan_ghil_muulnaat_1780576565248.png,0,1,1,1,1,1
haan_ghil_muulnaat_1780576565761.png,0,1,1,1,1,0
haan_ghil_muulnaat_1780576566247.png,0,1,1,1,0,0
haan_ghil_muulnaat_1780576566886.png,0,1,0,1,0,0
haan_ghil_muulnaat_1780576567395.png,0,1,1,1,0,0
haan_ghil_muulnaat_1780576567916.png,0,1,1,1,0,1
haan_ghil_muulnaat_1780576568578.png,1,0,1,1,0,0
haan_ghil_muulnaat_1780576569202.png,0,0,1,1,1,1
haan_ghil_muulnaat_1780576569697.png,1,0,1,1,0,1
haan_ghil_muulnaat_1780576570203.png,0,0,1,1,0,1
haan_ghil_muulnaat_1780576570711.png,0,0,1,1,0,1
haan_ghil_muulnaat_1780576571324.png,0,0,1,1,0,0
haan_ghil_muulnaat_1780576571949.png,0,0,1,1,0,0
haan_ghil_muulnaat_1780576572489.png,0,1,1,1,0,1
haan_ghil_muulnaat_1780576573000.png,1,1,1,1,1,1
haan_ghil_muulnaat_1780576573678.png,0,1,0,1,0,1
haan_ghil_muulnaat_1780576574338.png,0,1,1,1,0,0
haan_ghil_muulnaat_1780576574844.png,0,1,1,1,1,1
haan_ghil_muulnaat_1780576575334.png,0,1,1,1,0,1
haan_ghil_muulnaat_1780576575859.png,0,1,1,1,1,1
haan_ghil_muulnaat_1780576576360.png,0,1,1,1,0,1
haan_ghil_muulnaat_1780576576996.png,1,1,1,1,0,1
haan_ghil_muulnaat_1780576577503.png,0,1,1,1,1,1
haan_ghil_muulnaat_1780576578045.png,0,1,0,1,0,1
haan_ghil_muulnaat_1780576578554.png,1,1,1,1,1,1
haan_ghil_muulnaat_1780576579089.png,0,1,1,1,0,0
haan_ghil_muulnaat_1780576579573.png,1,1,1,1,1,0
haan_ghil_muulnaat_1780576580217.png,0,1,0,1,0,0
haan_ghil_muulnaat_1780576580728.png,0,1,1,1,0,1
haan_ghil_muulnaat_1780576581239.png,0,1,1,1,0,1
haan_ghil_muulnaat_1780576581738.png,0,1,1,1,0,0
haan_ghil_muulnaat_1780576582258.png,1,1,1,1,0,0
haan_ghil_muulnaat_1780576582762.png,0,1,1,1,1,1
haan_ghil_muulnaat_1780576583449.png,1,1,1,1,1,1
haan_ghil_muulnaat_1780576584161.png,1,1,0,1,0,0
haan_ghil_muulnaat_1780576584697.png,0,1,1,1,1,1
haan_ghil_muulnaat_1780576585341.png,0,1,1,1,0,1
haan_ghil_muulnaat_1780576585995.png,0,1,1,1,0,1
haan_ghil_muulnaat_1780576586658.png,1,1,1,1,0,0
haan_ghil_muulnaat_1780576587304.png,0,0,1,1,0,1
haan_ghil_muulnaat_1780576587830.png,0,1,1,0,1,0
haan_ghil_muulnaat_1780576588343.png,0,1,1,1,0,0
haan_ghil_muulnaat_1780576588854.png,0,1,1,1,0,1
haan_ghil_muulnaat_1780576589396.png,0,1,1,1,0,0
haan_ghil_muulnaat_1780576590098.png,0,1,1,1,0,1
haan_ghil_muulnaat_1780576590756.png,1,1,1,1,1,1
haan_ghil_muulnaat_1780576591410.png,0,1,1,1,0,1
haan_ghil_muulnaat_1780576592033.png,0,1,1,1,1,1
haan_ghil_muulnaat_1780576592712.png,0,0,0,1,0,0
haan_ghil_muulnaat_1780576593407.png,0,1,0,1,0,0
haan_ghil_muulnaat_1780576593924.png,0,1,1,1,0,0
haan_ghil_muulnaat_1780576594439.png,0,1,1,1,0,0
haan_ghil_muulnaat_1780576595121.png,0,1,1,1,0,0
haan_ghil_muulnaat_1780576595633.png,0,1,1,1,0,1
haan_ghil_muulnaat_1780576596182.png,0,1,1,1,0,1
haan_ghil_muulnaat_1780576596861.png,0,1,0,1,0,0
haan_ghil_muulnaat_1780576597378.png,0,1,1,1,0,1
haan_ghil_muulnaat_1780576598051.png,0,1,0,1,0,0
haan_ghil_muulnaat_1780576598619.png,1,1,1,1,1,0
haan_ghil_muulnaat_1780576599364.png,0,1,1,1,1,1
haan_ghil_muulnaat_1780576599924.png,0,0,1,1,0,1
haan_ghil_muulnaat_1780576600512.png,0,0,1,1,0,1
haan_ghil_muulnaat_1780576601231.png,0,1,1,1,0,0
haan_ghil_muulnaat_1780576601782.png,0,1,1,1,0,1
haan_ghil_muulnaat_1780576602494.png,1,1,1,1,0,1
haan_ghil_muulnaat_1780576603153.png,1,1,1,1,0,1
haan_ghil_muulnaat_1780576603833.png,0,1,1,0,0,1
haan_ghil_muulnaat_1780576604550.png,0,1,1,1,1,1
haan_ghil_muulnaat_1780576605271.png,0,1,1,1,1,1
haan_ghil_muulnaat_1780576605798.png,0,1,1,1,0,1
haan_ghil_muulnaat_1780576606371.png,0,1,1,1,1,1
haan_ghil_muulnaat_1780576607064.png,0,1,1,1,1,1
haan_ghil_muulnaat_1780576607757.png,0,1,1,1,1,0
haan_ghil_muulnaat_1780576608313.png,0,1,1,1,0,1
haan_ghil_muulnaat_1780576609077.png,0,1,1,1,0,0
haan_ghil_muulnaat_1780576609662.png,0,1,1,1,1,1
haan_ghil_muulnaat_1780576610436.png,0,1,1,1,1,1
haan_ghil_muulnaat_1780576611164.png,0,1,1,1,1,1
haan_ghil_muulnaat_1780576611892.png,0,1,0,1,1,1
haan_ghil_muulnaat_1780576612428.png,0,1,0,1,0,1
haan_ghil_muulnaat_1780576612995.png,0,1,1,1,0,1
haan_ghil_muulnaat_1780576613597.png,1,1,1,1,1,1
haan_ghil_muulnaat_1780576614344.png,0,0,1,0,0,0
haan_ghil_muulnaat_1780576615024.png,0,0,0,0,0,0
haan_ghil_muulnaat_1780576615719.png,0,1,0,1,0,0
haan_ghil_muulnaat_1780576616296.png,1,1,1,1,0,1
haan_ghil_muulnaat_1780576617039.png,0,0,1,1,0,1
haan_ghil_muulnaat_1780576617646.png,0,1,1,1,1,1
haan_ghil_muulnaat_1780576618198.png,0,1,1,1,0,1
haan_ghil_muulnaat_1780576618962.png,0,1,1,1,0,1
haan_ghil_muulnaat_1780576619583.png,1,1,1,1,1,1
haan_ghil_muulnaat_1780576620314.png,0,1,1,1,1,1
haan_ghil_muulnaat_1780576620918.png,0,1,1,1,1,0
haan_ghil_muulnaat_1780576621651.png,0,0,1,1,0,0
haan_ghil_muulnaat_1780576622250.png,0,1,1,1,1,1
haan_ghil_muulnaat_1780576623067.png,0,1,1,1,0,0
haan_ghil_muulnaat_1780576623832.png,1,0,0,1,1,1
haan_ghil_muulnaat_1780576624585.png,0,1,0,1,0,0
haan_ghil_muulnaat_1780576625312.png,0,1,1,1,0,0
haan_ghil_muulnaat_1780576626081.png,1,1,1,1,1,1
haan_ghil_muulnaat_1780576626807.png,1,1,1,1,1,0
haan_ghil_muulnaat_1780576627395.png,0,0,1,1,1,1
haan_ghil_muulnaat_1780576628114.png,0,1,0,1,0,1
haan_ghil_muulnaat_1780576628878.png,0,1,1,1,0,0
haan_ghil_muulnaat_1780576629489.png,1,1,1,1,0,1
haan_ghil_muulnaat_1780576630083.png,0,1,1,1,0,0
haan_ghil_muulnaat_1780576630848.png,0,1,1,1,0,0
haan_ghil_muulnaat_1780576631617.png,1,1,1,1,1,1
haan_ghil_muulnaat_1780576632245.png,0,0,1,1,0,1
haan_ghil_muulnaat_1780576632862.png,0,1,1,1,0,1
haan_ghil_muulnaat_1780576633460.png,0,1,1,1,1,0
haan_ghil_muulnaat_1780576634056.png,1,1,1,1,0,1
haan_ghil_muulnaat_1780576634640.png,0,1,1,1,0,0
haan_ghil_muulnaat_1780576635257.png,1,1,1,1,1,0
haan_ghil_muulnaat_1780576635885.png,0,1,1,1,1,1
haan_ghil_muulnaat_1780576636651.png,0,1,0,1,0,0
haan_ghil_muulnaat_1780576637260.png,1,1,1,1,0,1
haan_ghil_muulnaat_1780576637943.png,0,1,1,1,0,0
haan_ghil_muulnaat_1780576638742.png,0,1,1,1,0,0
haan_ghil_muulnaat_1780576639364.png,0,1,1,1,0,0
haan_ghil_muulnaat_1780576640155.png,0,1,1,1,1,1
haan_ghil_muulnaat_1780576640973.png,0,1,1,1,0,1
haan_ghil_muulnaat_1780576641587.png,0,1,1,1,0,0
haan_ghil_muulnaat_1780576642194.png,0,1,1,1,1,1
haan_ghil_muulnaat_1780576643004.png,1,1,1,1,0,0
haan_ghil_muulnaat_1780576643811.png,1,1,1,1,0,0
haan_ghil_muulnaat_1780576644460.png,0,1,1,1,0,0
haan_ghil_muulnaat_1780576645251.png,0,1,1,1,1,1
haan_ghil_muulnaat_1780576645975.png,0,1,1,1,1,0
haan_ghil_muulnaat_1780576646561.png,0,1,1,1,1,0
haan_ghil_muulnaat_1780576647133.png,0,1,1,1,0,1
haan_ghil_muulnaat_1780576647716.png,0,1,1,1,0,1
haan_ghil_muulnaat_1780576648320.png,0,1,1,1,1,1
haan_ghil_muulnaat_1780576649065.png,1,1,1,1,0,1
haan_ghil_muulnaat_1780576649826.png,1,1,1,1,1,0
haan_ghil_muulnaat_1780576650560.png,0,1,1,1,0,1
haan_ghil_muulnaat_1780576651141.png,0,1,1,1,0,1
haan_ghil_muulnaat_1780576651721.png,0,0,0,0,0,0
haan_ghil_muulnaat_1780576652472.png,0,0,0,0,0,1
haan_ghil_muulnaat_1780576653256.png,0,1,1,1,1,1
haan_ghil_muulnaat_1780576653988.png,0,1,1,1,0,1
haan_ghil_muulnaat_1780576654568.png,0,1,1,1,0,0
haan_ghil_muulnaat_1780576655140.png,0,1,1,1,0,1
haan_ghil_muulnaat_1780576655865.png,0,1,1,1,0,0
haan_ghil_muulnaat_1780576656457.png,0,1,1,1,0,0
haan_ghil_muulnaat_1780576657032.png,1,1,1,1,0,0
haan_ghil_muulnaat_1780576657797.png,0,0,0,0,0,0
haan_ghil_muulnaat_1780576658377.png,0,1,1,1,0,1
haan_ghil_muulnaat_1780576658961.png,0,1,1,1,1,0
haan_ghil_muulnaat_1780576659683.png,0,1,1,1,1,1
haan_ghil_muulnaat_1780576660433.png,0,1,1,1,1,1
haan_ghil_muulnaat_1780576661211.png,0,1,1,1,0,1
haan_ghil_muulnaat_1780576661802.png,0,1,1,1,0,0
haan_ghil_muulnaat_1780576662363.png,0,1,1,1,0,1
haan_ghil_muulnaat_1780576663107.png,0,0,1,1,1,1
haan_ghil_muulnaat_1780576663699.png,0,1,1,1,0,0
haan_ghil_muulnaat_1780576664264.png,1,1,1,1,1,1
haan_ghil_muulnaat_1780576664847.png,0,1,1,0,0,0
haan_ghil_muulnaat_1780576665597.png,0,1,1,1,0,0
haan_ghil_muulnaat_1780576666416.png,1,1,1,1,1,1
haan_ghil_muulnaat_1780576667156.png,0,0,0,1,0,0
haan_ghil_muulnaat_1780576667776.png,0,1,1,1,0,1
haan_ghil_muulnaat_1780576668571.png,1,1,1,1,1,0
haan_ghil_muulnaat_1780576669366.png,0,1,0,1,0,0
haan_ghil_muulnaat_1780576669993.png,0,1,1,1,0,0
haan_ghil_muulnaat_1780576670766.png,0,1,0,0,0,0
haan_ghil_muulnaat_1780576671364.png,0,1,1,0,0,1
haan_ghil_muulnaat_1780576672193.png,1,1,1,1,1,1
haan_ghil_muulnaat_1780576673005.png,0,1,1,1,0,0
haan_ghil_muulnaat_1780576673734.png,0,0,0,0,0,0
haan_ghil_muulnaat_1780576674475.png,0,1,1,1,0,0
haan_ghil_muulnaat_1780576675281.png,0,1,1,1,0,0
haan_ghil_muulnaat_1780576676008.png,0,0,0,1,0,0
haan_ghil_muulnaat_1780576676685.png,0,1,1,1,1,1
haan_ghil_muulnaat_1780576677530.png,0,1,1,1,0,1
haan_ghil_muulnaat_1780576678300.png,0,1,1,1,0,0
haan_ghil_muulnaat_1780576679132.png,0,1,1,1,0,1
haan_ghil_muulnaat_1780576679909.png,0,1,1,0,0,1
haan_ghil_muulnaat_1780576680548.png,0,1,1,0,1,1
haan_ghil_muulnaat_1780576681195.png,1,1,1,1,0,1
haan_ghil_muulnaat_1780576681992.png,0,1,1,0,0,1
haan_ghil_muulnaat_1780576682830.png,0,1,1,1,0,1
haan_ghil_muulnaat_1780576683593.png,0,1,1,1,1,1
haan_ghil_muulnaat_1780576684421.png,0,1,1,1,0,1
haan_ghil_muulnaat_1780576685034.png,0,0,1,1,0,1
haan_ghil_muulnaat_1780576685637.png,0,1,1,1,0,1
haan_ghil_muulnaat_1780576686383.png,0,1,1,1,0,0
haan_ghil_muulnaat_1780576686975.png,1,1,1,1,0,0
haan_ghil_muulnaat_1780576687716.png,0,1,1,1,0,0
haan_ghil_muulnaat_1780576688274.png,0,1,1,1,0,1
haan_ghil_muulnaat_1780576689017.png,0,0,0,1,0,0
haan_ghil_muulnaat_1780576689573.png,0,1,1,1,0,0
haan_ghil_muulnaat_1780576690324.png,0,1,1,1,0,0
haan_ghil_muulnaat_1780576690907.png,0,1,1,1,0,1
haan_ghil_muulnaat_1780576691607.png,0,1,1,1,1,0
haan_ghil_muulnaat_1780576692173.png,0,1,1,1,0,1
haan_ghil_muulnaat_1780576692863.png,0,1,1,1,1,1
haan_ghil_muulnaat_1780576693573.png,1,1,1,1,1,0
haan_ghil_muulnaat_1780576694983.png,0,1,1,1,0,1
haan_ghil_muulnaat_1780576695725.png,0,0,1,1,1,1
haan_ghil_muulnaat_1780576696889.png,0,1,1,1,0,1
haan_ghil_muulnaat_1780576697495.png,1,0,0,0,1,0
haan_ghil_muulnaat_1780576698274.png,1,1,1,1,0,1
haan_ghil_muulnaat_1780576698860.png,0,1,1,1,1,1
haan_ghil_muulnaat_1780576699651.png,0,1,1,1,0,1
haan_ghil_muulnaat_1780576700415.png,1,1,1,1,1,1
haan_ghil_muulnaat_1780576700954.png,0,1,1,1,1,1
haan_ghil_muulnaat_1780576701584.png,0,1,1,1,1,1
haan_ghil_muulnaat_1780576702151.png,0,1,1,1,0,1
haan_ghil_muulnaat_1780576702909.png,0,1,1,1,0,1
haan_ghil_muulnaat_1780576703522.png,0,1,1,1,0,0
haan_ghil_muulnaat_1780576704263.png,0,1,1,1,0,0
haan_ghil_muulnaat_1780576704844.png,0,1,1,1,0,1
haan_ghil_muulnaat_1780576705448.png,0,1,1,1,1,0
haan_ghil_muulnaat_1780576706024.png,0,1,1,1,1,0
haan_ghil_muulnaat_1780576706827.png,0,1,1,1,0,0
haan_ghil_muulnaat_1780576707402.png,1,1,1,1,1,1
haan_ghil_muulnaat_1780576708624.png,0,1,1,1,0,1
haan_ghil_muulnaat_1780576709207.png,1,1,1,1,1,1
haan_ghil_muulnaat_1780576709787.png,0,0,1,0,0,0
haan_ghil_muulnaat_1780576710588.png,0,1,1,1,0,0
haan_ghil_muulnaat_1780576711210.png,0,1,1,1,1,1
haan_ghil_muulnaat_1780576711994.png,0,1,1,1,0,1
haan_ghil_muulnaat_1780576712768.png,0,1,1,1,0,1
haan_ghil_muulnaat_1780576713409.png,0,1,1,1,1,1
haan_ghil_muulnaat_1780576714257.png,0,1,0,1,0,1
haan_ghil_muulnaat_1780576715103.png,0,1,1,1,0,0
haan_ghil_muulnaat_1780576715872.png,0,1,1,1,1,1
haan_ghil_muulnaat_1780576716514.png,1,1,1,1,0,0
haan_ghil_muulnaat_1780576717137.png,0,1,1,1,0,0
haan_ghil_muulnaat_1780576717743.png,1,1,1,1,0,1
haan_ghil_muulnaat_1780576718509.png,0,1,1,1,0,1
haan_ghil_muulnaat_1780576719110.png,0,1,1,0,0,1
haan_ghil_muulnaat_1780576719659.png,0,1,1,1,1,0
haan_ghil_muulnaat_1780576720443.png,0,1,1,1,0,0
haan_ghil_muulnaat_1780576721024.png,1,1,1,1,0,0
haan_ghil_muulnaat_1780576721825.png,0,1,0,1,0,0
haan_ghil_muulnaat_1780576722554.png,0,1,0,1,0,0
haan_ghil_muulnaat_1780576723159.png,0,1,1,1,0,0
haan_ghil_muulnaat_1780576723914.png,0,1,1,0,0,0
haan_ghil_muulnaat_1780576724539.png,0,1,1,1,0,1
haan_ghil_muulnaat_1780576725133.png,1,1,1,1,1,1
haan_ghil_muulnaat_1780576725930.png,1,1,1,1,0,1
haan_ghil_muulnaat_1780576726538.png,0,1,1,1,1,1
haan_ghil_muulnaat_1780576727345.png,1,1,0,0,0,0
haan_ghil_muulnaat_1780576728096.png,0,1,1,1,0,0
haan_ghil_muulnaat_1780576728693.png,0,1,1,1,0,1
haan_ghil_muulnaat_1780576729355.png,0,1,1,1,1,1
haan_ghil_muulnaat_1780576730007.png,0,1,1,1,0,0
haan_ghil_muulnaat_1780576730805.png,0,1,1,0,0,1
haan_ghil_muulnaat_1780576731469.png,0,1,1,1,1,0
haan_ghil_muulnaat_1780576732119.png,1,1,1,1,1,1
haan_ghil_muulnaat_1780576732900.png,0,1,1,1,0,1
haan_ghil_muulnaat_1780576733660.png,0,0,0,1,0,0
haan_ghil_muulnaat_1780576734530.png,0,1,1,1,0,0
haan_ghil_muulnaat_1780576735393.png,0,0,0,1,0,0
haan_ghil_muulnaat_1780576735972.png,1,1,0,1,1,1
haan_ghil_muulnaat_1780576736539.png,1,1,1,1,0,1
haan_ghil_muulnaat_1780576737305.png,1,1,1,1,1,1
haan_ghil_muulnaat_1780576737870.png,0,1,1,1,0,1
haan_ghil_muulnaat_1780576738627.png,0,1,1,0,0,1
haan_ghil_muulnaat_1780576739427.png,0,1,1,1,1,1
haan_ghil_muulnaat_1780576740202.png,0,1,1,0,1,1
haan_ghil_muulnaat_1780576740814.png,1,1,1,1,1,1
haan_ghil_muulnaat_1780576741589.png,0,1,1,1,0,0
haan_ghil_muulnaat_1780576742151.png,0,1,1,1,0,0
haan_ghil_muulnaat_1780576742757.png,0,1,1,1,0,1
haan_ghil_muulnaat_1780576743528.png,1,1,1,1,1,0
haan_ghil_muulnaat_1780576744276.png,0,1,1,1,0,1
haan_ghil_muulnaat_1780576745015.png,0,0,0,1,0,0
haan_ghil_muulnaat_1780576745758.png,1,1,1,1,0,1
haan_ghil_muulnaat_1780576746503.png,0,1,1,1,0,1
haan_ghil_muulnaat_1780576747225.png,1,1,1,1,1,0
haan_ghil_muulnaat_1780576747951.png,0,1,1,1,1,1
haan_ghil_muulnaat_1780576748717.png,1,1,1,1,1,1
haan_ghil_muulnaat_1780576749492.png,1,1,1,1,0,0
haan_ghil_muulnaat_1780576750058.png,0,1,1,1,0,1
haan_ghil_muulnaat_1780576750651.png,0,1,1,1,1,1
haan_ghil_muulnaat_1780576751401.png,1,0,1,1,0,0
haan_ghil_muulnaat_1780576752163.png,1,1,1,1,0,1
haan_ghil_muulnaat_1780576752885.png,0,1,1,0,0,0
haan_ghil_muulnaat_1780576753555.png,0,1,1,1,0,0
haan_ghil_muulnaat_1780576754285.png,1,1,1,1,0,0
haan_ghil_muulnaat_1780576754866.png,0,1,0,1,1,1
haan_ghil_muulnaat_1780576755602.png,0,1,1,1,0,1
haan_ghil_muulnaat_1780576756163.png,0,0,0,0,0,1
haan_ghil_muulnaat_1780576756814.png,1,1,1,1,1,1
haan_ghil_muulnaat_1780576757561.png,0,0,1,1,1,1
haan_ghil_muulnaat_1780576758119.png,0,0,0,0,0,0
haan_ghil_muulnaat_1780576758756.png,0,1,1,1,0,1
haan_ghil_muulnaat_1780576759540.png,0,1,1,1,1,1
haan_ghil_muulnaat_1780576760138.png,0,1,1,1,0,1
haan_ghil_muulnaat_1780576760916.png,0,1,1,1,0,1
haan_ghil_muulnaat_1780576761501.png,0,1,1,1,1,1
haan_ghil_muulnaat_1780576762138.png,0,1,1,1,0,1
haan_ghil_muulnaat_1780576762934.png,1,1,1,1,1,1
haan_ghil_muulnaat_1780576763474.png,0,1,1,1,0,1
haan_ghil_muulnaat_1780576764266.png,0,1,0,1,0,0
haan_ghil_muulnaat_1780576765032.png,1,1,1,1,0,0
haan_ghil_muulnaat_1780576765656.png,0,1,1,1,0,1
haan_ghil_muulnaat_1780576766277.png,0,1,1,1,0,0
haan_ghil_muulnaat_1780576767133.png,0,1,1,1,1,1
haan_ghil_muulnaat_1780576767920.png,0,1,1,1,1,1
haan_ghil_muulnaat_1780576768559.png,0,1,1,1,0,1
haan_ghil_muulnaat_1780576769167.png,0,1,1,0,1,1
haan_ghil_muulnaat_1780576769784.png,0,1,1,1,0,1
haan_ghil_muulnaat_1780576770425.png,1,1,1,1,1,1
haan_ghil_muulnaat_1780576771079.png,0,1,1,1,0,1
haan_ghil_muulnaat_1780576771869.png,0,1,1,1,0,1
haan_ghil_muulnaat_1780576772735.png,0,1,1,1,1,1
haan_ghil_muulnaat_1780576773397.png,0,1,1,1,0,1
haan_ghil_muulnaat_1780576774046.png,0,1,1,1,0,1
haan_ghil_muulnaat_1780576774681.png,0,1,1,1,0,0
haan_ghil_muulnaat_1780576775316.png,0,1,1,1,0,1
haan_ghil_muulnaat_1780576775942.png,0,1,1,1,0,1
haan_ghil_muulnaat_1780576776733.png,1,1,1,1,1,0
haan_ghil_muulnaat_1780576777321.png,0,1,1,1,0,1
haan_ghil_muulnaat_1780576777930.png,0,0,0,0,0,0
haan_ghil_muulnaat_1780576778709.png,0,1,1,1,0,1
haan_ghil_muulnaat_1780576779514.png,0,1,1,1,0,1
haan_ghil_muulnaat_1780576780289.png,0,1,0,0,0,0
haan_ghil_muulnaat_1780576780917.png,0,1,1,1,0,1
haan_ghil_muulnaat_1780576781682.png,0,1,1,1,1,1
haan_ghil_muulnaat_1780576782443.png,0,1,0,1,0,0
haan_ghil_muulnaat_1780576783031.png,0,1,1,1,0,0
haan_ghil_muulnaat_1780576783628.png,0,1,1,1,1,1
haan_ghil_muulnaat_1780576784386.png,0,1,0,1,0,0
haan_ghil_muulnaat_1780576785159.png,0,0,0,1,0,0
haan_ghil_muulnaat_1780576785947.png,0,0,1,0,1,0
haan_ghil_muulnaat_1780576786531.png,0,0,0,0,0,0
haan_ghil_muulnaat_1780576787118.png,1,1,1,1,1,1
haan_ghil_muulnaat_1780576787711.png,0,1,1,1,0,1
haan_ghil_muulnaat_1780576788322.png,0,0,1,1,0,1
haan_ghil_muulnaat_1780576789559.png,0,1,1,1,0,0
haan_ghil_muulnaat_1780576790135.png,0,1,1,1,0,0
haan_ghil_muulnaat_1780576790744.png,0,1,1,1,1,1
haan_ghil_muulnaat_1780576791307.png,0,1,1,1,1,1
haan_ghil_muulnaat_1780576792046.png,0,1,1,1,0,0
haan_ghil_muulnaat_1780576792600.png,0,1,1,1,1,1
haan_ghil_muulnaat_1780576793324.png,0,1,1,1,0,1
haan_ghil_muulnaat_1780576794064.png,0,1,1,1,0,1
haan_ghil_muulnaat_1780576794807.png,0,0,0,0,0,0
haan_ghil_muulnaat_1780576795390.png,0,1,1,1,1,1
haan_ghil_muulnaat_1780576795935.png,0,1,1,1,0,0
haan_ghil_muulnaat_1780576796658.png,1,0,1,0,1,0
haan_ghil_muulnaat_1780576797289.png,0,1,1,1,0,1
haan_ghil_muulnaat_1780576798053.png,0,1,0,1,0,0
haan_ghil_muulnaat_1780576798800.png,1,1,1,1,0,0
haan_ghil_muulnaat_1780576799553.png,0,1,1,1,0,1
haan_ghil_muulnaat_1780576800123.png,0,1,1,1,1,0
haan_ghil_muulnaat_1780576800839.png,1,1,1,1,0,1
haan_ghil_muulnaat_1780576801582.png,0,1,1,1,0,1
haan_ghil_muulnaat_1780576802340.png,0,1,0,1,0,0
haan_ghil_muulnaat_1780576803072.png,0,1,1,1,0,1
haan_ghil_muulnaat_1780576803687.png,0,1,1,1,0,1
haan_ghil_muulnaat_1780576804256.png,1,1,1,1,1,1
haan_ghil_muulnaat_1780576804818.png,1,1,1,1,0,1
haan_ghil_muulnaat_1780576805544.png,0,1,1,1,0,1
haan_ghil_muulnaat_1780577197615.png,0,1,1,1,1,1
haan_ghil_muulnaat_1780577199004.png,0,1,1,1,1,1
haan_ghil_muulnaat_1780577201064.png,0,1,1,1,0,0
haan_ghil_muulnaat_1780577203138.png,1,1,1,1,0,1
haan_ghil_muulnaat_1780577204556.png,1,1,1,1,0,0
haan_ghil_muulnaat_1780577206538.png,0,1,0,1,0,0
haan_ghil_muulnaat_1780577208520.png,0,1,1,1,0,1
haan_ghil_muulnaat_1780577210493.png,0,1,1,1,0,0
haan_ghil_muulnaat_1780577211975.png,0,1,1,1,0,1
haan_ghil_muulnaat_1780577214019.png,0,1,0,1,0,0
haan_ghil_muulnaat_1780577215397.png,0,1,1,1,0,1
haan_ghil_muulnaat_1780577216827.png,0,0,1,1,0,1
haan_ghil_muulnaat_1780577218248.png,0,1,1,1,1,1
haan_ghil_muulnaat_1780577220303.png,0,1,1,1,0,1
haan_ghil_muulnaat_1780577222365.png,0,1,1,1,0,0
haan_ghil_muulnaat_1780577223802.png,0,0,0,0,0,0
haan_ghil_muulnaat_1780577225799.png,0,1,0,1,0,0
haan_ghil_muulnaat_1780577227827.png,1,1,1,1,0,1
haan_ghil_muulnaat_1780577229290.png,0,1,1,1,0,1
haan_ghil_muulnaat_1780577230733.png,0,1,1,1,0,1
haan_ghil_muulnaat_1780577232793.png,0,1,1,1,0,0
haan_ghil_muulnaat_1780577234247.png,0,1,1,1,0,0
haan_ghil_muulnaat_1780577234921.png,0,1,1,1,1,1
haan_ghil_muulnaat_1780577235550.png,0,1,1,1,1,1
haan_ghil_muulnaat_1780577236185.png,0,0,1,1,0,0
haan_ghil_muulnaat_1780577237204.png,0,1,1,1,0,1
haan_ghil_muulnaat_1780577237786.png,0,1,0,0,0,1
haan_ghil_muulnaat_1780577238426.png,0,1,1,1,0,1
haan_ghil_muulnaat_1780577239000.png,0,1,1,1,0,1
haan_ghil_muulnaat_1780577239616.png,0,1,0,1,0,1
haan_ghil_muulnaat_1780577240163.png,0,1,1,0,0,1
haan_ghil_muulnaat_1780577240763.png,0,1,1,0,0,0
haan_ghil_muulnaat_1780577241380.png,0,1,0,1,0,0
haan_ghil_muulnaat_1780577241946.png,0,1,0,1,0,0
haan_ghil_muulnaat_1780577242507.png,0,1,1,1,0,1
haan_ghil_muulnaat_1780577242982.png,0,1,1,1,1,1
haan_ghil_muulnaat_1780577243452.png,0,1,1,1,1,1
haan_ghil_muulnaat_1780577244079.png,0,1,1,0,0,1
haan_ghil_muulnaat_1780577244684.png,0,1,1,1,0,1
haan_ghil_muulnaat_1780577245162.png,1,1,1,1,1,1
haan_ghil_muulnaat_1780577245619.png,0,1,1,1,1,1
haan_ghil_muulnaat_1780577246108.png,0,1,1,1,0,1
haan_ghil_muulnaat_1780577246738.png,0,0,0,1,0,0
haan_ghil_muulnaat_1780577247230.png,0,1,1,1,0,1
haan_ghil_muulnaat_1780577247714.png,0,1,1,1,0,1
haan_ghil_muulnaat_1780577248293.png,0,1,1,1,1,0
haan_ghil_muulnaat_1780577248736.png,0,0,0,0,0,1
haan_ghil_muulnaat_1780577249220.png,0,1,1,1,1,0
haan_ghil_muulnaat_1780577249829.png,1,1,1,1,0,0
haan_ghil_muulnaat_1780577250468.png,0,1,1,1,0,1
haan_ghil_muulnaat_1780577250893.png,0,0,0,0,0,0
haan_ghil_muulnaat_1780577251403.png,0,1,1,1,1,1
haan_ghil_muulnaat_1780577252078.png,0,1,0,1,0,0
haan_ghil_muulnaat_1780577252456.png,0,1,1,1,1,1
haan_ghil_muulnaat_1780577252957.png,0,0,0,1,0,0
haan_ghil_muulnaat_1780577253438.png,0,1,0,1,1,1
haan_ghil_muulnaat_1780577253978.png,1,1,1,1,0,1
haan_ghil_muulnaat_1780577254591.png,0,1,1,1,0,1
haan_ghil_muulnaat_1780577255107.png,0,0,0,0,0,0
haan_ghil_muulnaat_1780577255707.png,0,1,1,1,0,1
haan_ghil_muulnaat_1780577256189.png,1,1,1,1,0,1
haan_ghil_muulnaat_1780577256659.png,0,1,1,1,0,1
haan_ghil_muulnaat_1780577257126.png,1,1,1,1,0,0
haan_ghil_muulnaat_1780577257765.png,0,1,0,1,0,1
haan_ghil_muulnaat_1780577258422.png,0,0,0,1,0,0
haan_ghil_muulnaat_1780577258876.png,0,0,1,1,0,1
haan_ghil_muulnaat_1780577259517.png,0,1,1,1,0,0
haan_ghil_muulnaat_1780577259986.png,0,1,1,1,1,0
haan_ghil_muulnaat_1780577261218.png,1,1,1,1,0,1
haan_ghil_muulnaat_1780577261795.png,0,0,0,1,0,0
haan_ghil_muulnaat_1780577262416.png,0,1,1,1,0,1
haan_ghil_muulnaat_1780577263016.png,0,1,1,1,0,1
haan_ghil_muulnaat_1780577263631.png,0,1,1,1,0,0
haan_ghil_muulnaat_1780577264120.png,0,1,1,1,1,0
haan_ghil_muulnaat_1780577264593.png,0,1,1,1,0,0
haan_ghil_muulnaat_1780577265260.png,1,1,1,1,0,0
haan_ghil_muulnaat_1780577265884.png,1,1,1,1,1,1
haan_ghil_muulnaat_1780577266337.png,0,1,1,1,1,1
haan_ghil_muulnaat_1780577266756.png,0,1,1,0,1,0
haan_ghil_muulnaat_1780577267357.png,0,1,0,1,0,0
haan_ghil_muulnaat_1780577268020.png,0,1,1,1,1,0
haan_ghil_muulnaat_1780577268579.png,0,1,1,1,0,0
haan_ghil_muulnaat_1780577269070.png,1,1,1,1,1,1
haan_ghil_muulnaat_1780577269565.png,0,1,1,1,0,0
haan_ghil_muulnaat_1780577270056.png,1,1,1,1,1,1
haan_ghil_muulnaat_1780577270509.png,0,0,1,1,0,0
haan_ghil_muulnaat_1780577270972.png,0,0,0,0,0,0
haan_ghil_muulnaat_1780577271482.png,1,1,1,0,0,1
haan_ghil_muulnaat_1780577272082.png,0,1,1,1,0,1
haan_ghil_muulnaat_1780577272555.png,1,1,1,1,1,1
haan_ghil_muulnaat_1780577273003.png,0,1,1,1,0,0
haan_ghil_muulnaat_1780577273486.png,0,1,1,1,0,1
haan_ghil_muulnaat_1780577274132.png,1,1,1,1,1,1
haan_ghil_muulnaat_1780577274715.png,0,1,1,1,0,1
haan_ghil_muulnaat_1780577275219.png,0,1,1,1,0,1
haan_ghil_muulnaat_1780577275681.png,0,1,0,1,0,1
haan_ghil_muulnaat_1780577276166.png,0,1,1,1,0,1
haan_ghil_muulnaat_1780577276667.png,0,1,1,1,0,1
haan_ghil_muulnaat_1780577277153.png,0,0,0,0,0,1
haan_ghil_muulnaat_1780577277744.png,0,1,1,1,0,0
haan_ghil_muulnaat_1780577278408.png,0,1,1,1,0,0
haan_ghil_muulnaat_1780577278990.png,0,1,1,1,1,1
haan_ghil_muulnaat_1780577279585.png,0,1,1,1,1,1
haan_ghil_muulnaat_1780577280077.png,0,0,0,0,0,0
haan_ghil_muulnaat_1780577280721.png,0,1,1,1,0,0
haan_ghil_muulnaat_1780577281201.png,1,1,1,1,1,1
haan_ghil_muulnaat_1780577281679.png,0,0,0,1,1,0
haan_ghil_muulnaat_1780577282175.png,0,1,1,1,0,1
haan_ghil_muulnaat_1780577282766.png,0,1,1,0,0,1
haan_ghil_muulnaat_1780577283308.png,0,1,1,1,0,1
haan_ghil_muulnaat_1780577283769.png,0,1,1,1,0,1
haan_ghil_muulnaat_1780577284436.png,1,1,1,1,1,1
haan_ghil_muulnaat_1780577284937.png,0,1,1,1,0,1
haan_ghil_muulnaat_1780577285414.png,0,1,1,1,0,1
haan_ghil_muulnaat_1780577285888.png,0,1,1,1,0,1
haan_ghil_muulnaat_1780577286504.png,0,0,0,0,0,0
haan_ghil_muulnaat_1780577287176.png,0,0,1,1,0,1
haan_ghil_muulnaat_1780577287742.png,0,1,1,1,0,1
haan_ghil_muulnaat_1780577288310.png,1,1,1,1,0,1
haan_ghil_muulnaat_1780577288983.png,1,1,1,1,1,1
haan_ghil_muulnaat_1780577289609.png,1,1,1,1,0,1
haan_ghil_muulnaat_1780577290218.png,1,1,1,1,0,1
haan_ghil_muulnaat_1780577290843.png,0,1,1,1,0,1
haan_ghil_muulnaat_1780577291448.png,0,1,1,1,0,0
haan_ghil_muulnaat_1780577292140.png,1,1,1,1,0,1
haan_ghil_muulnaat_1780577292783.png,1,1,0,1,0,0
haan_ghil_muulnaat_1780577293485.png,0,0,0,1,0,0
haan_ghil_muulnaat_1780577294096.png,0,1,1,1,0,1
haan_ghil_muulnaat_1780577294764.png,0,1,1,1,0,1
haan_ghil_muulnaat_1780577295412.png,0,1,1,1,0,1
haan_ghil_muulnaat_1780577296066.png,0,1,1,1,0,1
haan_ghil_muulnaat_1780577296569.png,0,1,1,1,0,1
haan_ghil_muulnaat_1780577297183.png,0,1,0,0,0,0
haan_ghil_muulnaat_1780577297659.png,0,1,1,1,0,1
haan_ghil_muulnaat_1780577298157.png,0,1,1,0,0,0
haan_ghil_muulnaat_1780577298618.png,1,1,1,1,1,1
haan_ghil_muulnaat_1780577299301.png,0,1,1,1,0,1
haan_ghil_muulnaat_1780577299827.png,0,1,1,1,1,0
haan_ghil_muulnaat_1780577300467.png,0,1,1,1,0,0
haan_ghil_muulnaat_1780577301002.png,1,1,1,1,0,0
haan_ghil_muulnaat_1780577301501.png,1,1,1,1,1,1
haan_ghil_muulnaat_1780577302105.png,0,1,1,1,0,0
haan_ghil_muulnaat_1780577302726.png,0,1,1,1,0,0
haan_ghil_muulnaat_1780577303416.png,0,1,1,1,0,1
haan_ghil_muulnaat_1780577304114.png,0,1,0,1,0,0
haan_ghil_muulnaat_1780577304624.png,1,1,1,1,1,1
haan_ghil_muulnaat_1780577305248.png,0,0,1,0,0,0
haan_ghil_muulnaat_1780577305873.png,0,1,0,1,0,0
haan_ghil_muulnaat_1780577306500.png,0,1,1,1,1,0
haan_ghil_muulnaat_1780577307010.png,0,0,1,1,0,1
haan_ghil_muulnaat_1780577307703.png,0,0,0,1,0,0
haan_ghil_muulnaat_1780577308204.png,0,1,1,1,1,1
haan_ghil_muulnaat_1780577308714.png,0,1,1,1,0,0
haan_ghil_muulnaat_1780577309416.png,0,1,1,1,0,1
haan_ghil_muulnaat_1780577309816.png,0,1,1,1,0,0
haan_ghil_muulnaat_1780577310328.png,0,0,0,1,0,0
haan_ghil_muulnaat_1780577310827.png,0,1,1,1,0,0
haan_ghil_muulnaat_1780577311494.png,0,1,0,1,0,0
haan_ghil_muulnaat_1780577311997.png,0,1,1,1,1,1
haan_ghil_muulnaat_1780577312620.png,0,1,0,1,0,0
haan_ghil_muulnaat_1780577313290.png,0,1,1,0,0,1
haan_ghil_muulnaat_1780577313822.png,0,1,1,1,0,1
haan_ghil_muulnaat_1780577314447.png,0,1,0,1,0,0
haan_ghil_muulnaat_1780577314952.png,0,1,1,1,1,1
haan_ghil_muulnaat_1780577315555.png,0,1,1,1,0,0
haan_ghil_muulnaat_1780577316073.png,0,1,1,1,0,0
haan_ghil_muulnaat_1780577316564.png,1,1,1,1,0,0
haan_ghil_muulnaat_1780577317286.png,0,0,1,1,0,0
haan_ghil_muulnaat_1780577318010.png,1,1,1,1,0,1
haan_ghil_muulnaat_1780577318550.png,1,1,1,1,1,1
haan_ghil_muulnaat_1780577319788.png,0,1,1,1,0,0
haan_ghil_muulnaat_1780577320326.png,0,0,0,1,1,1
haan_ghil_muulnaat_1780577320999.png,0,1,1,1,0,0
haan_ghil_muulnaat_1780577321539.png,1,1,1,1,0,1
haan_ghil_muulnaat_1780577322049.png,0,1,1,1,1,1
haan_ghil_muulnaat_1780577322567.png,0,1,1,1,0,0
haan_ghil_muulnaat_1780577323271.png,0,1,1,1,0,0
haan_ghil_muulnaat_1780577323969.png,0,1,1,1,1,1
haan_ghil_muulnaat_1780577324621.png,0,1,0,1,0,1
haan_ghil_muulnaat_1780577325169.png,0,1,1,1,0,0
haan_ghil_muulnaat_1780577325859.png,1,1,1,1,0,1
haan_ghil_muulnaat_1780577326402.png,1,1,1,1,0,1
haan_ghil_muulnaat_1780577327131.png,1,1,1,1,0,0
haan_ghil_muulnaat_1780577327830.png,0,1,1,1,0,1
haan_ghil_muulnaat_1780577328453.png,0,1,0,0,0,0
haan_ghil_muulnaat_1780577329136.png,0,1,1,1,0,0
haan_ghil_muulnaat_1780577329627.png,0,1,1,1,0,1
haan_ghil_muulnaat_1780577330315.png,1,1,1,1,0,0
haan_ghil_muulnaat_1780577330994.png,0,1,1,1,0,1
haan_ghil_muulnaat_1780577331712.png,0,1,0,1,0,0
haan_ghil_muulnaat_1780577332381.png,0,1,1,1,0,0
haan_ghil_muulnaat_1780577333129.png,0,1,0,1,0,0
haan_ghil_muulnaat_1780577333836.png,0,1,1,1,1,1
haan_ghil_muulnaat_1780577334525.png,0,1,1,1,0,1
haan_ghil_muulnaat_1780577335079.png,0,1,1,1,0,0
haan_ghil_muulnaat_1780577335644.png,0,1,1,0,0,1
haan_ghil_muulnaat_1780577336164.png,0,1,1,1,1,1
haan_ghil_muulnaat_1780577336922.png,0,1,1,1,1,1
haan_ghil_muulnaat_1780577337520.png,0,1,1,1,1,1
haan_ghil_muulnaat_1780577338077.png,0,1,1,1,0,1
haan_ghil_muulnaat_1780577338795.png,0,1,1,1,0,0
haan_ghil_muulnaat_1780577339538.png,0,1,1,1,0,0
haan_ghil_muulnaat_1780577340244.png,0,1,1,1,1,1
haan_ghil_muulnaat_1780577340984.png,0,1,1,1,1,0
haan_ghil_muulnaat_1780577341579.png,0,1,1,1,1,1
haan_ghil_muulnaat_1780577342170.png,1,1,1,1,1,0
haan_ghil_muulnaat_1780577342736.png,0,1,1,1,0,0
haan_ghil_muulnaat_1780577343295.png,0,1,1,1,0,1
haan_ghil_muulnaat_1780577343888.png,0,1,1,1,0,1
haan_ghil_muulnaat_1780577344632.png,0,1,1,1,0,1
haan_ghil_muulnaat_1780577345195.png,0,0,1,1,0,1
haan_ghil_muulnaat_1780577345891.png,0,1,1,1,0,0
haan_ghil_muulnaat_1780577346451.png,0,1,1,1,0,1
haan_ghil_muulnaat_1780577347630.png,0,1,1,1,0,0
haan_ghil_muulnaat_1780577348259.png,0,1,1,1,0,1
haan_ghil_muulnaat_1780577348805.png,0,1,1,1,0,1
haan_ghil_muulnaat_1780577349571.png,0,1,0,1,0,0
haan_ghil_muulnaat_1780577350294.png,1,1,1,1,0,1
haan_ghil_muulnaat_1780577351050.png,0,1,1,1,1,1
haan_ghil_muulnaat_1780577351632.png,1,1,1,1,1,1
haan_ghil_muulnaat_1780577352393.png,0,0,1,1,0,0
haan_ghil_muulnaat_1780577352979.png,1,1,1,0,1,1
haan_ghil_muulnaat_1780577353749.png,0,1,1,1,0,0
haan_ghil_muulnaat_1780577354315.png,0,1,1,1,1,0
haan_ghil_muulnaat_1780577355073.png,0,1,1,1,0,1
haan_ghil_muulnaat_1780577355627.png,0,1,1,1,0,1
haan_ghil_muulnaat_1780577356190.png,0,1,1,1,0,0
haan_ghil_muulnaat_1780577356847.png,0,0,0,0,0,0
haan_ghil_muulnaat_1780577357597.png,0,1,1,1,0,0
haan_ghil_muulnaat_1780577358229.png,0,1,1,1,1,1
haan_ghil_muulnaat_1780577359039.png,1,1,1,1,0,1
haan_ghil_muulnaat_1780577359660.png,0,1,1,1,1,1
haan_ghil_muulnaat_1780577360470.png,0,1,1,0,0,1
haan_ghil_muulnaat_1780577361080.png,0,1,1,1,0,1
haan_ghil_muulnaat_1780577361703.png,0,1,1,1,0,1
haan_ghil_muulnaat_1780577362537.png,0,1,1,1,0,1
haan_ghil_muulnaat_1780577363358.png,0,1,1,1,1,1
haan_ghil_muulnaat_1780577364176.png,0,1,1,1,0,0
haan_ghil_muulnaat_1780577364743.png,0,1,1,1,0,1
haan_ghil_muulnaat_1780577365402.png,0,1,1,1,1,0
haan_ghil_muulnaat_1780577366173.png,0,1,1,1,0,0
haan_ghil_muulnaat_1780577366755.png,0,1,1,1,0,1
haan_ghil_muulnaat_1780577367333.png,0,1,1,1,0,1
haan_ghil_muulnaat_1780577368118.png,0,0,0,1,0,0
haan_ghil_muulnaat_1780577368861.png,0,1,1,1,0,1
haan_ghil_muulnaat_1780577369457.png,0,1,1,1,1,0
haan_ghil_muulnaat_1780577369965.png,0,1,1,1,0,1
haan_ghil_muulnaat_1780577370689.png,0,0,0,0,0,0
haan_ghil_muulnaat_1780577371464.png,0,1,1,1,0,0
haan_ghil_muulnaat_1780577372096.png,0,1,1,1,0,0
haan_ghil_muulnaat_1780577372723.png,0,1,1,1,0,0
haan_ghil_muulnaat_1780577373528.png,0,1,1,1,0,0
haan_ghil_muulnaat_1780577374150.png,0,1,1,1,1,1
haan_ghil_muulnaat_1780577374905.png,0,0,0,1,0,0
haan_ghil_muulnaat_1780577375521.png,0,1,1,1,0,0
haan_ghil_muulnaat_1780577376153.png,0,1,1,1,0,1
haan_ghil_muulnaat_1780577376793.png,0,1,1,1,1,1
haan_ghil_muulnaat_1780577377423.png,0,1,1,1,0,1
haan_ghil_muulnaat_1780577378020.png,0,1,1,1,0,1
haan_ghil_muulnaat_1780577378580.png,0,1,1,1,1,1
haan_ghil_muulnaat_1780577379140.png,0,1,1,1,0,1
haan_ghil_muulnaat_1780577380380.png,0,1,1,1,0,0
haan_ghil_muulnaat_1780577381133.png,0,1,1,1,0,1
haan_ghil_muulnaat_1780577381895.png,0,1,1,1,1,1
haan_ghil_muulnaat_1780577382508.png,1,1,1,1,0,0
haan_ghil_muulnaat_1780577383259.png,1,0,1,1,0,0
haan_ghil_muulnaat_1780577384024.png,0,1,1,1,0,0
haan_ghil_muulnaat_1780577384617.png,0,1,1,1,0,1
haan_ghil_muulnaat_1780577385366.png,0,0,1,1,0,0
haan_ghil_muulnaat_1780577386554.png,0,0,0,0,0,0
haan_ghil_muulnaat_1780577387142.png,0,1,1,1,0,0
haan_ghil_muulnaat_1780577387951.png,0,1,1,1,0,0
haan_ghil_muulnaat_1780577388585.png,0,1,1,1,0,1
haan_ghil_muulnaat_1780577389353.png,0,0,0,0,0,0
haan_ghil_muulnaat_1780577390129.png,0,1,0,1,0,0
haan_ghil_muulnaat_1780577390964.png,1,1,1,1,1,0
haan_ghil_muulnaat_1780577391582.png,0,1,0,1,1,0
haan_ghil_muulnaat_1780577392199.png,0,1,1,1,1,1
haan_ghil_muulnaat_1780577392985.png,0,1,0,1,0,0
haan_ghil_muulnaat_1780577393583.png,0,1,1,1,0,1
haan_ghil_muulnaat_1780577394343.png,1,1,1,1,0,0
haan_ghil_muulnaat_1780577394931.png,1,1,1,1,0,0
haan_ghil_muulnaat_1780577395554.png,0,1,1,1,0,1
haan_ghil_muulnaat_1780577396306.png,1,1,1,1,0,0
haan_ghil_muulnaat_1780577397094.png,0,1,1,1,0,0
haan_ghil_muulnaat_1780577397754.png,1,1,1,1,0,1
haan_ghil_muulnaat_1780577398525.png,1,1,1,1,0,0
haan_ghil_muulnaat_1780577399151.png,1,1,1,1,1,1
haan_ghil_muulnaat_1780577399747.png,1,1,1,1,0,1
haan_ghil_muulnaat_1780577400573.png,0,1,0,1,0,0
haan_ghil_muulnaat_1780577401426.png,1,1,1,1,0,0
haan_ghil_muulnaat_1780577402249.png,1,1,1,1,0,0
haan_ghil_muulnaat_1780577403070.png,0,1,1,0,0,0
haan_ghil_muulnaat_1780577403898.png,0,0,0,0,0,0
haan_ghil_muulnaat_1780577404528.png,1,1,1,1,1,1
haan_ghil_muulnaat_1780577405305.png,1,1,1,1,0,1
haan_ghil_muulnaat_1780577406036.png,0,1,1,1,0,0
haan_ghil_muulnaat_1780577406802.png,0,1,1,1,0,0
haan_ghil_muulnaat_1780577407553.png,0,1,1,1,0,1
haan_ghil_muulnaat_1780577408341.png,0,1,1,1,0,1
haan_ghil_muulnaat_1780577408954.png,1,1,1,1,1,1
haan_ghil_muulnaat_1780577409541.png,1,1,1,1,0,1
haan_ghil_muulnaat_1780577410125.png,0,1,1,1,1,0
haan_ghil_muulnaat_1780577410897.png,0,1,0,1,0,0
haan_ghil_muulnaat_1780577411657.png,0,1,1,1,0,0
haan_ghil_muulnaat_1780577412239.png,0,1,1,1,0,0
haan_ghil_muulnaat_1780577412978.png,1,1,1,1,1,0
haan_ghil_muulnaat_1780577413802.png,0,1,1,1,0,1
haan_ghil_muulnaat_1780577414428.png,0,1,1,1,0,1
haan_ghil_muulnaat_1780577415057.png,0,1,1,1,0,1
haan_ghil_muulnaat_1780577415806.png,0,1,1,1,1,1
haan_ghil_muulnaat_1780577416574.png,1,1,1,1,1,1
haan_ghil_muulnaat_1780577417292.png,0,1,1,0,0,1
haan_ghil_muulnaat_1780577418021.png,0,1,1,1,0,1
haan_ghil_muulnaat_1780577418846.png,1,1,1,1,0,0
haan_ghil_muulnaat_1780577419577.png,0,1,1,1,0,0
haan_ghil_muulnaat_1780577420304.png,0,1,0,1,0,0
haan_ghil_muulnaat_1780577420978.png,0,1,1,1,0,0
haan_ghil_muulnaat_1780577421557.png,0,1,1,1,1,1
haan_ghil_muulnaat_1780577422281.png,0,1,1,1,0,0
haan_ghil_muulnaat_1780577422857.png,0,1,1,1,0,0
haan_ghil_muulnaat_1780577423467.png,1,1,1,1,0,1
haan_ghil_muulnaat_1780577424195.png,0,1,1,1,1,1
haan_ghil_muulnaat_1780577424930.png,0,1,1,1,0,0
haan_ghil_muulnaat_1780577425533.png,0,1,1,1,0,1
haan_ghil_muulnaat_1780577426297.png,0,1,1,1,0,1
haan_ghil_muulnaat_1780577426967.png,1,1,1,0,1,1
haan_ghil_muulnaat_1780577427543.png,1,1,1,1,1,1
haan_ghil_muulnaat_1780577428142.png,0,1,1,1,0,1
haan_ghil_muulnaat_1780577428712.png,0,1,1,1,0,0
haan_ghil_muulnaat_1780577429287.png,0,1,1,1,1,1
haan_ghil_muulnaat_1780577430044.png,1,1,1,1,1,1
haan_ghil_muulnaat_1780577430617.png,0,1,1,1,0,1
haan_ghil_muulnaat_1780577431404.png,0,1,1,1,0,1
haan_ghil_muulnaat_1780577432139.png,0,0,1,0,0,0
haan_ghil_muulnaat_1780577432707.png,0,1,1,1,0,1
haan_ghil_muulnaat_1780577433478.png,0,1,0,1,0,0
haan_ghil_muulnaat_1780577434221.png,0,0,1,0,0,1
haan_ghil_muulnaat_1780577434825.png,0,1,1,1,0,0
haan_ghil_muulnaat_1780577435358.png,0,1,1,1,0,1
haan_ghil_muulnaat_1780577435961.png,0,1,1,1,0,1
haan_ghil_muulnaat_1780577436692.png,0,1,1,1,0,0
haan_ghil_muulnaat_1780577437440.png,0,1,1,1,0,0
haan_ghil_muulnaat_1780577438209.png,1,1,1,1,1,1
haan_ghil_muulnaat_1780577438744.png,0,1,1,1,0,1
haan_ghil_muulnaat_1780577439497.png,0,1,1,1,0,1
haan_ghil_muulnaat_1780601337035.png,0,1,1,1,1,0
haan_ghil_muulnaat_1780601339593.png,0,1,1,1,0,1
haan_ghil_muulnaat_1780601341906.png,0,0,0,1,0,0
haan_ghil_muulnaat_1780601343966.png,0,0,0,1,0,0
haan_ghil_muulnaat_1780601345350.png,0,1,1,1,0,0
haan_ghil_muulnaat_1780601347328.png,0,1,0,1,0,0
haan_ghil_muulnaat_1780601348758.png,0,1,1,1,0,1
haan_ghil_muulnaat_1780601350775.png,1,0,1,0,0,1
haan_ghil_muulnaat_1780601352223.png,0,1,1,1,1,0
haan_ghil_muulnaat_1780601354065.png,0,1,0,1,0,0
haan_ghil_muulnaat_1780601356016.png,0,1,1,1,0,0
haan_ghil_muulnaat_1780601357968.png,0,1,1,1,1,0
haan_ghil_muulnaat_1780601359925.png,0,1,1,1,1,1
haan_ghil_muulnaat_1780601361314.png,0,1,1,1,0,1
haan_ghil_muulnaat_1780601362657.png,0,1,1,1,0,0
haan_ghil_muulnaat_1780601364606.png,0,1,1,1,0,0
haan_ghil_muulnaat_1780601366002.png,1,0,1,1,0,0
haan_ghil_muulnaat_1780601367385.png,0,1,1,1,0,0
haan_ghil_muulnaat_1780601368775.png,0,1,1,1,0,0
haan_ghil_muulnaat_1780601370137.png,0,1,1,1,0,0
haan_ghil_muulnaat_1780601372073.png,0,0,0,1,0,0
haan_ghil_muulnaat_1780601373499.png,0,1,1,1,0,1
haan_ghil_muulnaat_1780601374892.png,0,1,1,1,0,1
haan_ghil_muulnaat_1780601376924.png,0,1,0,1,0,0
haan_ghil_muulnaat_1780601378991.png,0,1,1,1,0,0
haan_ghil_muulnaat_1780601380486.png,0,1,0,1,0,0
haan_ghil_muulnaat_1780601381938.png,0,1,1,1,0,1
haan_ghil_muulnaat_1780601383368.png,1,1,1,1,1,1
haan_ghil_muulnaat_1780601385436.png,0,0,0,0,0,0
haan_ghil_muulnaat_1780601387453.png,1,1,0,1,1,0
haan_ghil_muulnaat_1780601389435.png,0,1,1,1,0,0
haan_ghil_muulnaat_1780601391371.png,0,0,0,0,0,0
haan_ghil_muulnaat_1780601392801.png,0,1,1,1,0,0
haan_ghil_muulnaat_1780601394823.png,1,1,1,1,1,1
haan_ghil_muulnaat_1780601396349.png,1,1,1,1,0,1
haan_ghil_muulnaat_1780601398351.png,1,0,1,0,0,1
haan_ghil_muulnaat_1780601400350.png,0,1,1,1,0,1
haan_ghil_muulnaat_1780601402298.png,0,1,1,1,1,1
haan_ghil_muulnaat_1780601403698.png,0,0,1,1,0,1
haan_ghil_muulnaat_1780601405047.png,0,1,1,1,0,0
haan_ghil_muulnaat_1780601406472.png,0,1,1,0,0,0
haan_ghil_muulnaat_1780601407870.png,0,1,1,1,0,1
haan_ghil_muulnaat_1780601409239.png,0,1,1,1,0,1
haan_ghil_muulnaat_1780601411185.png,0,1,0,1,0,0
haan_ghil_muulnaat_1780601412653.png,0,1,1,1,1,1
haan_ghil_muulnaat_1780601414115.png,0,1,1,1,0,0
haan_ghil_muulnaat_1780601415570.png,0,1,1,1,0,1
haan_ghil_muulnaat_1780601417094.png,0,0,1,1,0,0
haan_ghil_muulnaat_1780601418539.png,0,1,1,1,0,0
haan_ghil_muulnaat_1780601419949.png,0,1,1,1,0,0
haan_ghil_muulnaat_1780601421450.png,0,1,1,1,0,0
haan_ghil_muulnaat_1780601422819.png,0,0,1,1,1,0
haan_ghil_muulnaat_1780601424239.png,0,1,1,1,0,0
haan_ghil_muulnaat_1780601425695.png,0,1,1,1,0,0
haan_ghil_muulnaat_1780601427743.png,0,1,0,0,0,0
haan_ghil_muulnaat_1780601429789.png,0,1,1,1,0,0
haan_ghil_muulnaat_1780601431827.png,0,0,0,0,0,1
haan_ghil_muulnaat_1780601433833.png,0,1,0,1,0,0
haan_ghil_muulnaat_1780601435758.png,0,1,1,1,0,0
haan_ghil_muulnaat_1780601437166.png,0,1,1,1,0,0
haan_ghil_muulnaat_1780601438520.png,0,1,1,1,0,0
haan_ghil_muulnaat_1780601440025.png,0,1,1,1,0,1
haan_ghil_muulnaat_1780601441429.png,0,1,1,1,0,0
haan_ghil_muulnaat_1780601442854.png,0,0,1,1,0,0
haan_ghil_muulnaat_1780601444140.png,0,1,1,1,1,1
haan_ghil_muulnaat_1780601444810.png,0,1,1,1,0,1
haan_ghil_muulnaat_1780601445312.png,0,1,1,1,0,1
haan_ghil_muulnaat_1780601445905.png,0,1,1,1,1,0
haan_ghil_muulnaat_1780601446534.png,0,1,1,1,1,1
haan_ghil_muulnaat_1780601446994.png,0,1,1,1,0,1
haan_ghil_muulnaat_1780601447489.png,0,1,1,1,0,0
haan_ghil_muulnaat_1780601447991.png,0,1,1,1,0,0
haan_ghil_muulnaat_1780601448501.png,0,1,1,1,0,0
haan_ghil_muulnaat_1780601448961.png,0,0,1,1,0,1
haan_ghil_muulnaat_1780601449419.png,0,1,1,1,0,0
haan_ghil_muulnaat_1780601449902.png,0,1,1,1,1,1
haan_ghil_muulnaat_1780601450414.png,0,1,1,1,0,0
haan_ghil_muulnaat_1780601451076.png,0,1,1,0,0,0
haan_ghil_muulnaat_1780601451520.png,0,1,1,1,1,1
haan_ghil_muulnaat_1780601452017.png,1,1,1,1,1,1
haan_ghil_muulnaat_1780601452521.png,0,1,1,1,1,0
haan_ghil_muulnaat_1780601453171.png,0,1,1,1,0,0
haan_ghil_muulnaat_1780601453771.png,0,1,1,1,0,0
haan_ghil_muulnaat_1780601454330.png,0,0,0,0,0,0
haan_ghil_muulnaat_1780601454957.png,0,0,1,0,0,1
haan_ghil_muulnaat_1780601455547.png,0,1,1,0,0,1
haan_ghil_muulnaat_1780601456177.png,0,1,1,1,0,0
haan_ghil_muulnaat_1780601456843.png,0,1,1,1,0,0
haan_ghil_muulnaat_1780601457515.png,0,1,1,1,0,1
haan_ghil_muulnaat_1780601458158.png,0,1,1,1,0,0
haan_ghil_muulnaat_1780601458750.png,0,0,0,0,0,0
haan_ghil_muulnaat_1780601459435.png,0,1,1,0,0,0
haan_ghil_muulnaat_1780601460058.png,0,1,1,1,1,1
haan_ghil_muulnaat_1780601460617.png,0,1,1,1,0,0
haan_ghil_muulnaat_1780601461133.png,0,1,0,1,0,0
haan_ghil_muulnaat_1780601461813.png,1,1,1,1,1,1
haan_ghil_muulnaat_1780601462315.png,0,1,1,1,0,1
haan_ghil_muulnaat_1780601463012.png,1,1,1,1,0,1
haan_ghil_muulnaat_1780601463624.png,0,1,1,1,1,1
haan_ghil_muulnaat_1780601464251.png,0,1,1,1,1,1
haan_ghil_muulnaat_1780601464925.png,0,0,0,1,0,0
haan_ghil_muulnaat_1780601465516.png,0,1,1,0,0,1
haan_ghil_muulnaat_1780601466125.png,0,1,1,1,1,1
haan_ghil_muulnaat_1780601466636.png,0,1,1,1,0,1
haan_ghil_muulnaat_1780601467295.png,0,1,1,1,0,0
haan_ghil_muulnaat_1780601467784.png,0,1,1,1,1,1
haan_ghil_muulnaat_1780601468454.png,0,0,0,1,0,0
haan_ghil_muulnaat_1780601469062.png,1,1,1,1,1,1
haan_ghil_muulnaat_1780601469518.png,1,1,1,0,1,1
haan_ghil_muulnaat_1780601469999.png,1,0,1,1,1,1
haan_ghil_muulnaat_1780601470507.png,0,1,1,1,1,0
haan_ghil_muulnaat_1780601471021.png,1,1,1,1,0,1
haan_ghil_muulnaat_1780601471482.png,0,1,1,1,0,0
haan_ghil_muulnaat_1780601471980.png,0,1,1,1,0,0
haan_ghil_muulnaat_1780601472654.png,0,1,1,1,0,0
haan_ghil_muulnaat_1780601473324.png,0,1,1,1,0,0
haan_ghil_muulnaat_1780601473773.png,1,1,1,1,0,0
haan_ghil_muulnaat_1780601474441.png,0,1,0,1,0,0
haan_ghil_muulnaat_1780601474938.png,1,1,1,1,0,0
haan_ghil_muulnaat_1780601475468.png,0,1,1,1,0,1
haan_ghil_muulnaat_1780601476094.png,0,1,1,1,0,1
haan_ghil_muulnaat_1780601476555.png,1,1,1,1,1,1
haan_ghil_muulnaat_1780601477087.png,0,1,1,1,1,0
haan_ghil_muulnaat_1780601477605.png,0,1,1,1,0,1
haan_ghil_muulnaat_1780601478283.png,0,1,1,1,0,0
haan_ghil_muulnaat_1780601478945.png,0,1,1,1,0,0
haan_ghil_muulnaat_1780601479459.png,0,1,1,1,0,1
haan_ghil_muulnaat_1780601480105.png,0,1,1,1,0,0
haan_ghil_muulnaat_1780601480611.png,0,1,1,0,1,1
haan_ghil_muulnaat_1780601481289.png,0,0,0,1,0,0
haan_ghil_muulnaat_1780601481802.png,0,1,1,1,1,0
haan_ghil_muulnaat_1780601482311.png,0,1,1,0,0,1
haan_ghil_muulnaat_1780601482983.png,0,1,1,1,0,0
haan_ghil_muulnaat_1780601483484.png,0,0,1,1,0,0
haan_ghil_muulnaat_1780601483974.png,0,1,1,1,0,0
haan_ghil_muulnaat_1780601484614.png,0,0,0,0,0,0
haan_ghil_muulnaat_1780601485275.png,0,0,1,1,0,0
haan_ghil_muulnaat_1780601485746.png,0,1,1,1,1,1
haan_ghil_muulnaat_1780601486281.png,0,1,1,1,0,0
haan_ghil_muulnaat_1780601486918.png,1,1,1,1,0,1
haan_ghil_muulnaat_1780601487538.png,1,1,1,1,1,1
haan_ghil_muulnaat_1780601488106.png,0,1,1,1,0,1
haan_ghil_muulnaat_1780601488646.png,0,0,1,0,1,0
haan_ghil_muulnaat_1780601489294.png,0,1,1,1,0,0
haan_ghil_muulnaat_1780601489835.png,1,1,1,1,0,1
haan_ghil_muulnaat_1780601490489.png,0,0,0,1,0,0
haan_ghil_muulnaat_1780601491000.png,0,0,1,1,0,1
haan_ghil_muulnaat_1780601491652.png,1,1,1,1,0,0
haan_ghil_muulnaat_1780601492142.png,1,1,1,1,0,1
haan_ghil_muulnaat_1780601492781.png,0,1,0,1,0,1
haan_ghil_muulnaat_1780601493293.png,0,1,1,1,0,1
haan_ghil_muulnaat_1780601493790.png,0,1,1,1,1,1
haan_ghil_muulnaat_1780601494431.png,1,1,1,1,0,1
haan_ghil_muulnaat_1780601495175.png,0,1,1,1,0,1
haan_ghil_muulnaat_1780601495760.png,1,1,1,1,0,1
haan_ghil_muulnaat_1780601496320.png,0,0,0,0,0,1
haan_ghil_muulnaat_1780601497022.png,0,1,0,1,0,0
haan_ghil_muulnaat_1780601497582.png,1,1,1,1,0,1
haan_ghil_muulnaat_1780601498114.png,1,1,1,1,1,1
haan_ghil_muulnaat_1780601498849.png,0,1,0,1,0,0
haan_ghil_muulnaat_1780601499551.png,0,1,1,1,0,0
haan_ghil_muulnaat_1780601500058.png,0,1,1,1,0,0
haan_ghil_muulnaat_1780601500580.png,0,0,0,0,0,1
haan_ghil_muulnaat_1780601501237.png,0,1,1,1,0,1
haan_ghil_muulnaat_1780601502236.png,0,1,1,1,0,0
haan_ghil_muulnaat_1780601502778.png,0,1,1,1,0,1
haan_ghil_muulnaat_1780601503312.png,0,1,1,1,0,1
haan_ghil_muulnaat_1780601503847.png,0,1,1,1,0,1
haan_ghil_muulnaat_1780601504396.png,0,1,1,1,0,0
haan_ghil_muulnaat_1780601504964.png,0,1,1,1,1,1
haan_ghil_muulnaat_1780601505526.png,0,1,0,1,0,1
haan_ghil_muulnaat_1780601506213.png,0,0,0,1,0,0
haan_ghil_muulnaat_1780601506752.png,0,1,1,1,0,0
haan_ghil_muulnaat_1780601507266.png,0,1,1,1,1,1
haan_ghil_muulnaat_1780601507793.png,0,1,1,1,0,1
haan_ghil_muulnaat_1780601508295.png,0,1,1,1,0,0
haan_ghil_muulnaat_1780601508832.png,0,1,1,1,0,0
haan_ghil_muulnaat_1780601509345.png,0,1,1,1,0,1
haan_ghil_muulnaat_1780601510040.png,0,1,1,1,0,0
haan_ghil_muulnaat_1780601510681.png,0,1,0,1,0,0
haan_ghil_muulnaat_1780601511171.png,0,1,1,1,0,0
haan_ghil_muulnaat_1780601511851.png,1,1,1,1,0,1
haan_ghil_muulnaat_1780601512369.png,0,1,1,1,0,0
haan_ghil_muulnaat_1780601513053.png,0,0,1,1,0,1
haan_ghil_muulnaat_1780601513753.png,0,0,0,0,0,0
haan_ghil_muulnaat_1780601514444.png,0,1,0,1,0,0
haan_ghil_muulnaat_1780601514971.png,0,1,1,1,0,1
haan_ghil_muulnaat_1780601515503.png,0,1,1,1,0,1
haan_ghil_muulnaat_1780601516159.png,0,1,1,1,0,0
haan_ghil_muulnaat_1780601516700.png,0,1,1,1,0,1
haan_ghil_muulnaat_1780601517408.png,0,0,0,0,0,0
haan_ghil_muulnaat_1780601517963.png,0,1,1,1,0,1
haan_ghil_muulnaat_1780601518505.png,0,1,1,1,0,1
haan_ghil_muulnaat_1780601519007.png,0,1,1,1,1,0
haan_ghil_muulnaat_1780601519564.png,0,1,1,1,0,0
haan_ghil_muulnaat_1780601520134.png,1,1,1,1,0,1
haan_ghil_muulnaat_1780601520716.png,0,1,1,1,0,1
haan_ghil_muulnaat_1780601521403.png,0,0,0,1,0,0
haan_ghil_muulnaat_1780601521900.png,0,1,1,1,0,1
haan_ghil_muulnaat_1780601522595.png,0,1,1,1,0,0
haan_ghil_muulnaat_1780601523144.png,0,1,1,1,1,0
haan_ghil_muulnaat_1780601523689.png,0,1,1,1,0,0
haan_ghil_muulnaat_1780601524401.png,0,0,0,0,0,0
haan_ghil_muulnaat_1780601525096.png,1,1,1,1,1,1
haan_ghil_muulnaat_1780601525777.png,1,1,1,1,1,1
haan_ghil_muulnaat_1780601526443.png,0,1,1,1,0,1
haan_ghil_muulnaat_1780601526993.png,1,1,1,1,0,1
haan_ghil_muulnaat_1780601527560.png,0,1,1,1,0,0
haan_ghil_muulnaat_1780601528303.png,1,1,1,1,0,1
haan_ghil_muulnaat_1780601529014.png,0,1,1,1,1,1
haan_ghil_muulnaat_1780601529582.png,0,1,1,1,1,1
haan_ghil_muulnaat_1780601530189.png,0,1,1,1,1,1
haan_ghil_muulnaat_1780601530771.png,0,1,1,1,0,0
haan_ghil_muulnaat_1780601531352.png,1,1,1,1,1,1
haan_ghil_muulnaat_1780601532119.png,0,1,1,1,0,0
haan_ghil_muulnaat_1780601532723.png,0,1,1,1,1,1
haan_ghil_muulnaat_1780601533497.png,1,1,0,1,0,1
haan_ghil_muulnaat_1780601534055.png,0,1,1,1,0,1
haan_ghil_muulnaat_1780601534679.png,1,1,1,1,1,1
haan_ghil_muulnaat_1780601535437.png,0,1,1,1,0,1
haan_ghil_muulnaat_1780601536022.png,0,1,1,1,0,1
haan_ghil_muulnaat_1780601536614.png,0,1,1,1,0,0
haan_ghil_muulnaat_1780601537212.png,0,1,1,1,0,1
haan_ghil_muulnaat_1780601537984.png,1,1,1,1,1,1
haan_ghil_muulnaat_1780601538607.png,0,1,1,1,0,0
haan_ghil_muulnaat_1780601539349.png,1,1,1,1,1,1
haan_ghil_muulnaat_1780601539972.png,0,1,1,1,0,0
haan_ghil_muulnaat_1780601540628.png,0,0,1,0,0,0
haan_ghil_muulnaat_1780601541244.png,0,0,1,1,0,1
haan_ghil_muulnaat_1780601541995.png,0,1,1,1,0,0
haan_ghil_muulnaat_1780601542600.png,0,1,1,1,0,1
haan_ghil_muulnaat_1780601543369.png,0,1,1,1,0,0
haan_ghil_muulnaat_1780601543998.png,0,1,1,1,0,1
haan_ghil_muulnaat_1780601544550.png,0,1,1,1,0,0
haan_ghil_muulnaat_1780601545329.png,0,1,1,1,0,0
haan_ghil_muulnaat_1780601545933.png,0,1,1,1,0,1
haan_ghil_muulnaat_1780601546779.png,0,1,1,1,1,1
haan_ghil_muulnaat_1780601547406.png,0,1,1,1,1,1
haan_ghil_muulnaat_1780601548006.png,0,1,1,0,1,1
haan_ghil_muulnaat_1780601548588.png,0,1,1,1,0,0
haan_ghil_muulnaat_1780601549341.png,0,1,1,1,0,0
haan_ghil_muulnaat_1780601550129.png,0,0,0,0,0,0
haan_ghil_muulnaat_1780601550760.png,1,1,1,1,1,1
haan_ghil_muulnaat_1780601551349.png,1,0,0,1,0,0
haan_ghil_muulnaat_1780601552121.png,0,1,0,1,0,0
haan_ghil_muulnaat_1780601552716.png,0,1,0,1,0,0
haan_ghil_muulnaat_1780601553329.png,0,1,1,1,0,1
haan_ghil_muulnaat_1780601553934.png,0,1,1,1,0,1
haan_ghil_muulnaat_1780601554523.png,0,1,1,1,0,1
haan_ghil_muulnaat_1780601555081.png,1,1,1,1,0,1
haan_ghil_muulnaat_1780601555809.png,0,1,0,1,0,0
haan_ghil_muulnaat_1780601556592.png,0,1,1,1,1,0
haan_ghil_muulnaat_1780601557142.png,0,1,1,1,0,0
haan_ghil_muulnaat_1780601557696.png,0,1,1,1,0,0
haan_ghil_muulnaat_1780601558233.png,0,1,1,1,1,0
haan_ghil_muulnaat_1780601558816.png,0,1,1,1,0,1
haan_ghil_muulnaat_1780601559375.png,0,1,1,1,0,0
haan_ghil_muulnaat_1780601559933.png,0,1,1,1,0,1
haan_ghil_muulnaat_1780601560536.png,0,1,1,1,0,0
haan_ghil_muulnaat_1780601561263.png,0,1,1,1,0,0
haan_ghil_muulnaat_1780601561796.png,0,1,1,1,0,1
haan_ghil_muulnaat_1780601562397.png,0,1,1,1,0,1
haan_ghil_muulnaat_1780601563003.png,0,1,1,1,0,1
haan_ghil_muulnaat_1780601563600.png,1,1,1,1,1,1
haan_ghil_muulnaat_1780601564188.png,1,1,1,1,1,1
haan_ghil_muulnaat_1780601564908.png,1,1,1,1,1,1
haan_ghil_muulnaat_1780601565706.png,1,1,1,1,1,1
haan_ghil_muulnaat_1780601566325.png,0,1,1,1,0,0
haan_ghil_muulnaat_1780601566940.png,0,1,1,1,0,0
haan_ghil_muulnaat_1780601567548.png,1,0,1,1,0,1
haan_ghil_muulnaat_1780601568156.png,0,1,1,1,0,1
haan_ghil_muulnaat_1780601568965.png,0,1,1,1,0,0
haan_ghil_muulnaat_1780601569587.png,0,1,1,1,0,1
haan_ghil_muulnaat_1780601570206.png,0,1,1,1,0,1
haan_ghil_muulnaat_1780601570827.png,1,1,1,1,0,1
haan_ghil_muulnaat_1780601571403.png,0,1,1,1,0,0
haan_ghil_muulnaat_1780601571970.png,0,0,0,1,0,0
haan_ghil_muulnaat_1780601572575.png,0,1,1,0,0,0
haan_ghil_muulnaat_1780601573399.png,1,0,1,0,0,0
haan_ghil_muulnaat_1780601573990.png,0,1,1,1,0,1
haan_ghil_muulnaat_1780601574585.png,0,1,1,1,0,0
haan_ghil_muulnaat_1780601575402.png,0,1,1,1,0,1
haan_ghil_muulnaat_1780601576005.png,0,1,1,1,0,1
haan_ghil_muulnaat_1780601576588.png,0,1,1,1,0,0
haan_ghil_muulnaat_1780601577191.png,0,1,1,1,0,1
haan_ghil_muulnaat_1780601577984.png,0,1,1,1,0,0
haan_ghil_muulnaat_1780601578799.png,0,1,1,1,0,1
haan_ghil_muulnaat_1780601579412.png,0,1,1,1,0,0
haan_ghil_muulnaat_1780601580033.png,0,1,1,1,0,0
haan_ghil_muulnaat_1780601580657.png,0,1,1,1,1,1
haan_ghil_muulnaat_1780601581298.png,0,1,1,1,0,1
haan_ghil_muulnaat_1780601582078.png,0,1,1,1,1,1
haan_ghil_muulnaat_1780601582673.png,0,1,0,1,1,1
haan_ghil_muulnaat_1780601583434.png,0,0,0,0,0,0
haan_ghil_muulnaat_1780601584043.png,0,0,1,1,0,0
haan_ghil_muulnaat_1780601584646.png,0,1,1,1,0,1
haan_ghil_muulnaat_1780601585218.png,1,1,1,1,0,1
haan_ghil_muulnaat_1780601585828.png,0,1,1,1,0,0
haan_ghil_muulnaat_1780601586655.png,0,1,1,1,0,1
haan_ghil_muulnaat_1780601587441.png,0,1,1,1,0,1
haan_ghil_muulnaat_1780601588234.png,0,1,1,1,0,0
haan_ghil_muulnaat_1780601588854.png,0,1,1,0,0,1
haan_ghil_muulnaat_1780601589482.png,0,1,1,1,0,1
haan_ghil_muulnaat_1780601590104.png,1,1,1,1,0,0
haan_ghil_muulnaat_1780601590730.png,0,1,1,1,1,1
haan_ghil_muulnaat_1780601591351.png,1,1,1,1,1,1
haan_ghil_muulnaat_1780601592170.png,0,1,0,1,0,0
haan_ghil_muulnaat_1780601592988.png,0,1,0,1,0,0
haan_ghil_muulnaat_1780601593789.png,1,1,1,1,1,1
haan_ghil_muulnaat_1780601594572.png,0,1,1,1,0,1
haan_ghil_muulnaat_1780601595133.png,0,1,1,1,0,0
haan_ghil_muulnaat_1780601595853.png,1,1,1,1,1,0
haan_ghil_muulnaat_1780601596624.png,1,1,1,1,1,1
haan_ghil_muulnaat_1780601597362.png,0,1,1,1,0,1
haan_ghil_muulnaat_1780601597948.png,1,1,1,1,1,0
haan_ghil_muulnaat_1780601598659.png,1,1,1,1,0,1
haan_ghil_muulnaat_1780601599410.png,0,1,1,1,0,1
haan_ghil_muulnaat_1780601599944.png,1,1,1,1,0,0
haan_ghil_muulnaat_1780601600680.png,0,1,1,1,0,0
haan_ghil_muulnaat_1780601601252.png,0,1,1,1,0,1
haan_ghil_muulnaat_1780601601824.png,0,1,0,1,0,1
haan_ghil_muulnaat_1780601602426.png,1,1,1,1,0,1
haan_ghil_muulnaat_1780601603011.png,0,1,1,1,1,0
haan_ghil_muulnaat_1780601603593.png,1,1,1,1,1,0
haan_ghil_muulnaat_1780601604225.png,0,0,0,0,0,0
haan_ghil_muulnaat_1780601605000.png,0,0,1,0,0,0
haan_ghil_muulnaat_1780601605610.png,1,0,0,1,0,0
haan_ghil_muulnaat_1780601606341.png,0,1,1,1,0,0
haan_ghil_muulnaat_1780601606910.png,1,1,1,1,0,1
haan_ghil_muulnaat_1780601607667.png,1,1,1,1,1,1
haan_ghil_muulnaat_1780601608207.png,0,1,1,1,0,0
haan_ghil_muulnaat_1780601608945.png,0,1,1,1,0,0
haan_ghil_muulnaat_1780601609522.png,1,1,1,1,0,1
haan_ghil_muulnaat_1780601610097.png,1,1,1,1,0,1
haan_ghil_muulnaat_1780601610691.png,0,1,1,0,1,1
haan_ghil_muulnaat_1780601611447.png,0,1,1,1,0,1
haan_ghil_muulnaat_1780601612168.png,0,0,0,1,0,0
haan_ghil_muulnaat_1780601612921.png,0,1,1,1,0,1
haan_ghil_muulnaat_1780601613499.png,0,0,0,0,0,0
haan_ghil_muulnaat_1780601614113.png,0,0,1,0,0,0
haan_ghil_muulnaat_1780601614938.png,0,1,1,0,0,0
haan_ghil_muulnaat_1780601615513.png,0,1,1,1,0,0
haan_ghil_muulnaat_1780601616315.png,1,1,1,1,0,1
haan_ghil_muulnaat_1780601616965.png,0,1,1,1,0,0
haan_ghil_muulnaat_1780601617791.png,0,1,1,1,1,1
haan_ghil_muulnaat_1780601618611.png,0,1,1,1,0,0
haan_ghil_muulnaat_1780601619269.png,0,1,0,0,0,0
haan_ghil_muulnaat_1780601620113.png,1,1,1,1,1,1
haan_ghil_muulnaat_1780601620757.png,1,0,1,1,0,1
haan_ghil_muulnaat_1780601621565.png,0,1,1,1,0,0
haan_ghil_muulnaat_1780601622239.png,0,0,0,0,0,0
haan_ghil_muulnaat_1780601623145.png,0,1,1,1,0,0
haan_ghil_muulnaat_1780601623733.png,0,1,1,1,0,1
haan_ghil_muulnaat_1780601624377.png,0,1,1,1,0,1
haan_ghil_muulnaat_1780601624978.png,0,1,1,1,0,1
haan_ghil_muulnaat_1780601625593.png,0,1,1,1,0,1
haan_ghil_muulnaat_1780601626362.png,1,1,1,1,0,0
haan_ghil_muulnaat_1780601626946.png,0,1,1,1,0,1
haan_ghil_muulnaat_1780601627558.png,0,1,1,1,0,1
haan_ghil_muulnaat_1780601628390.png,0,1,0,1,0,0
haan_ghil_muulnaat_1780601629001.png,1,0,1,0,0,1
haan_ghil_muulnaat_1780601629598.png,0,0,1,1,0,1
haan_ghil_muulnaat_1780601630347.png,0,1,1,1,1,1
haan_ghil_muulnaat_1780601630964.png,1,1,1,1,0,0
haan_ghil_muulnaat_1780601631592.png,1,1,1,1,0,1
haan_ghil_muulnaat_1780601632413.png,0,1,1,1,0,1
haan_ghil_muulnaat_1780601633036.png,0,1,1,1,1,0
haan_ghil_muulnaat_1780601633784.png,0,1,1,1,0,0
haan_ghil_muulnaat_1780601634578.png,0,1,1,1,0,0
haan_ghil_muulnaat_1780601635180.png,1,1,1,1,0,1
haan_ghil_muulnaat_1780601635922.png,0,1,1,1,0,1
haan_ghil_muulnaat_1780601636520.png,1,0,0,1,0,0
haan_ghil_muulnaat_1780601637113.png,0,1,0,1,0,1
haan_ghil_muulnaat_1780601637841.png,0,1,0,1,0,0
haan_ghil_muulnaat_1780601638442.png,1,1,1,1,0,1
haan_ghil_muulnaat_1780601639209.png,0,1,1,1,1,1
haan_ghil_muulnaat_1780601639767.png,0,1,1,1,0,0
haan_ghil_muulnaat_1780601640358.png,0,1,1,1,0,0
haan_ghil_muulnaat_1780601640909.png,0,1,1,1,0,0
haan_ghil_muulnaat_1780601641628.png,0,1,1,1,0,1
haan_ghil_muulnaat_1780601642368.png,0,1,1,1,0,0
haan_ghil_muulnaat_1780601642986.png,0,0,1,1,0,0
haan_ghil_muulnaat_1780601643753.png,0,1,1,1,0,1
haan_ghil_muulnaat_1780601644506.png,1,1,1,1,1,1
haan_ghil_muulnaat_1780601645150.png,0,1,1,1,0,1
haan_ghil_muulnaat_1780601645759.png,0,1,1,1,0,0
haan_ghil_muulnaat_1780601646374.png,1,1,1,1,1,1
haan_ghil_muulnaat_1780601647148.png,0,1,1,1,0,0
haan_ghil_muulnaat_1780601647750.png,0,0,0,0,0,0
haan_ghil_muulnaat_1780601648550.png,1,1,1,1,0,1
haan_ghil_muulnaat_1780601649314.png,0,1,1,0,0,0
haan_ghil_muulnaat_1780601649916.png,0,1,1,1,0,1
haan_ghil_muulnaat_1780601650482.png,0,1,1,1,0,1
haan_ghil_muulnaat_1780601651051.png,0,1,1,1,0,0
haan_ghil_muulnaat_1780601651645.png,0,1,1,1,0,0
haan_ghil_muulnaat_1780601652260.png,0,1,1,1,0,1
haan_ghil_muulnaat_1780601652876.png,1,1,1,1,0,1
haan_ghil_muulnaat_1780601653481.png,1,0,0,1,0,1
haan_ghil_muulnaat_1780601654235.png,0,1,1,1,0,1
haan_ghil_muulnaat_1780601655057.png,0,1,1,1,0,0
haan_ghil_muulnaat_1780601655643.png,0,1,1,1,0,1
haan_ghil_muulnaat_1780601656202.png,0,1,1,1,0,1
haan_ghil_muulnaat_1780601656801.png,0,1,1,1,0,1
haan_ghil_muulnaat_1780601657435.png,0,1,1,1,0,0
haan_ghil_muulnaat_1780601658040.png,0,1,1,1,0,1
haan_ghil_muulnaat_1780601658651.png,0,1,1,1,0,0
haan_ghil_muulnaat_1780601659266.png,0,1,1,1,0,1
haan_ghil_muulnaat_1780601660031.png,0,1,1,1,0,0
haan_ghil_muulnaat_1780601660610.png,0,1,1,1,0,1
haan_ghil_muulnaat_1780601661446.png,0,0,0,0,0,0
haan_ghil_muulnaat_1780601662059.png,0,0,1,0,0,0
haan_ghil_muulnaat_1780601662700.png,0,1,1,1,0,1
haan_ghil_muulnaat_1780601663305.png,0,1,1,1,0,1
haan_ghil_muulnaat_1780601663971.png,0,1,1,1,0,1
haan_ghil_muulnaat_1780601664795.png,1,1,1,1,0,0
haan_ghil_muulnaat_1780601665365.png,0,0,0,0,0,0
haan_ghil_muulnaat_1780601665948.png,0,1,1,1,1,1
haan_ghil_muulnaat_1780601666534.png,0,1,1,1,0,1
haan_ghil_muulnaat_1780601667901.png,0,1,1,1,0,0
haan_ghil_muulnaat_1780601668480.png,1,0,0,0,0,0
haan_ghil_muulnaat_1780601669202.png,0,1,1,1,0,1
haan_ghil_muulnaat_1780601670385.png,0,1,1,1,0,0
haan_ghil_muulnaat_1780601671147.png,0,1,0,1,0,0
haan_ghil_muulnaat_1780601671713.png,0,1,1,1,0,0
haan_ghil_muulnaat_1780601672248.png,1,1,1,1,0,1
haan_ghil_muulnaat_1780601673015.png,1,1,1,0,1,1
haan_ghil_muulnaat_1780601673603.png,0,1,1,1,0,0
haan_ghil_muulnaat_1780601674178.png,0,1,1,1,1,1
haan_ghil_muulnaat_1780601674752.png,0,1,1,1,0,0
haan_ghil_muulnaat_1780601675303.png,0,1,1,1,0,0
haan_ghil_muulnaat_1780601675919.png,0,1,1,0,1,1
haan_ghil_muulnaat_1780601676508.png,0,1,1,1,0,0
haan_ghil_muulnaat_1780601677267.png,0,1,0,1,0,0
haan_ghil_muulnaat_1780601677823.png,0,1,1,1,0,1
haan_ghil_muulnaat_1780601678986.png,0,1,1,1,0,0
haan_ghil_muulnaat_1780601679570.png,0,1,1,1,0,1
haan_ghil_muulnaat_1780601680176.png,0,1,1,1,0,1
haan_ghil_muulnaat_1780601680970.png,0,1,1,1,0,0
haan_ghil_muulnaat_1780601681556.png,1,1,1,1,1,0
haan_ghil_muulnaat_1780601682130.png,0,1,1,1,0,1
haan_ghil_muulnaat_1780601682826.png,0,1,1,1,0,1
haan_ghil_muulnaat_1780601683574.png,0,1,1,1,1,0
haan_ghil_muulnaat_1780601684172.png,1,1,1,0,0,0
haan_ghil_muulnaat_1780601684764.png,0,0,0,0,0,0
haan_ghil_muulnaat_1780601686316.png,0,0,0,1,0,0
haan_ghil_muulnaat_1780601686920.png,1,1,1,1,1,1
haan_ghil_muulnaat_1780601687550.png,0,1,1,1,0,1
haan_ghil_muulnaat_1780601688316.png,0,0,1,0,0,0
haan_ghil_muulnaat_1780601689125.png,0,1,1,1,0,0
haan_ghil_muulnaat_1780601690003.png,0,0,0,1,0,0
haan_ghil_muulnaat_1780601690654.png,1,1,1,1,0,0
haan_ghil_muulnaat_1780601691287.png,0,1,1,1,0,1
haan_ghil_muulnaat_1780601692133.png,0,0,0,1,0,0
haan_ghil_muulnaat_1780601692926.png,0,0,1,1,0,0
haan_ghil_muulnaat_1780601693699.png,0,1,1,0,0,0
haan_ghil_muulnaat_1780601694431.png,0,1,1,1,0,1
haan_ghil_muulnaat_1780601695054.png,1,1,1,1,1,1
haan_ghil_muulnaat_1780601695659.png,1,1,1,1,1,1
haan_ghil_muulnaat_1780601696393.png,0,0,1,1,0,0
haan_ghil_muulnaat_1780601696988.png,0,1,1,1,0,1
haan_ghil_muulnaat_1780601697627.png,1,1,1,1,1,1
haan_ghil_muulnaat_1780601698257.png,0,1,1,1,0,0
haan_ghil_muulnaat_1780601698847.png,0,1,1,1,1,1
haan_ghil_muulnaat_1780601699602.png,0,1,0,1,0,0
haan_ghil_muulnaat_1780601700295.png,0,1,1,1,1,1
haan_ghil_muulnaat_1780601700882.png,0,1,1,1,0,1
haan_ghil_muulnaat_1780601701659.png,0,1,1,1,0,0
haan_ghil_muulnaat_1780601702369.png,0,1,1,1,0,0
haan_ghil_muulnaat_1780601703093.png,1,1,1,1,0,1
haan_ghil_muulnaat_1780601703692.png,0,1,1,1,0,1
haan_ghil_muulnaat_1780601704499.png,0,1,1,1,0,0
haan_ghil_muulnaat_1780601705074.png,1,0,1,0,0,0
haan_ghil_muulnaat_1780601705889.png,0,1,0,1,0,0
haan_ghil_muulnaat_1780601706578.png,1,1,1,1,1,1
haan_ghil_muulnaat_1780601707144.png,0,1,1,1,0,1
haan_ghil_muulnaat_1780601707721.png,0,1,1,1,0,0
haan_ghil_muulnaat_1780601708306.png,0,0,0,0,0,0
haan_ghil_muulnaat_1780601708862.png,0,1,1,0,0,1
haan_ghil_muulnaat_1780601709574.png,0,1,1,0,1,1
haan_ghil_muulnaat_1780601710198.png,0,1,1,0,1,1
haan_ghil_muulnaat_1780601710715.png,1,1,1,1,0,0
haan_ghil_muulnaat_1780601711452.png,0,1,0,1,0,0
haan_ghil_muulnaat_1780601712019.png,1,1,1,1,0,1
haan_ghil_muulnaat_1780601712558.png,1,1,1,1,0,1
haan_ghil_muulnaat_1780601713107.png,0,1,1,1,1,1
haan_ghil_muulnaat_1780601713713.png,1,1,1,1,0,1
haan_ghil_muulnaat_1780601714294.png,0,1,1,1,0,0
haan_ghil_muulnaat_1780601714906.png,0,1,1,1,1,1
haan_ghil_muulnaat_1780601715524.png,0,1,1,1,0,0
haan_ghil_muulnaat_1780601716101.png,0,1,1,1,0,1
haan_ghil_muulnaat_1780601716730.png,0,1,1,1,0,0
haan_ghil_muulnaat_1780601880821.png,0,1,1,1,0,1
haan_ghil_muulnaat_1780601882011.png,1,1,1,1,0,1
haan_ghil_muulnaat_1780601882514.png,1,1,1,1,0,1
haan_ghil_muulnaat_1780601883004.png,0,1,1,1,0,1
haan_ghil_muulnaat_1780601883661.png,1,1,0,1,0,0
haan_ghil_muulnaat_1780601884307.png,0,1,1,1,0,0
haan_ghil_muulnaat_1780601884960.png,0,1,0,1,0,0
haan_ghil_muulnaat_1780601885446.png,0,1,1,0,0,1
haan_ghil_muulnaat_1780601885920.png,0,1,1,1,0,1
haan_ghil_muulnaat_1780601886563.png,0,0,0,1,1,1
haan_ghil_muulnaat_1780601887200.png,0,1,1,1,0,0
haan_ghil_muulnaat_1780601887830.png,0,1,1,1,0,0
haan_ghil_muulnaat_1780601888355.png,1,1,1,1,1,0
haan_ghil_muulnaat_1780601888867.png,0,1,1,1,0,1
haan_ghil_muulnaat_1780601889503.png,1,1,1,1,0,1
haan_ghil_muulnaat_1780601890038.png,0,1,1,1,1,1
haan_ghil_muulnaat_1780601890677.png,0,1,1,1,0,0
haan_ghil_muulnaat_1780601891920.png,0,1,1,1,0,0
haan_ghil_muulnaat_1780601892452.png,0,1,1,1,1,1
haan_ghil_muulnaat_1780601892989.png,0,1,1,1,1,1
haan_ghil_muulnaat_1780601893619.png,0,1,1,1,0,1
haan_ghil_muulnaat_1780601894328.png,0,1,1,1,0,0
haan_ghil_muulnaat_1780601895038.png,0,0,0,0,0,0
haan_ghil_muulnaat_1780601895595.png,0,0,1,1,1,1
haan_ghil_muulnaat_1780601896120.png,1,1,1,1,0,1
haan_ghil_muulnaat_1780601896786.png,0,1,1,1,0,1
haan_ghil_muulnaat_1780601897472.png,0,1,1,1,0,1
haan_ghil_muulnaat_1780601898009.png,0,0,0,0,0,0
haan_ghil_muulnaat_1780601898560.png,0,1,1,1,1,1
haan_ghil_muulnaat_1780601899074.png,0,0,0,0,0,0
haan_ghil_muulnaat_1780601899646.png,0,0,0,0,0,0
haan_ghil_muulnaat_1780601900398.png,0,1,1,1,1,1
haan_ghil_muulnaat_1780601901112.png,0,1,1,1,0,1
haan_ghil_muulnaat_1780601901812.png,1,1,1,0,1,1
haan_ghil_muulnaat_1780601902489.png,0,1,1,1,0,1
haan_ghil_muulnaat_1780601903049.png,0,1,1,0,0,1
haan_ghil_muulnaat_1780601903549.png,0,1,1,1,1,1
haan_ghil_muulnaat_1780601904103.png,0,0,1,0,0,0
haan_ghil_muulnaat_1780601904683.png,0,1,1,1,0,0
haan_ghil_muulnaat_1780601905217.png,0,0,1,1,0,1
haan_ghil_muulnaat_1780601905958.png,0,1,1,1,1,0
haan_ghil_muulnaat_1780601906545.png,0,1,1,1,1,1
haan_ghil_muulnaat_1780601907300.png,0,1,1,1,0,0
haan_ghil_muulnaat_1780601908024.png,0,1,0,1,0,0
haan_ghil_muulnaat_1780601908536.png,1,1,1,1,0,1
haan_ghil_muulnaat_1780601909070.png,1,1,1,1,1,1
haan_ghil_muulnaat_1780601909609.png,1,1,1,1,0,0
haan_ghil_muulnaat_1780601910339.png,0,0,0,1,0,0
haan_ghil_muulnaat_1780601911085.png,0,0,0,1,0,0
haan_ghil_muulnaat_1780601911851.png,0,1,1,0,1,1
haan_ghil_muulnaat_1780601912642.png,0,1,1,0,0,1
haan_ghil_muulnaat_1780601913362.png,0,0,0,1,0,0
haan_ghil_muulnaat_1780601913935.png,0,1,1,1,0,1
haan_ghil_muulnaat_1780601914661.png,0,1,1,1,0,1
haan_ghil_muulnaat_1780601915447.png,0,1,0,1,0,0
haan_ghil_muulnaat_1780601916054.png,1,1,1,1,1,1
haan_ghil_muulnaat_1780601916871.png,1,1,1,1,0,0
haan_ghil_muulnaat_1780601917674.png,0,1,1,1,1,1
haan_ghil_muulnaat_1780601918470.png,0,1,0,1,0,0
haan_ghil_muulnaat_1780601919065.png,0,1,1,1,0,1
haan_ghil_muulnaat_1780601919696.png,0,0,0,1,0,0
haan_ghil_muulnaat_1780601920344.png,0,1,1,1,0,0
haan_ghil_muulnaat_1780601921097.png,0,1,0,1,0,0
haan_ghil_muulnaat_1780601921860.png,0,1,1,1,0,1
haan_ghil_muulnaat_1780601922454.png,0,1,1,1,0,0
haan_ghil_muulnaat_1780601923705.png,1,1,1,1,0,1
haan_ghil_muulnaat_1780601924451.png,0,1,1,1,1,1
haan_ghil_muulnaat_1780601925069.png,0,1,1,1,1,1
haan_ghil_muulnaat_1780601926298.png,0,0,1,1,1,0
haan_ghil_muulnaat_1780601926990.png,0,1,1,1,1,1
haan_ghil_muulnaat_1780601927572.png,0,1,1,1,0,1
haan_ghil_muulnaat_1780601928325.png,0,1,1,1,1,1
haan_ghil_muulnaat_1780601928931.png,0,0,1,1,0,0
haan_ghil_muulnaat_1780601930159.png,0,1,1,1,0,0
haan_ghil_muulnaat_1780601930959.png,0,1,1,1,1,1
haan_ghil_muulnaat_1780601931746.png,0,1,1,1,1,1
haan_ghil_muulnaat_1780601932538.png,0,1,1,1,1,1
haan_ghil_muulnaat_1780601933334.png,0,1,1,1,1,1
haan_ghil_muulnaat_1780601933930.png,0,1,1,1,0,1
haan_ghil_muulnaat_1780601934532.png,1,1,1,1,0,1
haan_ghil_muulnaat_1780601935299.png,0,0,1,1,0,0
haan_ghil_muulnaat_1780601936056.png,1,1,0,1,0,0
haan_ghil_muulnaat_1780601936675.png,0,1,1,1,1,0
haan_ghil_muulnaat_1780601937449.png,1,1,1,1,1,0
haan_ghil_muulnaat_1780601938111.png,0,1,1,1,1,1
haan_ghil_muulnaat_1780601938826.png,0,0,1,1,0,1
haan_ghil_muulnaat_1780601939615.png,0,1,1,1,0,0
haan_ghil_muulnaat_1780601940414.png,0,1,1,1,1,1
haan_ghil_muulnaat_1780601941078.png,0,1,1,0,0,0
haan_ghil_muulnaat_1780601941924.png,0,1,0,1,0,0
haan_ghil_muulnaat_1780601942756.png,0,1,1,1,0,0
haan_ghil_muulnaat_1780601943572.png,0,0,0,0,0,0
haan_ghil_muulnaat_1780601944199.png,0,1,1,1,0,1
haan_ghil_muulnaat_1780601944815.png,1,1,1,1,0,1
haan_ghil_muulnaat_1780601945819.png,0,1,1,1,0,0
haan_ghil_muulnaat_1780601948086.png,0,1,1,1,1,1
haan_ghil_muulnaat_1780601949760.png,0,1,1,1,0,1
haan_ghil_muulnaat_1780601952230.png,0,1,1,1,1,1
haan_ghil_muulnaat_1780601954019.png,0,1,1,1,1,1
haan_ghil_muulnaat_1780601955898.png,0,1,1,1,1,1
haan_ghil_muulnaat_1780601957730.png,0,1,1,1,1,0
haan_ghil_muulnaat_1780601962418.png,1,1,1,1,0,1
haan_ghil_muulnaat_1780601964832.png,1,1,1,1,0,0
haan_ghil_muulnaat_1780601967362.png,0,0,0,0,0,0
haan_ghil_muulnaat_1780601969991.png,0,1,1,1,0,1
haan_ghil_muulnaat_1780601971822.png,0,0,0,0,0,0
haan_ghil_muulnaat_1780601973684.png,0,1,1,1,0,1
haan_ghil_muulnaat_1780601976097.png,1,1,1,1,0,1
haan_ghil_muulnaat_1780601978642.png,0,1,1,1,1,1
haan_ghil_muulnaat_1780601981150.png,0,0,0,1,0,0
haan_ghil_muulnaat_1780601983644.png,0,1,1,1,0,1
haan_ghil_muulnaat_1780601986066.png,0,1,0,1,0,0
haan_ghil_muulnaat_1780601988454.png,0,1,1,1,1,1
haan_ghil_muulnaat_1780601990112.png,0,1,1,1,0,0
haan_ghil_muulnaat_1780601992480.png,0,1,1,1,1,1
haan_ghil_muulnaat_1780601994352.png,0,1,1,1,0,1
haan_ghil_muulnaat_1780601996699.png,0,1,1,1,0,1
haan_ghil_muulnaat_1780601997486.png,0,0,0,1,0,0
haan_ghil_muulnaat_1780601998040.png,0,1,1,0,0,0
haan_ghil_muulnaat_1780601998708.png,0,0,1,1,0,0
haan_ghil_muulnaat_1780601999322.png,0,1,1,1,1,1
haan_ghil_muulnaat_1780601999883.png,0,1,1,1,0,0
haan_ghil_muulnaat_1780602000711.png,0,1,1,1,0,1
haan_ghil_muulnaat_1780602001227.png,0,1,1,1,1,1
haan_ghil_muulnaat_1780602001903.png,0,1,1,1,1,1
haan_ghil_muulnaat_1780602002598.png,0,1,1,1,0,1
haan_ghil_muulnaat_1780602003230.png,0,1,1,1,0,1
haan_ghil_muulnaat_1780602003897.png,0,1,1,1,0,0
haan_ghil_muulnaat_1780602004675.png,0,1,1,1,0,0
haan_ghil_muulnaat_1780602005261.png,0,1,1,1,1,1
haan_ghil_muulnaat_1780602006007.png,0,1,1,1,0,0
haan_ghil_muulnaat_1780602006813.png,0,0,1,1,0,1
haan_ghil_muulnaat_1780602007375.png,1,1,1,1,1,0
haan_ghil_muulnaat_1780602007930.png,1,1,1,1,1,1
haan_ghil_muulnaat_1780602008481.png,0,1,1,1,0,1
haan_ghil_muulnaat_1780602009247.png,0,1,1,1,1,0
haan_ghil_muulnaat_1780602010017.png,0,1,1,1,0,1
haan_ghil_muulnaat_1780602010578.png,1,1,1,1,0,0
haan_ghil_muulnaat_1780602011146.png,1,1,1,1,0,0
haan_ghil_muulnaat_1780602011764.png,0,1,1,1,0,0
haan_ghil_muulnaat_1780602012353.png,0,1,1,1,1,0
haan_ghil_muulnaat_1780602013008.png,0,1,1,1,0,1
haan_ghil_muulnaat_1780602013604.png,0,1,1,1,0,1
haan_ghil_muulnaat_1780602014192.png,0,1,1,1,0,1
haan_ghil_muulnaat_1780602014792.png,0,1,1,0,1,0
haan_ghil_muulnaat_1780602015620.png,0,0,0,1,0,0
haan_ghil_muulnaat_1780602016440.png,0,1,1,1,0,0
haan_ghil_muulnaat_1780602017272.png,0,1,1,1,0,0
haan_ghil_muulnaat_1780602017958.png,0,1,1,1,0,0
haan_ghil_muulnaat_1780602018586.png,1,1,1,1,0,1
haan_ghil_muulnaat_1780602019828.png,0,1,1,1,1,1
haan_ghil_muulnaat_1780602020660.png,0,1,0,1,0,0
haan_ghil_muulnaat_1780602021278.png,1,1,1,1,1,0
haan_ghil_muulnaat_1780602021850.png,0,1,1,1,1,0
haan_ghil_muulnaat_1780602022725.png,0,0,1,0,0,1
haan_ghil_muulnaat_1780602023577.png,0,0,1,1,0,1
haan_ghil_muulnaat_1780602024172.png,1,0,0,0,0,1
haan_ghil_muulnaat_1780602024784.png,0,1,1,1,1,1
haan_ghil_muulnaat_1780602025596.png,1,1,1,1,1,0
haan_ghil_muulnaat_1780602026331.png,0,1,1,1,0,0
haan_ghil_muulnaat_1780602027115.png,1,1,1,1,1,1
haan_ghil_muulnaat_1780602027677.png,0,1,1,1,0,1
haan_ghil_muulnaat_1780602028422.png,0,0,1,1,0,1
haan_ghil_muulnaat_1780602029186.png,0,1,1,1,0,0
haan_ghil_muulnaat_1780602029776.png,1,0,0,0,0,0
haan_ghil_muulnaat_1780602030468.png,0,1,1,1,1,1
haan_ghil_muulnaat_1780602031251.png,0,1,0,1,0,0
haan_ghil_muulnaat_1780602031820.png,0,0,1,1,1,1
haan_ghil_muulnaat_1780602032380.png,0,0,0,0,0,0
haan_ghil_muulnaat_1780602033103.png,0,1,1,1,0,0
haan_ghil_muulnaat_1780602033853.png,0,1,0,1,0,0
haan_ghil_muulnaat_1780602034437.png,0,1,1,1,0,1
haan_ghil_muulnaat_1780602035059.png,0,1,1,1,0,0
haan_ghil_muulnaat_1780602035639.png,0,1,1,1,1,1
haan_ghil_muulnaat_1780602036394.png,0,0,1,1,0,0
haan_ghil_muulnaat_1780602037177.png,0,1,0,1,0,0
haan_ghil_muulnaat_1780602037755.png,0,0,1,1,1,0
haan_ghil_muulnaat_1780602038371.png,0,1,1,1,0,0
haan_ghil_muulnaat_1780602039158.png,0,0,0,0,0,0
haan_ghil_muulnaat_1780602039752.png,0,1,1,0,0,0
haan_ghil_muulnaat_1780602040355.png,0,1,1,1,0,1
haan_ghil_muulnaat_1780602041115.png,0,1,1,1,1,1
haan_ghil_muulnaat_1780602041707.png,1,1,1,1,1,1
haan_ghil_muulnaat_1780602042362.png,1,1,1,1,0,1
haan_ghil_muulnaat_1780602042966.png,1,1,1,0,0,0
haan_ghil_muulnaat_1780602043572.png,0,1,1,1,0,1
haan_ghil_muulnaat_1780602044368.png,0,0,0,0,0,0
haan_ghil_muulnaat_1780602044973.png,0,1,1,1,1,1
haan_ghil_muulnaat_1780602045755.png,0,0,0,0,0,0
haan_ghil_muulnaat_1780602046567.png,0,1,0,1,0,0
haan_ghil_muulnaat_1780602047382.png,0,0,0,1,0,0
haan_ghil_muulnaat_1780602048171.png,0,1,1,1,0,1
haan_ghil_muulnaat_1780602048793.png,0,1,1,1,0,1
haan_ghil_muulnaat_1780602049369.png,0,1,1,1,0,1
haan_ghil_muulnaat_1780602050116.png,0,1,1,1,0,0
haan_ghil_muulnaat_1780602050874.png,0,0,0,1,0,0
haan_ghil_muulnaat_1780602051438.png,0,1,1,1,0,1
haan_ghil_muulnaat_1780602052174.png,0,1,1,1,0,1
haan_ghil_muulnaat_1780602052938.png,0,1,1,1,0,0
haan_ghil_muulnaat_1780602053662.png,0,1,1,1,0,1
haan_ghil_muulnaat_1780602054227.png,0,1,1,1,0,1
haan_ghil_muulnaat_1780602054809.png,0,1,1,1,1,1
haan_ghil_muulnaat_1780602055417.png,0,1,1,1,0,1
haan_ghil_muulnaat_1780602056016.png,0,1,1,1,1,1
haan_ghil_muulnaat_1780602056620.png,0,1,1,1,1,1
haan_ghil_muulnaat_1780602057212.png,0,1,1,1,0,0
haan_ghil_muulnaat_1780602057835.png,1,1,1,1,1,1
haan_ghil_muulnaat_1780602058449.png,1,1,1,1,1,0
haan_ghil_muulnaat_1780602059027.png,0,1,1,1,1,1
haan_ghil_muulnaat_1780602059657.png,1,1,1,1,1,0
haan_ghil_muulnaat_1780602060278.png,1,1,1,1,0,1
haan_ghil_muulnaat_1780602061045.png,1,1,1,1,0,1
haan_ghil_muulnaat_1780602061655.png,0,1,1,1,0,0
haan_ghil_muulnaat_1780602062289.png,0,1,1,1,1,1
haan_ghil_muulnaat_1780602062872.png,1,1,1,1,0,0
haan_ghil_muulnaat_1780602063600.png,0,1,1,1,0,0
haan_ghil_muulnaat_1780602064214.png,0,1,1,1,0,1
haan_ghil_muulnaat_1780602064930.png,0,1,1,1,0,0
haan_ghil_muulnaat_1780602065684.png,0,1,1,0,0,0
haan_ghil_muulnaat_1780602066236.png,0,1,1,1,0,0
haan_ghil_muulnaat_1780602067001.png,0,1,0,1,0,0
haan_ghil_muulnaat_1780602067587.png,1,1,1,1,0,1
haan_ghil_muulnaat_1780602068171.png,0,1,1,1,0,0
haan_ghil_muulnaat_1780602068904.png,0,1,0,1,0,0
haan_ghil_muulnaat_1780602069648.png,0,0,0,0,1,0
haan_ghil_muulnaat_1780602070363.png,0,1,0,0,0,1
haan_ghil_muulnaat_1780602071099.png,0,0,1,1,0,0
haan_ghil_muulnaat_1780602071849.png,1,1,1,1,0,1
haan_ghil_muulnaat_1780602072565.png,0,1,1,1,0,1
haan_ghil_muulnaat_1780602073296.png,0,0,0,1,0,0
haan_ghil_muulnaat_1780602074034.png,0,1,1,0,0,0
haan_ghil_muulnaat_1780602074643.png,0,1,1,1,0,1
haan_ghil_muulnaat_1780602075435.png,0,1,1,1,1,1
haan_ghil_muulnaat_1780602076269.png,0,1,1,1,1,0
haan_ghil_muulnaat_1780602077542.png,0,1,1,0,1,1
haan_ghil_muulnaat_1780602078327.png,0,1,0,1,0,0
haan_ghil_muulnaat_1780602078935.png,0,1,1,1,0,0
haan_ghil_muulnaat_1780602079763.png,0,1,1,1,1,1
haan_ghil_muulnaat_1780602080385.png,0,0,0,0,0,0
haan_ghil_muulnaat_1780602080979.png,0,1,1,1,0,1
haan_ghil_muulnaat_1780602081630.png,0,1,1,1,0,0
haan_ghil_muulnaat_1780602082250.png,0,0,1,1,0,1
haan_ghil_muulnaat_1780602083025.png,0,1,1,1,1,1
haan_ghil_muulnaat_1780602083668.png,0,1,1,1,1,1
haan_ghil_muulnaat_1780602084300.png,0,1,1,1,0,0
haan_ghil_muulnaat_1780602084941.png,1,1,1,1,1,1
haan_ghil_muulnaat_1780602085774.png,0,1,1,1,0,0
haan_ghil_muulnaat_1780602086431.png,0,1,1,1,1,1
haan_ghil_muulnaat_1780602087045.png,1,1,1,1,0,0
haan_ghil_muulnaat_1780602087651.png,1,0,0,0,0,1
haan_ghil_muulnaat_1780602088298.png,1,0,1,1,1,1
haan_ghil_muulnaat_1780602088924.png,0,0,1,1,1,1
haan_ghil_muulnaat_1780602089711.png,0,1,1,1,1,1
haan_ghil_muulnaat_1780602090338.png,0,1,1,0,1,1
haan_ghil_muulnaat_1780602090947.png,0,1,1,1,0,1
haan_ghil_muulnaat_1780602091733.png,1,1,1,1,0,0
haan_ghil_muulnaat_1780602092538.png,0,1,1,1,1,1
haan_ghil_muulnaat_1780602093149.png,0,1,1,1,0,0
haan_ghil_muulnaat_1780602093934.png,0,1,0,1,0,1
haan_ghil_muulnaat_1780602094516.png,0,1,1,1,0,0
haan_ghil_muulnaat_1780602095244.png,0,1,0,1,0,0
haan_ghil_muulnaat_1780602095812.png,0,1,1,0,1,1
haan_ghil_muulnaat_1780602096532.png,0,1,1,0,0,1
haan_ghil_muulnaat_1780602097112.png,0,1,1,1,1,1
haan_ghil_muulnaat_1780602097814.png,0,1,0,0,0,0
haan_ghil_muulnaat_1780602098395.png,0,1,1,1,1,1
haan_ghil_muulnaat_1780602098921.png,0,0,0,0,0,0
haan_ghil_muulnaat_1780602099505.png,0,0,1,0,0,0
haan_ghil_muulnaat_1780602100092.png,0,1,1,1,0,1
haan_ghil_muulnaat_1780602100638.png,0,1,1,1,1,0
haan_ghil_muulnaat_1780602101220.png,0,1,1,1,0,0
haan_ghil_muulnaat_1780602101787.png,0,1,1,1,0,1
haan_ghil_muulnaat_1780602102535.png,1,1,1,1,1,1
haan_ghil_muulnaat_1780602103115.png,0,1,1,1,1,1
haan_ghil_muulnaat_1780602103649.png,0,1,1,1,0,1
haan_ghil_muulnaat_1780602104181.png,0,1,1,1,1,0
haan_ghil_muulnaat_1780602104740.png,0,1,1,1,0,1
haan_ghil_muulnaat_1780602105354.png,0,1,1,0,0,1
haan_ghil_muulnaat_1780602106571.png,0,0,1,1,0,0
haan_ghil_muulnaat_1780602107382.png,0,0,0,1,0,0
haan_ghil_muulnaat_1780602107979.png,1,1,1,1,1,1
haan_ghil_muulnaat_1780602108800.png,0,1,0,1,0,0
haan_ghil_muulnaat_1780602109625.png,0,1,1,1,0,1
haan_ghil_muulnaat_1780602110234.png,0,1,1,1,0,1
haan_ghil_muulnaat_1780602110896.png,1,0,1,1,1,1
haan_ghil_muulnaat_1780602111556.png,1,1,1,1,1,1
haan_ghil_muulnaat_1780602112383.png,0,1,0,0,0,0
haan_ghil_muulnaat_1780602113195.png,1,1,1,1,1,0
haan_ghil_muulnaat_1780602113793.png,0,1,1,1,0,1
haan_ghil_muulnaat_1780602114629.png,1,1,1,1,0,0
haan_ghil_muulnaat_1780602115248.png,0,1,1,1,0,0
haan_ghil_muulnaat_1780602116011.png,0,1,1,1,0,1
haan_ghil_muulnaat_1780602116831.png,0,1,1,1,0,0
haan_ghil_muulnaat_1780602117475.png,0,1,1,1,0,1
haan_ghil_muulnaat_1780602118144.png,0,1,1,1,0,1
haan_ghil_muulnaat_1780602118765.png,0,1,1,0,0,1
haan_ghil_muulnaat_1780602119405.png,0,1,1,1,0,1
haan_ghil_muulnaat_1780602120031.png,0,1,1,1,0,1
haan_ghil_muulnaat_1780602120896.png,0,1,1,1,0,1
haan_ghil_muulnaat_1780602121662.png,0,0,1,0,0,1
haan_ghil_muulnaat_1780602122273.png,0,1,1,1,1,1
haan_ghil_muulnaat_1780602122924.png,0,1,1,1,1,1
haan_ghil_muulnaat_1780602123583.png,0,1,1,1,0,0
haan_ghil_muulnaat_1780602124350.png,0,1,0,1,0,0
haan_ghil_muulnaat_1780602125138.png,0,1,1,0,0,1
haan_ghil_muulnaat_1780602125865.png,0,1,1,1,1,1
haan_ghil_muulnaat_1780602126573.png,0,1,1,1,1,1
haan_ghil_muulnaat_1780602127322.png,0,1,1,1,1,1
haan_ghil_muulnaat_1780602128041.png,0,1,1,1,0,1
haan_ghil_muulnaat_1780602128802.png,0,1,1,1,0,0
haan_ghil_muulnaat_1780602129399.png,0,1,1,1,1,1
haan_ghil_muulnaat_1780602130159.png,0,1,0,1,0,1
haan_ghil_muulnaat_1780602130920.png,0,1,1,1,0,1
haan_ghil_muulnaat_1780602131709.png,0,1,1,1,1,1
haan_ghil_muulnaat_1780602132286.png,0,1,1,1,0,1
haan_ghil_muulnaat_1780602133037.png,0,1,1,1,1,1
haan_ghil_muulnaat_1780602133619.png,0,1,1,1,0,0
haan_ghil_muulnaat_1780602134368.png,0,1,0,1,0,1
haan_ghil_muulnaat_1780602135162.png,0,1,1,1,0,1
haan_ghil_muulnaat_1780602135963.png,1,1,1,1,1,1
haan_ghil_muulnaat_1780602136770.png,0,1,1,1,1,1
haan_ghil_muulnaat_1780602137541.png,0,0,1,1,0,1
haan_ghil_muulnaat_1780602138135.png,0,1,1,1,1,0
haan_ghil_muulnaat_1780602138906.png,0,1,1,1,0,1
haan_ghil_muulnaat_1780602139692.png,0,1,1,1,0,0
haan_ghil_muulnaat_1780602140478.png,0,1,1,1,1,1
haan_ghil_muulnaat_1780602141129.png,1,1,1,1,0,1
haan_ghil_muulnaat_1780602141742.png,0,1,1,1,0,1
haan_ghil_muulnaat_1780602142375.png,0,0,1,1,0,1
haan_ghil_muulnaat_1780602143090.png,0,1,1,1,0,1
haan_ghil_muulnaat_1780602143824.png,0,0,0,1,0,0
haan_ghil_muulnaat_1780602144631.png,0,1,1,1,0,1
haan_ghil_muulnaat_1780602145438.png,0,1,1,1,1,1
haan_ghil_muulnaat_1780602146301.png,0,1,1,1,1,1
haan_ghil_muulnaat_1780602146944.png,0,1,1,1,0,1
haan_ghil_muulnaat_1780602147768.png,0,0,0,1,0,0
haan_ghil_muulnaat_1780602148425.png,0,0,0,0,0,0
haan_ghil_muulnaat_1780602149253.png,0,1,1,1,1,1
haan_ghil_muulnaat_1780602149869.png,0,1,1,1,1,1
haan_ghil_muulnaat_1780602150440.png,0,1,1,1,1,1
haan_ghil_muulnaat_1780602151716.png,0,1,0,1,1,1
haan_ghil_muulnaat_1780602152979.png,0,1,1,1,0,1
haan_ghil_muulnaat_1780602153617.png,0,1,1,1,1,1
haan_ghil_muulnaat_1780602154408.png,0,1,1,1,1,1
haan_ghil_muulnaat_1780602155198.png,1,1,1,1,1,0
haan_ghil_muulnaat_1780602156000.png,0,1,0,1,0,0
haan_ghil_muulnaat_1780602156808.png,1,1,1,1,1,1
haan_ghil_muulnaat_1780602157706.png,0,1,1,1,0,1
haan_ghil_muulnaat_1780602158508.png,1,1,1,1,0,0
haan_ghil_muulnaat_1780602159079.png,0,0,0,0,0,0
haan_ghil_muulnaat_1780602159713.png,1,0,0,0,0,0
haan_ghil_muulnaat_1780602160526.png,0,1,1,1,0,1
haan_ghil_muulnaat_1780602161316.png,0,1,0,1,0,0
haan_ghil_muulnaat_1780602161899.png,0,0,1,1,0,1
haan_ghil_muulnaat_1780602162696.png,0,0,0,0,0,0
haan_ghil_muulnaat_1780602163353.png,0,0,0,0,0,0
haan_ghil_muulnaat_1780602164206.png,0,1,1,1,0,0
haan_ghil_muulnaat_1780602164795.png,0,1,1,1,1,1
haan_ghil_muulnaat_1780602165610.png,0,1,1,1,0,1
haan_ghil_muulnaat_1780602166354.png,1,1,1,1,1,1
haan_ghil_muulnaat_1780602166996.png,1,1,1,1,1,1
haan_ghil_muulnaat_1780602167742.png,1,1,1,1,0,1
haan_ghil_muulnaat_1780602168519.png,1,1,0,1,0,0
haan_ghil_muulnaat_1780602169353.png,1,1,0,1,0,0
haan_ghil_muulnaat_1780602170097.png,0,1,0,1,0,0
haan_ghil_muulnaat_1780602170718.png,0,1,1,1,0,1
haan_ghil_muulnaat_1780602171534.png,1,1,1,1,0,1
haan_ghil_muulnaat_1780602172294.png,0,1,1,1,0,0
haan_ghil_muulnaat_1780602172860.png,0,1,1,1,1,1
haan_ghil_muulnaat_1780602173635.png,0,1,1,1,0,0
haan_ghil_muulnaat_1780602174404.png,0,1,0,1,0,1
haan_ghil_muulnaat_1780602174947.png,1,1,1,1,0,0
haan_ghil_muulnaat_1780602175759.png,0,1,1,1,0,0
haan_ghil_muulnaat_1780602176374.png,1,1,1,1,1,1
haan_ghil_muulnaat_1780602177163.png,0,1,0,1,1,1
haan_ghil_muulnaat_1780602177938.png,0,1,1,1,1,1
haan_ghil_muulnaat_1780602178510.png,0,1,1,1,1,1
haan_ghil_muulnaat_1780602179114.png,0,1,0,1,0,1
haan_ghil_muulnaat_1780602179765.png,0,1,1,1,1,0
haan_ghil_muulnaat_1780602180574.png,0,1,1,1,0,0
haan_ghil_muulnaat_1780602181186.png,0,1,1,1,0,1
haan_ghil_muulnaat_1780602181806.png,0,1,1,1,0,1
haan_ghil_muulnaat_1780602182414.png,0,1,1,1,0,1
haan_ghil_muulnaat_1780602183026.png,0,1,1,1,1,1
haan_ghil_muulnaat_1780602183619.png,0,0,0,0,0,1
haan_ghil_muulnaat_1780602184366.png,0,1,1,1,1,0
haan_ghil_muulnaat_1780602184958.png,0,1,1,1,0,1
haan_ghil_muulnaat_1780602185558.png,0,1,1,1,0,1
haan_ghil_muulnaat_1780602186354.png,0,0,1,0,0,1
haan_ghil_muulnaat_1780602187081.png,0,1,1,1,0,1
haan_ghil_muulnaat_1780602187694.png,0,1,1,1,0,0
haan_ghil_muulnaat_1780602188458.png,0,1,0,1,0,0
haan_ghil_muulnaat_1780602189213.png,1,1,1,1,0,0
haan_ghil_muulnaat_1780602190027.png,1,1,1,1,0,1
haan_ghil_muulnaat_1780602190664.png,0,1,1,1,0,1
haan_ghil_muulnaat_1780602191313.png,0,1,1,1,0,0
haan_ghil_muulnaat_1780602192122.png,1,1,1,1,0,1
haan_ghil_muulnaat_1780602192774.png,1,1,1,1,1,1
haan_ghil_muulnaat_1780602193538.png,0,1,1,1,1,1
haan_ghil_muulnaat_1780602194343.png,1,1,1,1,0,0
haan_ghil_muulnaat_1780602195156.png,0,0,0,1,0,0
haan_ghil_muulnaat_1780602195941.png,0,0,0,1,0,0
haan_ghil_muulnaat_1780602196714.png,1,0,1,0,0,0
haan_ghil_muulnaat_1780602197455.png,0,1,1,1,0,1
haan_ghil_muulnaat_1780602198195.png,0,1,0,1,0,0
haan_ghil_muulnaat_1780602198794.png,0,1,1,1,0,0
haan_ghil_muulnaat_1780602199365.png,1,1,1,1,1,1
haan_ghil_muulnaat_1780602200167.png,0,1,0,1,0,0
haan_ghil_muulnaat_1780602200927.png,0,1,1,1,0,0
haan_ghil_muulnaat_1780602201729.png,0,0,0,0,0,0
haan_ghil_muulnaat_1780602202462.png,1,1,1,1,1,1
haan_ghil_muulnaat_1780602203223.png,0,1,1,1,1,1
haan_ghil_muulnaat_1780602204003.png,0,1,1,1,1,1
haan_ghil_muulnaat_1780602204619.png,1,1,1,1,1,1
haan_ghil_muulnaat_1780602205405.png,0,1,1,1,1,1
haan_ghil_muulnaat_1780602205991.png,0,1,1,1,0,1
haan_ghil_muulnaat_1780602206750.png,1,1,1,1,1,1
haan_ghil_muulnaat_1780602207301.png,0,0,1,1,0,0
haan_ghil_muulnaat_1780602207960.png,0,1,1,1,1,0
haan_ghil_muulnaat_1780602208807.png,0,1,1,1,0,0
haan_ghil_muulnaat_1780602209435.png,0,1,1,1,1,1
haan_ghil_muulnaat_1780602210045.png,0,1,1,1,1,0
haan_ghil_muulnaat_1780602210684.png,0,1,1,1,0,0
haan_ghil_muulnaat_1780602211295.png,0,1,1,1,1,0
haan_ghil_muulnaat_1780602211924.png,1,1,1,1,0,1
haan_ghil_muulnaat_1780602212682.png,0,1,1,1,1,1
haan_ghil_muulnaat_1780602213245.png,0,1,1,1,0,1
haan_ghil_muulnaat_1780602214083.png,0,1,1,1,1,1
haan_ghil_muulnaat_1780602214873.png,0,0,1,1,0,0
haan_ghil_muulnaat_1780602215650.png,0,0,0,1,0,0
haan_ghil_muulnaat_1780602216260.png,0,1,0,1,0,1
haan_ghil_muulnaat_1780602217054.png,0,1,0,1,0,0
haan_ghil_muulnaat_1780602217715.png,0,0,0,0,0,1
haan_ghil_muulnaat_1780602218288.png,0,1,1,1,0,1
haan_ghil_muulnaat_1780602218887.png,1,1,1,1,0,1
haan_ghil_muulnaat_1780602219694.png,0,1,1,1,0,0
haan_ghil_muulnaat_1780602220337.png,0,1,1,1,0,1
haan_ghil_muulnaat_1780602220958.png,1,1,1,1,0,1
haan_ghil_muulnaat_1780602222397.png,0,1,1,1,1,1
haan_ghil_muulnaat_1780602223176.png,0,1,1,1,0,1
haan_ghil_muulnaat_1780602223971.png,0,0,0,1,0,0
haan_ghil_muulnaat_1780602224757.png,0,1,1,1,1,1
haan_ghil_muulnaat_1780602225349.png,0,1,1,1,0,1
haan_ghil_muulnaat_1780602226132.png,0,1,1,1,1,1
haan_ghil_muulnaat_1780602226724.png,0,0,0,0,0,0
haan_ghil_muulnaat_1780602227511.png,1,0,1,0,0,1
haan_ghil_muulnaat_1780602228147.png,1,1,1,1,1,1
haan_ghil_muulnaat_1780602228715.png,0,1,1,1,0,1
haan_ghil_muulnaat_1780602229337.png,1,1,1,1,0,1
haan_ghil_muulnaat_1780602229926.png,0,1,1,1,1,1
haan_ghil_muulnaat_1780602230539.png,0,1,1,1,0,1
haan_ghil_muulnaat_1780602231138.png,0,1,1,1,0,1
haan_ghil_muulnaat_1780602231721.png,0,1,1,1,0,1
haan_ghil_muulnaat_1780602232326.png,0,1,1,1,0,1
haan_ghil_muulnaat_1780602233117.png,0,0,0,1,0,0
haan_ghil_muulnaat_1780602233716.png,0,1,1,1,1,1
haan_ghil_muulnaat_1780602234317.png,0,1,1,1,0,1
haan_ghil_muulnaat_1780602234912.png,0,1,1,1,0,0
haan_ghil_muulnaat_1780602235662.png,0,1,1,1,1,1
haan_ghil_muulnaat_1780602236495.png,0,1,1,1,0,1
haan_ghil_muulnaat_1780602237294.png,0,1,1,0,0,1
haan_ghil_muulnaat_1780602237905.png,0,1,1,1,0,1
haan_ghil_muulnaat_1780602238717.png,0,1,1,1,0,1
haan_ghil_muulnaat_1780602239456.png,0,1,1,1,0,0
haan_ghil_muulnaat_1780602240058.png,0,0,1,1,1,1
haan_ghil_muulnaat_1780602240850.png,1,1,1,1,1,0
haan_ghil_muulnaat_1780602241478.png,0,1,1,1,0,0
haan_ghil_muulnaat_1780602242261.png,0,0,0,1,0,0
haan_ghil_muulnaat_1780602242864.png,0,1,1,1,1,1
haan_ghil_muulnaat_1780602243467.png,0,1,1,1,0,1
haan_ghil_muulnaat_1780602244090.png,0,1,1,1,0,0
haan_ghil_muulnaat_1780602244687.png,0,1,0,1,0,1
haan_ghil_muulnaat_1780602245481.png,0,0,1,1,0,0
haan_ghil_muulnaat_1780602246057.png,0,1,1,1,1,1
haan_ghil_muulnaat_1780602246639.png,0,1,1,1,0,1
haan_ghil_muulnaat_1780602247430.png,0,1,1,1,0,0
haan_ghil_muulnaat_1780602248041.png,0,0,0,0,0,0
haan_ghil_muulnaat_1780602248793.png,0,1,1,1,0,0
haan_ghil_muulnaat_1780602249387.png,0,1,1,0,0,1
haan_ghil_muulnaat_1780602250185.png,0,1,1,1,0,0
haan_ghil_muulnaat_1780602250979.png,0,1,1,1,0,0
haan_ghil_muulnaat_1780602251606.png,0,1,1,1,1,1
haan_ghil_muulnaat_1780602252447.png,0,0,0,1,0,0
haan_ghil_muulnaat_1780602253070.png,0,1,1,1,0,1
haan_ghil_muulnaat_1780602253807.png,0,0,0,0,0,0
haan_ghil_muulnaat_1780602582763.png,1,1,1,1,0,1
haan_ghil_muulnaat_1780602584212.png,0,1,1,1,0,1
haan_ghil_muulnaat_1780602585704.png,1,0,1,1,0,1
haan_ghil_muulnaat_1780602587887.png,0,1,1,1,0,1
haan_ghil_muulnaat_1780602589273.png,0,1,1,1,1,0
haan_ghil_muulnaat_1780602589901.png,0,1,1,0,0,0
haan_ghil_muulnaat_1780602590412.png,0,1,1,1,0,0
haan_ghil_muulnaat_1780602591045.png,0,1,1,1,0,1
haan_ghil_muulnaat_1780602591626.png,0,1,1,1,0,1
haan_ghil_muulnaat_1780602592120.png,0,1,1,1,0,1
haan_ghil_muulnaat_1780602592719.png,0,0,1,1,0,0
haan_ghil_muulnaat_1780602593221.png,0,1,1,1,1,1
haan_ghil_muulnaat_1780602593690.png,0,1,1,1,0,1
haan_ghil_muulnaat_1780602594325.png,0,1,1,1,0,1
haan_ghil_muulnaat_1780602594911.png,1,1,1,1,1,1
haan_ghil_muulnaat_1780602595579.png,0,1,1,1,0,1
haan_ghil_muulnaat_1780602596026.png,0,0,1,1,0,1
haan_ghil_muulnaat_1780602596684.png,0,1,0,1,0,0
haan_ghil_muulnaat_1780602597173.png,0,1,1,1,1,1
haan_ghil_muulnaat_1780602597810.png,0,1,1,1,1,1
haan_ghil_muulnaat_1780602598403.png,0,1,1,1,0,0
haan_ghil_muulnaat_1780602599109.png,0,1,1,1,0,1
haan_ghil_muulnaat_1780602599769.png,0,1,1,1,0,0
haan_ghil_muulnaat_1780602600239.png,1,1,1,1,0,1
haan_ghil_muulnaat_1780602600881.png,1,0,1,0,0,1
haan_ghil_muulnaat_1780602601545.png,0,0,1,1,0,1
haan_ghil_muulnaat_1780602602175.png,0,1,0,1,0,0
haan_ghil_muulnaat_1780602602679.png,0,1,1,1,0,1
haan_ghil_muulnaat_1780602603197.png,0,1,1,1,0,0
haan_ghil_muulnaat_1780602603781.png,0,0,1,1,1,1
haan_ghil_muulnaat_1780602604431.png,0,1,1,1,0,1
haan_ghil_muulnaat_1780602605059.png,0,1,1,1,0,0
haan_ghil_muulnaat_1780602605701.png,0,1,1,1,0,1
haan_ghil_muulnaat_1780602606354.png,0,1,1,1,0,1
haan_ghil_muulnaat_1780602606855.png,0,1,1,1,1,1
haan_ghil_muulnaat_1780602607508.png,0,1,0,0,0,1
haan_ghil_muulnaat_1780602607973.png,1,1,1,1,0,1
haan_ghil_muulnaat_1780602608411.png,0,0,0,0,0,0
haan_ghil_muulnaat_1780602609064.png,0,1,0,1,0,0
haan_ghil_muulnaat_1780602609777.png,0,0,1,1,0,1
haan_ghil_muulnaat_1780602610432.png,0,1,1,1,0,0
haan_ghil_muulnaat_1780602611065.png,0,1,1,1,0,0
haan_ghil_muulnaat_1780602611688.png,0,1,1,1,0,1
haan_ghil_muulnaat_1780602612286.png,0,1,1,1,0,0
haan_ghil_muulnaat_1780602612817.png,0,1,1,1,0,1
haan_ghil_muulnaat_1780602613480.png,0,1,1,1,1,1
haan_ghil_muulnaat_1780602614134.png,1,1,1,1,0,0
haan_ghil_muulnaat_1780602614589.png,0,1,1,1,0,0
haan_ghil_muulnaat_1780602615251.png,0,0,1,1,0,0
haan_ghil_muulnaat_1780602615931.png,0,1,1,1,0,0
haan_ghil_muulnaat_1780602616562.png,0,1,0,1,0,0
haan_ghil_muulnaat_1780602617244.png,0,1,1,1,0,0
haan_ghil_muulnaat_1780602617866.png,0,1,1,1,0,1
haan_ghil_muulnaat_1780602618454.png,0,1,1,1,0,0
haan_ghil_muulnaat_1780602619154.png,0,0,0,1,0,0
haan_ghil_muulnaat_1780602619699.png,0,0,0,0,0,0
haan_ghil_muulnaat_1780602620192.png,1,1,1,1,0,1
haan_ghil_muulnaat_1780602620851.png,0,1,1,1,0,0
haan_ghil_muulnaat_1780602621529.png,0,1,1,1,0,1
haan_ghil_muulnaat_1780602622187.png,0,1,0,1,0,0
haan_ghil_muulnaat_1780602622843.png,0,1,1,1,0,1
haan_ghil_muulnaat_1780602623312.png,0,0,0,0,0,0
haan_ghil_muulnaat_1780602623981.png,0,0,1,1,0,1
haan_ghil_muulnaat_1780602624450.png,0,1,1,1,0,1
haan_ghil_muulnaat_1780602624959.png,0,1,1,1,1,1
haan_ghil_muulnaat_1780602625635.png,0,1,1,1,1,1
haan_ghil_muulnaat_1780602626313.png,0,0,0,0,0,0
haan_ghil_muulnaat_1780602626821.png,0,1,1,1,1,0
haan_ghil_muulnaat_1780602627334.png,0,1,1,1,1,1
haan_ghil_muulnaat_1780602627860.png,0,1,1,1,0,0
haan_ghil_muulnaat_1780602628515.png,1,1,1,1,1,1
haan_ghil_muulnaat_1780602629170.png,0,1,0,1,1,1
haan_ghil_muulnaat_1780602629868.png,1,1,0,0,0,0
haan_ghil_muulnaat_1780602630389.png,0,1,0,1,0,1
haan_ghil_muulnaat_1780602631034.png,1,1,1,1,1,1
haan_ghil_muulnaat_1780602631706.png,0,1,1,1,0,0
haan_ghil_muulnaat_1780602632349.png,0,1,1,0,0,0
haan_ghil_muulnaat_1780602632872.png,0,1,1,1,1,0
haan_ghil_muulnaat_1780602633547.png,0,1,0,1,0,0
haan_ghil_muulnaat_1780602634065.png,0,1,1,1,0,0
haan_ghil_muulnaat_1780602634579.png,0,1,1,1,1,1
haan_ghil_muulnaat_1780602635083.png,0,1,1,1,1,1
haan_ghil_muulnaat_1780602635609.png,0,1,1,0,1,1
haan_ghil_muulnaat_1780602636150.png,0,1,1,1,0,1
haan_ghil_muulnaat_1780602636661.png,0,1,1,1,1,1
haan_ghil_muulnaat_1780602637190.png,0,1,1,1,0,1
haan_ghil_muulnaat_1780602637718.png,0,1,1,1,0,1
haan_ghil_muulnaat_1780602638281.png,0,1,1,1,0,1
haan_ghil_muulnaat_1780602638803.png,0,0,0,0,0,1
haan_ghil_muulnaat_1780602639504.png,0,1,0,1,0,0
haan_ghil_muulnaat_1780602640047.png,0,1,1,1,0,1
haan_ghil_muulnaat_1780602640714.png,0,1,1,1,1,1
haan_ghil_muulnaat_1780602641320.png,1,1,1,1,1,1
haan_ghil_muulnaat_1780602641997.png,0,1,1,1,1,1
haan_ghil_muulnaat_1780602642716.png,1,1,1,1,0,0
haan_ghil_muulnaat_1780602643230.png,0,1,1,1,0,1
haan_ghil_muulnaat_1780602643921.png,0,1,1,1,0,1
haan_ghil_muulnaat_1780602644451.png,0,1,1,1,0,1
haan_ghil_muulnaat_1780602645148.png,1,1,1,1,1,1
haan_ghil_muulnaat_1780602645845.png,0,1,1,1,0,0
haan_ghil_muulnaat_1780602646399.png,0,1,1,1,0,0
haan_ghil_muulnaat_1780602647097.png,0,1,1,1,1,1
haan_ghil_muulnaat_1780602647804.png,0,1,1,1,0,1
haan_ghil_muulnaat_1780602648362.png,0,1,1,1,0,0
haan_ghil_muulnaat_1780602649072.png,0,1,0,1,0,0
haan_ghil_muulnaat_1780602650405.png,0,1,1,1,1,1
haan_ghil_muulnaat_1780602651088.png,0,1,1,1,1,1
haan_ghil_muulnaat_1780602651816.png,0,1,1,1,1,1
haan_ghil_muulnaat_1780602652534.png,0,1,1,1,0,1
haan_ghil_muulnaat_1780602653246.png,0,0,0,1,0,0
haan_ghil_muulnaat_1780602653778.png,0,1,1,1,0,1
haan_ghil_muulnaat_1780602655120.png,0,1,1,1,0,0
haan_ghil_muulnaat_1780602655836.png,0,1,0,1,0,0
haan_ghil_muulnaat_1780602656388.png,0,1,1,1,0,1
haan_ghil_muulnaat_1780602657152.png,0,1,1,1,0,0
haan_ghil_muulnaat_1780602657713.png,0,1,1,1,1,0
haan_ghil_muulnaat_1780602658409.png,0,1,1,1,1,0
haan_ghil_muulnaat_1780602658992.png,0,1,1,1,0,1
haan_ghil_muulnaat_1780602659702.png,0,1,1,1,1,0
haan_ghil_muulnaat_1780602660441.png,0,1,1,1,0,0
haan_ghil_muulnaat_1780602661178.png,0,1,1,1,0,1
haan_ghil_muulnaat_1780602661903.png,0,1,1,1,0,1
haan_ghil_muulnaat_1780602662597.png,0,1,1,1,0,0
haan_ghil_muulnaat_1780602663261.png,0,1,1,1,0,0
haan_ghil_muulnaat_1780602663982.png,0,1,1,1,0,0
haan_ghil_muulnaat_1780602664708.png,0,1,1,1,0,1
haan_ghil_muulnaat_1780602665454.png,0,0,1,1,0,1
haan_ghil_muulnaat_1780602666030.png,0,1,1,1,1,1
haan_ghil_muulnaat_1780602666627.png,0,1,1,1,1,1
haan_ghil_muulnaat_1780602667254.png,0,1,1,1,0,1
haan_ghil_muulnaat_1780602668000.png,0,1,1,1,0,1
haan_ghil_muulnaat_1780602668738.png,0,1,1,1,0,1
haan_ghil_muulnaat_1780602669501.png,0,1,1,0,0,1
haan_ghil_muulnaat_1780602670066.png,0,1,1,1,0,1
haan_ghil_muulnaat_1780602670870.png,0,1,1,1,0,0
haan_ghil_muulnaat_1780602671592.png,0,0,0,1,0,0
haan_ghil_muulnaat_1780602672310.png,0,1,1,1,1,1
haan_ghil_muulnaat_1780602673030.png,0,1,0,1,0,0
haan_ghil_muulnaat_1780602673765.png,0,1,0,1,0,0
haan_ghil_muulnaat_1780602674543.png,0,1,1,1,0,0
haan_ghil_muulnaat_1780602675275.png,0,1,1,1,0,0
haan_ghil_muulnaat_1780602675890.png,0,1,1,1,0,1
haan_ghil_muulnaat_1780602676450.png,1,0,1,0,0,1
haan_ghil_muulnaat_1780602677231.png,0,0,0,0,0,1
haan_ghil_muulnaat_1780602678019.png,0,1,1,1,0,0
haan_ghil_muulnaat_1780602678619.png,0,1,1,1,0,1
haan_ghil_muulnaat_1780602679212.png,0,1,1,1,0,1
haan_ghil_muulnaat_1780602679828.png,0,1,1,1,0,0
haan_ghil_muulnaat_1780602680457.png,1,1,1,1,1,1
haan_ghil_muulnaat_1780602681065.png,1,1,1,1,0,0
haan_ghil_muulnaat_1780602681665.png,0,1,1,1,0,1
haan_ghil_muulnaat_1780602682279.png,0,1,1,1,0,0
haan_ghil_muulnaat_1780602683074.png,0,1,1,1,0,1
haan_ghil_muulnaat_1780602683707.png,0,1,1,1,0,1
haan_ghil_muulnaat_1780602684487.png,1,1,1,1,1,0
haan_ghil_muulnaat_1780602685280.png,0,1,1,0,0,1
haan_ghil_muulnaat_1780602685924.png,0,1,1,1,0,0
haan_ghil_muulnaat_1780602686518.png,1,1,1,1,1,1
haan_ghil_muulnaat_1780602687257.png,1,1,1,1,0,0
haan_ghil_muulnaat_1780602687874.png,1,1,1,1,0,1
haan_ghil_muulnaat_1780602688599.png,0,1,1,1,1,1
haan_ghil_muulnaat_1780602689208.png,0,1,1,1,1,1
haan_ghil_muulnaat_1780602690018.png,0,0,0,1,0,0
haan_ghil_muulnaat_1780602690816.png,0,1,0,1,0,0
haan_ghil_muulnaat_1780602691601.png,0,1,1,1,0,0
haan_ghil_muulnaat_1780602692215.png,1,1,1,1,0,1
haan_ghil_muulnaat_1780602692777.png,0,1,1,1,0,0
haan_ghil_muulnaat_1780602693357.png,1,1,1,1,0,0
haan_ghil_muulnaat_1780602693927.png,1,1,1,1,1,1
haan_ghil_muulnaat_1780602694708.png,0,1,1,1,0,0
haan_ghil_muulnaat_1780602695482.png,0,1,0,1,0,1
haan_ghil_muulnaat_1780602696103.png,0,1,1,1,0,1
haan_ghil_muulnaat_1780602696883.png,0,1,1,1,1,0
haan_ghil_muulnaat_1780602697663.png,0,1,1,0,0,1
haan_ghil_muulnaat_1780602698326.png,0,0,1,1,0,0
haan_ghil_muulnaat_1780602699121.png,0,1,0,1,0,1
haan_ghil_muulnaat_1780602699747.png,0,1,1,1,0,1
haan_ghil_muulnaat_1780602700492.png,1,1,1,1,0,0
haan_ghil_muulnaat_1780602701248.png,0,1,1,1,0,0
haan_ghil_muulnaat_1780602701856.png,0,0,1,1,0,1
haan_ghil_muulnaat_1780602702474.png,1,1,1,1,1,1
haan_ghil_muulnaat_1780602703323.png,1,1,1,1,1,1
haan_ghil_muulnaat_1780602703962.png,1,1,1,1,1,1
haan_ghil_muulnaat_1780602704546.png,0,1,1,1,0,1
haan_ghil_muulnaat_1780602705174.png,1,1,1,1,1,0
haan_ghil_muulnaat_1780602705786.png,0,1,0,1,1,0
haan_ghil_muulnaat_1780602706408.png,1,1,1,1,0,0
haan_ghil_muulnaat_1780602707190.png,0,1,1,1,0,1
haan_ghil_muulnaat_1780602707824.png,0,1,1,1,0,1
haan_ghil_muulnaat_1780602708392.png,0,1,1,1,0,0
haan_ghil_muulnaat_1780602709139.png,0,1,1,1,0,0
haan_ghil_muulnaat_1780602709722.png,0,1,1,1,0,1
haan_ghil_muulnaat_1780602710355.png,1,1,1,1,0,0
haan_ghil_muulnaat_1780602710924.png,0,1,1,1,0,1
haan_ghil_muulnaat_1780602711545.png,0,1,1,1,0,0
haan_ghil_muulnaat_1780602712180.png,0,1,1,1,1,0
haan_ghil_muulnaat_1780602713011.png,0,1,1,1,1,1
haan_ghil_muulnaat_1780602713821.png,0,1,1,0,0,1
haan_ghil_muulnaat_1780602714410.png,0,1,1,1,0,1
haan_ghil_muulnaat_1780602715048.png,1,1,1,1,1,1
haan_ghil_muulnaat_1780602715865.png,1,1,1,1,1,1
haan_ghil_muulnaat_1780602716605.png,0,1,1,1,0,1
haan_ghil_muulnaat_1780602717370.png,0,1,1,1,1,0
haan_ghil_muulnaat_1780602718104.png,1,1,1,1,0,1
haan_ghil_muulnaat_1780602718856.png,0,1,1,1,0,1
haan_ghil_muulnaat_1780602719408.png,0,1,1,1,1,1
haan_ghil_muulnaat_1780602720009.png,1,1,1,1,1,1
haan_ghil_muulnaat_1780602720765.png,0,1,1,1,0,1
haan_ghil_muulnaat_1780602721542.png,0,1,1,1,0,1
haan_ghil_muulnaat_1780602722122.png,0,1,1,1,0,1
haan_ghil_muulnaat_1780602722715.png,0,1,1,1,0,1
haan_ghil_muulnaat_1780602723270.png,0,1,1,1,0,1
haan_ghil_muulnaat_1780602723881.png,0,1,1,1,0,0
haan_ghil_muulnaat_1780602724628.png,0,1,0,1,0,1
haan_ghil_muulnaat_1780602725222.png,1,1,1,1,1,1
haan_ghil_muulnaat_1780602726009.png,0,0,0,0,0,0
haan_ghil_muulnaat_1780602726562.png,0,1,1,1,1,1
haan_ghil_muulnaat_1780602727161.png,0,1,1,1,0,1
haan_ghil_muulnaat_1780602727744.png,0,1,1,1,0,0
haan_ghil_muulnaat_1780602728348.png,0,1,0,1,0,0
haan_ghil_muulnaat_1780602728951.png,0,1,1,1,0,0
haan_ghil_muulnaat_1780602729554.png,1,1,1,1,1,1
haan_ghil_muulnaat_1780602730313.png,0,1,1,1,0,1
haan_ghil_muulnaat_1780602731033.png,0,1,1,1,0,0
haan_ghil_muulnaat_1780602731573.png,0,1,1,1,1,1
haan_ghil_muulnaat_1780602732138.png,0,1,1,1,0,1
haan_ghil_muulnaat_1780602732842.png,0,1,1,1,0,1
haan_ghil_muulnaat_1780602733431.png,1,1,1,1,0,0
haan_ghil_muulnaat_1780602734036.png,1,1,1,1,0,1
haan_ghil_muulnaat_1780602734636.png,0,1,1,1,0,0
haan_ghil_muulnaat_1780602735396.png,0,0,0,0,0,0
haan_ghil_muulnaat_1780602736001.png,1,1,1,1,0,1
haan_ghil_muulnaat_1780602736626.png,0,1,1,1,1,0
haan_ghil_muulnaat_1780602737405.png,0,1,0,1,0,0
haan_ghil_muulnaat_1780602738183.png,1,0,0,0,0,1
haan_ghil_muulnaat_1780602738796.png,1,1,1,1,1,1
haan_ghil_muulnaat_1780602739383.png,0,1,1,1,1,1
haan_ghil_muulnaat_1780602739992.png,0,1,1,1,0,0
haan_ghil_muulnaat_1780602740614.png,0,1,1,1,1,1
haan_ghil_muulnaat_1780602741195.png,1,1,1,1,0,1
haan_ghil_muulnaat_1780602741989.png,1,1,1,1,1,1
haan_ghil_muulnaat_1780602742607.png,1,0,1,0,0,1
haan_ghil_muulnaat_1780602743417.png,1,1,1,1,1,1
haan_ghil_muulnaat_1780602744027.png,0,1,1,1,0,1
haan_ghil_muulnaat_1780602744798.png,0,1,1,1,0,0
haan_ghil_muulnaat_1780602745370.png,0,1,1,1,0,0
haan_ghil_muulnaat_1780602746141.png,0,1,0,1,0,1
haan_ghil_muulnaat_1780602746937.png,0,1,0,1,0,1
haan_ghil_muulnaat_1780602747728.png,0,0,0,0,0,0
haan_ghil_muulnaat_1780602748558.png,0,0,0,1,0,0
haan_ghil_muulnaat_1780602749166.png,0,1,1,1,0,1
haan_ghil_muulnaat_1780602749786.png,0,1,1,1,0,1
haan_ghil_muulnaat_1780602750402.png,0,1,1,1,0,0
haan_ghil_muulnaat_1780602751185.png,0,1,1,1,0,0
haan_ghil_muulnaat_1780602751982.png,0,1,0,1,0,0
haan_ghil_muulnaat_1780602752590.png,0,1,1,1,0,0
haan_ghil_muulnaat_1780602753168.png,0,1,1,1,0,1
haan_ghil_muulnaat_1780602753983.png,0,1,0,1,0,1
haan_ghil_muulnaat_1780602754591.png,0,1,1,1,0,0
haan_ghil_muulnaat_1780602755222.png,0,1,1,1,1,1
haan_ghil_muulnaat_1780602756020.png,0,1,0,1,0,0
haan_ghil_muulnaat_1780602756766.png,0,1,1,1,1,1
haan_ghil_muulnaat_1780602757311.png,0,1,1,1,0,0
haan_ghil_muulnaat_1780602758142.png,1,1,1,1,1,0
haan_ghil_muulnaat_1780602758901.png,0,1,1,1,1,1
haan_ghil_muulnaat_1780602759718.png,0,1,1,1,0,0
haan_ghil_muulnaat_1780602760478.png,0,1,0,1,0,0
haan_ghil_muulnaat_1780602761107.png,0,1,1,1,0,1
haan_ghil_muulnaat_1780602761673.png,0,1,1,1,0,1
haan_ghil_muulnaat_1780602762299.png,0,1,1,1,0,1
haan_ghil_muulnaat_1780602763057.png,0,1,1,1,0,0
haan_ghil_muulnaat_1780602763686.png,0,1,1,1,1,1
haan_ghil_muulnaat_1780602764291.png,0,1,0,1,0,0
haan_ghil_muulnaat_1780602765335.png,1,1,1,1,1,1
haan_ghil_muulnaat_1780602765999.png,0,1,1,1,0,1
haan_ghil_muulnaat_1780602766774.png,0,1,1,1,1,1
haan_ghil_muulnaat_1780602767529.png,0,1,1,1,1,1
haan_ghil_muulnaat_1780602768297.png,0,1,1,1,1,1
haan_ghil_muulnaat_1780602768933.png,1,1,1,1,1,1
haan_ghil_muulnaat_1780602769715.png,1,1,1,0,1,1
haan_ghil_muulnaat_1780602770539.png,0,1,1,1,0,1
haan_ghil_muulnaat_1780602771120.png,1,1,1,1,0,1
haan_ghil_muulnaat_1780602771747.png,1,1,1,1,0,0
haan_ghil_muulnaat_1780602772372.png,0,1,1,1,1,1
haan_ghil_muulnaat_1780602773124.png,1,1,1,1,1,1
haan_ghil_muulnaat_1780602773700.png,0,1,1,1,0,0
haan_ghil_muulnaat_1780602774317.png,0,1,1,1,0,1
haan_ghil_muulnaat_1780602775113.png,0,1,0,1,0,0
haan_ghil_muulnaat_1780602776341.png,0,1,1,1,0,1
haan_ghil_muulnaat_1780602777176.png,1,1,1,1,0,0
haan_ghil_muulnaat_1780602778002.png,0,1,1,1,1,0
haan_ghil_muulnaat_1780602778683.png,1,1,1,1,1,0
haan_ghil_muulnaat_1780602779323.png,0,0,1,0,0,1
haan_ghil_muulnaat_1780602779926.png,0,1,1,1,1,1
haan_ghil_muulnaat_1780602780721.png,0,1,1,1,1,0
haan_ghil_muulnaat_1780602781564.png,0,1,1,1,0,1
haan_ghil_muulnaat_1780602782209.png,0,1,1,0,1,0
haan_ghil_muulnaat_1780602782820.png,0,0,1,1,1,1
haan_ghil_muulnaat_1780602783443.png,0,1,1,1,0,1
haan_ghil_muulnaat_1780602784289.png,1,1,0,1,0,0
haan_ghil_muulnaat_1780602785068.png,0,1,0,1,0,0
haan_ghil_muulnaat_1780602785670.png,1,1,0,1,0,0
haan_ghil_muulnaat_1780602786458.png,0,0,1,0,0,0
haan_ghil_muulnaat_1780602787257.png,0,0,0,1,0,0
haan_ghil_muulnaat_1780602788046.png,0,1,0,1,0,0
haan_ghil_muulnaat_1780602788635.png,0,1,1,1,1,1
haan_ghil_muulnaat_1780602789437.png,0,0,0,0,0,0
haan_ghil_muulnaat_1780602790172.png,0,1,1,1,0,1
haan_ghil_muulnaat_1780602790769.png,1,1,1,1,1,1
haan_ghil_muulnaat_1780602791554.png,0,1,1,1,0,0
haan_ghil_muulnaat_1780602792122.png,1,1,1,1,0,1
haan_ghil_muulnaat_1780602792928.png,1,1,0,1,1,1
haan_ghil_muulnaat_1780602793680.png,0,1,1,1,0,0
haan_ghil_muulnaat_1780602794295.png,1,1,1,1,0,1
haan_ghil_muulnaat_1780602795103.png,0,0,1,1,0,0
haan_ghil_muulnaat_1780602795703.png,1,1,1,1,0,1
haan_ghil_muulnaat_1780602796439.png,0,0,1,1,0,0
haan_ghil_muulnaat_1780602797201.png,0,1,1,1,0,1
haan_ghil_muulnaat_1780602797914.png,0,1,0,0,0,0
haan_ghil_muulnaat_1780602798521.png,0,1,1,1,0,1
haan_ghil_muulnaat_1780602799115.png,0,1,1,1,0,0
haan_ghil_muulnaat_1780602799796.png,0,1,1,1,0,1
haan_ghil_muulnaat_1780602800359.png,0,1,1,1,0,1
haan_ghil_muulnaat_1780602801221.png,0,1,1,1,1,0
haan_ghil_muulnaat_1780602801806.png,0,1,1,1,0,0
haan_ghil_muulnaat_1780602802412.png,0,1,1,1,1,0
haan_ghil_muulnaat_1780602803164.png,0,1,1,1,0,0
haan_ghil_muulnaat_1780602803903.png,0,1,1,1,0,1
haan_ghil_muulnaat_1780602804500.png,0,1,1,1,0,1
haan_ghil_muulnaat_1780602805274.png,1,1,1,1,0,1
haan_ghil_muulnaat_1780602806036.png,0,1,1,1,0,1
haan_ghil_muulnaat_1780602806827.png,0,0,0,1,0,0
haan_ghil_muulnaat_1780602807609.png,1,1,0,1,0,0
haan_ghil_muulnaat_1780602808386.png,0,1,1,1,0,1
haan_ghil_muulnaat_1780602809154.png,1,1,1,1,0,1
haan_ghil_muulnaat_1780602809764.png,1,1,1,1,0,0
haan_ghil_muulnaat_1780602810326.png,0,1,1,1,0,1
haan_ghil_muulnaat_1780602810941.png,0,1,1,1,1,1
haan_ghil_muulnaat_1780602811727.png,0,1,1,1,0,0
haan_ghil_muulnaat_1780602812526.png,0,1,1,1,0,0
haan_ghil_muulnaat_1780602813304.png,0,1,1,1,0,0
haan_ghil_muulnaat_1780602813905.png,0,1,1,1,0,0
haan_ghil_muulnaat_1780602814507.png,0,1,1,1,1,0
haan_ghil_muulnaat_1780602815334.png,0,0,0,1,0,0
haan_ghil_muulnaat_1780602815944.png,0,1,1,1,0,0
haan_ghil_muulnaat_1780602816563.png,0,1,1,1,1,1
haan_ghil_muulnaat_1780602817374.png,0,1,1,1,0,1
haan_ghil_muulnaat_1780602818006.png,0,1,1,1,0,1
haan_ghil_muulnaat_1780602818601.png,0,1,1,1,0,0
haan_ghil_muulnaat_1780602819276.png,0,1,1,1,0,0
haan_ghil_muulnaat_1780602819924.png,0,1,1,1,0,1
haan_ghil_muulnaat_1780602820722.png,0,1,1,1,0,1
haan_ghil_muulnaat_1780602821376.png,0,1,1,1,0,1
haan_ghil_muulnaat_1780602822012.png,0,1,1,1,1,1
haan_ghil_muulnaat_1780602822650.png,0,1,1,1,1,0
haan_ghil_muulnaat_1780602823476.png,0,1,0,1,0,1
haan_ghil_muulnaat_1780602824100.png,0,1,0,1,0,0
haan_ghil_muulnaat_1780602824749.png,0,1,0,1,1,0
haan_ghil_muulnaat_1780602825389.png,1,1,1,1,1,1
haan_ghil_muulnaat_1780602826010.png,0,1,1,1,0,0
random_missing_1b05825147534f079d20a3d999ca1b9a.png,0,0,0,0,0,0
random_missing_ac26a8ba113d465da1c7482592fae5eb.png,0,0,0,0,0,0
random_missing_fe951b7d9ed14441a27bb9126cfc9bf8.png,0,0,0,0,0,0
random_missing_9bba35dd3f4e4471893be0c3846e0dd0.png,0,0,0,0,0,0
random_missing_d19fe3a6d58342eb8196d6a6d9325c43.png,0,0,0,0,0,0
random_missing_16c5e3803971432cb7b1c4fc3071a581.png,0,0,0,0,0,0
random_missing_8efbf83e6ded47a1a5341ee8808acaf0.png,0,0,0,0,0,0
random_missing_b8ed843c04c34eff9cc96926148cc52b.png,0,0,0,0,0,0
random_missing_171bf40713ad44f3ade21a8b534e2cf3.png,0,0,0,0,0,0
random_missing_2dcc9e32b1234b22a0a59f70067e3e13.png,0,0,0,0,0,0
random_missing_d5f167e26e28406ba22bf198e9370598.png,0,0,0,0,0,0
random_missing_d110b32721964b5b9fe10d22b4b401a6.png,0,0,0,0,0,0
random_missing_02927d98ffaf4272ba832bf443c23718.png,0,0,0,0,0,0
random_missing_a95d7b33e68e4c708ad8585aed6c46b2.png,0,0,0,0,0,0
random_missing_37c7ba5e1e8f488a954bcd01f9fba60a.png,0,0,0,0,0,0
random_missing_eb1f243a8bd94c57a1d369a2cd72a809.png,0,0,0,0,0,0
random_missing_689769b0a5b7474684603c9e70978e9a.png,0,0,0,0,0,0
random_missing_a4158527fc5f4c44b1e72772dd5243e1.png,0,0,0,0,0,0
random_missing_0b8cb083825747b895e44072739946b0.png,0,0,0,0,0,0
random_missing_b266c4f8e91a46c3bb8542eb88743114.png,0,0,0,0,0,0
random_missing_fb2186496f4243a1b07c0002155e9159.png,0,0,0,0,0,0
random_missing_15ba2fbfd7644f0ca591f46ee0505b61.png,0,0,0,0,0,0
random_missing_66fbfaf53f7248a485cad70ca282c672.png,0,0,0,0,0,0
random_missing_dd3d9f221ce44534a279c40acbdf5b89.png,0,0,0,0,0,0
random_missing_545bb9c1198245e885b95701a3af8e60.png,0,0,0,0,0,0
random_missing_443b7b3aa31d40e1a68a0884dcdfdde2.png,0,0,0,0,0,0
random_missing_d726fda438f947e9994ffa46ab4d8a54.png,0,0,0,0,0,0
random_missing_42d61162d2714498a331ae3bbd87ec63.png,0,0,0,0,0,0
random_missing_0582e7e22fda4cbbab5b3910080bd751.png,0,0,0,0,0,0
random_missing_d5e1a965785240d395bf3819337258e0.png,0,0,0,0,0,0
random_missing_af27ae803d0b46a8beb7c0e88b9eb30e.png,0,0,0,0,0,0
random_missing_bb8f6c16eda44c4e9ac87f6491b867d0.png,0,0,0,0,0,0
random_missing_7576c234f3074c6ba0be30b1a251aa56.png,0,0,0,0,0,0
random_missing_0f77d89c627245e0b77619811be86a06.png,0,0,0,0,0,0
random_missing_1a745fa9b6d3479da1eaff56609a996f.png,0,0,0,0,0,0
random_missing_44fdd354ca88429b8a7f4aaf4f570046.png,0,0,0,0,0,0
random_missing_691b424511914df186f62b8a107709f9.png,0,0,0,0,0,0
random_missing_bfac59920661493daa7ea807fdf55749.png,0,0,0,0,0,0
random_missing_a954649e07224be1932a25d7ca04d87b.png,0,0,0,0,0,0
random_missing_7b680fcc2a1546f092a956bb26f25c9f.png,0,0,0,0,0,0
random_missing_dc76207c525b4c36bf1008c725d193c6.png,0,0,0,0,0,0
random_missing_e25e8268fadc4e43be78ffaf66b99a57.png,0,0,0,0,0,0
random_missing_64443c2662094749aeef9e7d20e91fd1.png,0,0,0,0,0,0
random_missing_f778b8f7bad54daba1afe09588c30b61.png,0,0,0,0,0,0
random_missing_efc07987c17c4a3db4830ee25f19c29e.png,0,0,0,0,0,0
random_missing_8eae388c12e446e2ad8bbcbaec7cae25.png,0,0,0,0,0,0
random_missing_7120b2020608419ebee50f4ea930b905.png,0,0,0,0,0,0
random_missing_c559ff6cc5934a76b74a1f46d24a7671.png,0,0,0,0,0,0
random_missing_443d0edf33364fd4a0108673201d2585.png,0,0,0,0,0,0
random_missing_816f31bec5d74bcea9cdc3c4511f0519.png,0,0,0,0,0,0
random_missing_7896b4b173c0484796f98717a581de7e.png,0,0,0,0,0,0
random_missing_0ac90930f1ee4731973700a9a881b310.png,0,0,0,0,0,0
random_missing_01125200c0bf44c4bf8f5db65c5ae755.png,0,0,0,0,0,0
random_missing_0dd0d593f0514c2d955f72339e328a9f.png,0,0,0,0,0,0
random_missing_69f06e8919a04290b7fdbe69c6444d75.png,0,0,0,0,0,0
random_missing_107520b074c540a58c968acf1e0805ab.png,0,0,0,0,0,0
random_missing_5479fed8eb3947abad60bafe03bb0395.png,0,0,0,0,0,0
random_missing_fd5db8b0c86147bcba4075dbc3f5b65c.png,0,0,0,0,0,0
random_missing_c21351b4cc1240babfcb699b221c5b2c.png,0,0,0,0,0,0
random_missing_ce07daa5b1154dfabd16a9acd1f8f9e1.png,0,0,0,0,0,0
random_missing_91f9e36c51f64390adb0a80e0cc6cbf0.png,0,0,0,0,0,0
random_missing_ddec1a343004451a9c08234e38fe5b32.png,0,0,0,0,0,0
random_missing_f8554e2950c2452b95230fc52e98acb5.png,0,0,0,0,0,0
random_missing_5693b24b39fa43e7b0c20af5307b16c6.png,0,0,0,0,0,0
random_missing_03d94d551a48417b9bf7eb931675245f.png,0,0,0,0,0,0
random_missing_9e1f7ff4bc7943f2a90584af83d8aa39.png,0,0,0,0,0,0
random_missing_a54dc8733f3448c8a3e1dea39e0bd788.png,0,0,0,0,0,0
random_missing_5540f814039346bdafed905e6688c113.png,0,0,0,0,0,0
random_missing_1e2b4b1ee55f4ca49f9557c635f112cb.png,0,0,0,0,0,0
random_missing_b4b4e51de8eb499b858afb4c9259ee97.png,0,0,0,0,0,0
random_missing_2f90eec7ab2a4ee2b627f75586b4e20e.png,0,0,0,0,0,0
random_missing_3c373d39dc4c4bffbf22c8282ee7417a.png,0,0,0,0,0,0
random_missing_316e2d6dfefd4694b4fb09f7de406e96.png,0,0,0,0,0,0
random_missing_1d608c968757446a9df2d9122d06be5f.png,0,0,0,0,0,0
random_missing_20f4a84fecad4c4eaee832733c343dec.png,0,0,0,0,0,0
random_missing_5d77a6ecf66d4d27b2c8564f3413be1e.png,0,0,0,0,0,0
random_missing_c0400bca9b5144b8b74e9978ed0cfac5.png,0,0,0,0,0,0
random_missing_0878cc94bb414968bf5b4510e9e6cf60.png,0,0,0,0,0,0
random_missing_b14f7f0ab83b4dc4a390e325a2a6b1fb.png,0,0,0,0,0,0
random_missing_109f6a82513b44da87043964cb63b245.png,0,0,0,0,0,0
random_missing_88ac4c5db70d44b69303cb4192c7a25b.png,0,0,0,0,0,0
random_missing_4b71d86b88814ce4aed6c7f2f0fdac30.png,0,0,0,0,0,0
random_missing_ace94e86081f4b2c8999fabd75c78389.png,0,0,0,0,0,0
random_missing_b80e60cd192a4972a332d3c0343a0f7e.png,0,0,0,0,0,0
random_missing_c27b11cce30e475590546f3b1dc3cd8f.png,0,0,0,0,0,0
random_missing_19d1037ad774455c89cc6f9d850c72d2.png,0,0,0,0,0,0
random_missing_b0e7b309e9744d4cbfb429d260ff16f2.png,0,0,0,0,0,0
random_missing_96414a9285b3433d85e882ccc365261f.png,0,0,0,0,0,0
random_missing_8915723f36ff4d3bad4489d39ce97903.png,0,0,0,0,0,0
random_missing_c54bfa1e951a4dc391049d629edb0ee1.png,0,0,0,0,0,0
random_missing_49ac905220334f6789c0a8ab7b78019c.png,0,0,0,0,0,0
random_missing_b0d4da1bcad34f168165dc8f7d7072bb.png,0,0,0,0,0,0
random_missing_b01c141551c1444b9787b4dc05658b47.png,0,0,0,0,0,0
random_missing_75a138e019f0421baf14766944b8e64c.png,0,0,0,0,0,0
random_missing_1723be45e8934bb39f3bf5e853711db8.png,0,0,0,0,0,0
random_missing_705b9458bbf14e7e850f4716ea59564d.png,0,0,0,0,0,0
random_missing_5530eedd55b34e499f863d8a51e41fdb.png,0,0,0,0,0,0
random_missing_695619e8253245c4a987299c0b0c80f0.png,0,0,0,0,0,0
random_missing_30fea9d031b04e7792fbf2cd521474cc.png,0,0,0,0,0,0
random_missing_7607ed1b820749379547f0f787bc8af7.png,0,0,0,0,0,0
random_missing_9f42dba19e1f40418607cef904b9ff38.png,0,0,0,0,0,0
random_missing_b45db1026c954fb08448f607b7c39336.png,0,0,0,0,0,0
random_missing_9e527629267e47bbb8a7920029656161.png,0,0,0,0,0,0
random_missing_4e0695aa236e4d54bddfd6d00f788be6.png,0,0,0,0,0,0
random_missing_ddc0ac7debe448c59427153e3dc75c4c.png,0,0,0,0,0,0
random_missing_d4e1a86ba45d47bd99587a73d860b899.png,0,0,0,0,0,0
random_missing_20f9699ee8d24010942409749cbab25e.png,0,0,0,0,0,0
random_missing_d398b7ceb6f94a62a21fb23f33f04d05.png,0,0,0,0,0,0
random_missing_b69dc992cd554494b1283ed81375e9b2.png,0,0,0,0,0,0
random_missing_55cecc6738eb4bec86602702ac89c5d3.png,0,0,0,0,0,0
random_missing_22efeb045820413cb77924a8b87794fc.png,0,0,0,0,0,0
random_missing_02c24baa05a04494b7920790b0ca6357.png,0,0,0,0,0,0
random_missing_0d4ed0573e0f44958808163f8092b72c.png,0,0,0,0,0,0
random_missing_68417e3a18e243f68de67efb27b8efbe.png,0,0,0,0,0,0
random_missing_97571f667c384dc38adf207a3af1e494.png,0,0,0,0,0,0
random_missing_94d824ea694a49d19b7a52476a207009.png,0,0,0,0,0,0
random_missing_0bcb96752eb34fae8bfeba6f5aee2a40.png,0,0,0,0,0,0
random_missing_7a2696c804244243ac32baa307dcb53f.png,0,0,0,0,0,0
random_missing_7731cecca2cc4092b4ac89055415acd0.png,0,0,0,0,0,0
random_missing_0c756d1b87984d87870076a812061c3d.png,0,0,0,0,0,0
random_missing_242e2e386215425c96130780394670b9.png,0,0,0,0,0,0
random_missing_ee6e23acd75a4102ac46d1a71832315b.png,0,0,0,0,0,0
random_missing_f016eaebcb7c4f63840f0840fafcf0e8.png,0,0,0,0,0,0
random_missing_a303ed9a94dd40ebb7cad17884efb11b.png,0,0,0,0,0,0
random_missing_39a36559e6ba4e11925524359e412555.png,0,0,0,0,0,0
random_missing_3a7c70a5ebf749d5b71b1ae54277fdb8.png,0,0,0,0,0,0
random_missing_bee004339aaa4a70b44ac71a5bc76d70.png,0,0,0,0,0,0
random_missing_2e9fb2b73bb0475db2e04233dd05b867.png,0,0,0,0,0,0
random_missing_253e49b18b0545de9029abd6f619c783.png,0,0,0,0,0,0
random_missing_ce16bcafe4934a609b5894ef45e30f35.png,0,0,0,0,0,0
random_missing_0428644df3984000918e88554f31d27d.png,0,0,0,0,0,0
random_missing_c57c5c4e0d3e4c59b2403846347c79ad.png,0,0,0,0,0,0
random_missing_4ece04884fd942d892f1e5c07d991840.png,0,0,0,0,0,0
random_missing_6bb2695a2836419296dd5c43e4806518.png,0,0,0,0,0,0
random_missing_2ede433bdd424a9fb528103ffa732c3a.png,0,0,0,0,0,0
random_missing_55aa6669cad14702ab29831910f557e8.png,0,0,0,0,0,0
random_missing_f9870685f9c0497887eaba88154e4d6e.png,0,0,0,0,0,0
random_missing_65db7e19b81a42568ac2d0ada72a06d9.png,0,0,0,0,0,0
random_missing_0f97fb17e90244d3bed874dd7a77b9a6.png,0,0,0,0,0,0
random_missing_beec4ad0e0ed43dc8cadeeff504b8df5.png,0,0,0,0,0,0
random_missing_ab330b997b5b49f2a6e7ef059d4a91dd.png,0,0,0,0,0,0
random_missing_30f764c783784ac296e38fd4bd3cec68.png,0,0,0,0,0,0
random_missing_d7dbaff970fe4b1287799fe7102b56c9.png,0,0,0,0,0,0
random_missing_896617ed54254f7b903f916edc6d84ca.png,0,0,0,0,0,0
random_missing_62246a03cd9c45c68ba075f5d5cb2e1b.png,0,0,0,0,0,0
random_missing_3c205cd308fc485eb5831a9cacc9c0f5.png,0,0,0,0,0,0
random_missing_fd6ebf002782498a86651c771b624400.png,0,0,0,0,0,0
random_missing_abdbc95f03594f7fbd8f204a1bb969b9.png,0,0,0,0,0,0
random_missing_7b838bade38048dda31a385daa3a0e07.png,0,0,0,0,0,0
random_missing_c9ebe3b84973476f87c41cfe0ff6e3f4.png,0,0,0,0,0,0
random_missing_4bb7eb91c5354333af74f73848f6a4b0.png,0,0,0,0,0,0
random_missing_51872c40c6584532839b1615fb8fdd36.png,0,0,0,0,0,0
random_missing_ab6864469cc048d188a45c1f62a18a9e.png,0,0,0,0,0,0
random_missing_0b17d1d7720c4fe7a70c4d0bc7095fe2.png,0,0,0,0,0,0
random_missing_3ab6338a5692460fb6f6d9c9cd564a2f.png,0,0,0,0,0,0
random_missing_0a306f219eeb4c998a88717cc2e225ae.png,0,0,0,0,0,0
random_missing_ac42b304747640839bc842eab3562e64.png,0,0,0,0,0,0
random_missing_ae544601203142a2bdec79a315478193.png,0,0,0,0,0,0
random_missing_884bf5fe7ae04171be744fef30ababc5.png,0,0,0,0,0,0
random_missing_85f1d19b502c4e05a36a1d95856b7e76.png,0,0,0,0,0,0
random_missing_d032979862534125990ef77d5645bae9.png,0,0,0,0,0,0
random_missing_e10dd72eb0854f81b263c334a2a7ef26.png,0,0,0,0,0,0
random_missing_084d3fe0d16f41d7a7cc8d57e381a39a.png,0,0,0,0,0,0
random_missing_282bc26af7a4437090433134f0e12470.png,0,0,0,0,0,0
random_missing_549b8372cf424fdd8466c56db13b7124.png,0,0,0,0,0,0
random_missing_5dc1a60433c8467bbf3c24b667d31c94.png,0,0,0,0,0,0
random_missing_cde2d373efa9487eaed657c83d0e1c6e.png,0,0,0,0,0,0
random_missing_a4c6f2c2ec354855a6ca05aebf8168f1.png,0,0,0,0,0,0
random_missing_8070ad1bd9774af79d5f2d0818b97954.png,0,0,0,0,0,0
random_missing_fd5118fb932845419dc7190cd23d47fc.png,0,0,0,0,0,0
random_missing_998ef2c5baff44cea3eb9bb151d5e16c.png,0,0,0,0,0,0
random_missing_0a65bf58a93f47179b60bcd9c7818dd8.png,0,0,0,0,0,0
random_missing_01bfc24823b0492090584c32afead227.png,0,0,0,0,0,0
random_missing_ef8d836a61734c74a07e9d23c2fe9f82.png,0,0,0,0,0,0
random_missing_96b7fce3831c4439af25c3a958ce9baf.png,0,0,0,0,0,0
random_missing_92299dd3eaaf41109bf2d2dc80c3ad1c.png,0,0,0,0,0,0
random_missing_f2f21af155de4e52869a88fad01f5fad.png,0,0,0,0,0,0
random_missing_20a5088b794c4b89bd51667611b9772f.png,0,0,0,0,0,0
random_missing_6c8b3367594e486aaf04ae742b0b85e5.png,0,0,0,0,0,0
random_missing_be5c81be6eea4853b454c1bee9e2e29c.png,0,0,0,0,0,0
random_missing_2e90d4514103450b82088d53deda877b.png,0,0,0,0,0,0
random_missing_1523486a8e324d99a3c0b96bb7cbfc4a.png,0,0,0,0,0,0
random_missing_239091bd11b84c20b020ce94224ca730.png,0,0,0,0,0,0
random_missing_6287eb92f8904e1ba0aaace4de3f2895.png,0,0,0,0,0,0
random_missing_e03aca2a762246ceaa9091aabca7143c.png,0,0,0,0,0,0
random_missing_b5229d9d0e7b43b5b873e451c62801cb.png,0,0,0,0,0,0
random_missing_02766ed1180049039efaee73bcca9b0a.png,0,0,0,0,0,0
random_missing_32e9119e9fa845c1b2faf8259e4546ad.png,0,0,0,0,0,0
random_missing_ed73c0719d2746098718558775e5e3d2.png,0,0,0,0,0,0
random_missing_dabca8a03d534248a1611ddc2bbca0ac.png,0,0,0,0,0,0
random_missing_6d498ad0326649ca8b621411a653508e.png,0,0,0,0,0,0
random_missing_834dcd1c07744962a392563bcf34405b.png,0,0,0,0,0,0
random_missing_bf0da22e08d84af6b06b4447ce0969ce.png,0,0,0,0,0,0
random_missing_c0daf7c295f149249fd8a0d2020c1859.png,0,0,0,0,0,0
random_missing_7360ab2febcc4a5892cd310cb9cd78fc.png,0,0,0,0,0,0
random_missing_24a0668782fd41b784bfdaee0b090201.png,0,0,0,0,0,0
random_missing_98042270138e4916b3a7cfd8c84fe152.png,0,0,0,0,0,0
random_missing_22d77caa9a664281a23ef431b30ff0de.png,0,0,0,0,0,0
random_missing_d3953100645b40bdb587c9249f048a9c.png,0,0,0,0,0,0
random_missing_26230d1e988f4e67953a9225f533623e.png,0,0,0,0,0,0
random_missing_d68e874b78c041c3b95741326a0a8902.png,0,0,0,0,0,0
random_missing_a654fe0b66c54c90a980c608e804fe67.png,0,0,0,0,0,0
random_missing_dd4a208b73ed450b83f70fa1bd18cea6.png,0,0,0,0,0,0
random_missing_c3298f424e794dfea549fd83801a8482.png,0,0,0,0,0,0
random_missing_6f9ffac230b7416a937dd2c77303907c.png,0,0,0,0,0,0
random_missing_c23250e19b59461c94ca9b623221ffd9.png,0,0,0,0,0,0
random_missing_d78e4d3fa8c740d381ca747fc5b9ad7f.png,0,0,0,0,0,0
random_missing_9917eb11744842c3b7d2c7532a46d3ca.png,0,0,0,0,0,0
random_missing_dbed159c181e415b8a351f0576073aa7.png,0,0,0,0,0,0
random_missing_57fba159cb714fceaef8cda446f1be3c.png,0,0,0,0,0,0
random_missing_a875ea58a8c14c678700ed2903e427e1.png,0,0,0,0,0,0
random_missing_d95f625918104548ba9c991bcb320193.png,0,0,0,0,0,0
random_missing_d1269d62b2064aa9adcd4c7a7bd21ef2.png,0,0,0,0,0,0
random_missing_058f3dd838924c3c80df6e4c8c97d2b2.png,0,0,0,0,0,0
random_missing_1a0da32816e94392b614e5a53c3808cd.png,0,0,0,0,0,0
random_missing_34cf489ec27741978b859c597758d2c6.png,0,0,0,0,0,0
random_missing_b454ad861c284a9c8483f60d2522b768.png,0,0,0,0,0,0
random_missing_3fce6b7eedc4446dbfecd9ff3a2c0fb1.png,0,0,0,0,0,0
random_missing_1a41a759f6eb4359b3fa48902ec9af75.png,0,0,0,0,0,0
random_missing_f3b18d15f56e4226a81e3f0b27eeb86a.png,0,0,0,0,0,0
random_missing_d54039bdb429470ab351d482be6b3389.png,0,0,0,0,0,0
random_missing_d3edb2ed285f46d7bd9140d9c3fc367b.png,0,0,0,0,0,0
random_missing_3ad74eb7289844a9a3809069fa7726f0.png,0,0,0,0,0,0
random_missing_60078b561c4c4cf383b7462397591733.png,0,0,0,0,0,0
random_missing_1ca6f356c31f43b18b820d325e6c4adf.png,0,0,0,0,0,0
random_missing_90948b274a8a4cd593931b994b934f3a.png,0,0,0,0,0,0
random_missing_ab42e4a16e6142e481660e606bfa877a.png,0,0,0,0,0,0
random_missing_e2b04bcbbf4849348e2e5185d5b7ab21.png,0,0,0,0,0,0
random_missing_f41a8a7779a3464cb0e0be3e540c70cb.png,0,0,0,0,0,0
random_missing_11db6394ce9147fc94cab49c128a227c.png,0,0,0,0,0,0
random_missing_91ddeef835684b76b34cee38b42c519c.png,0,0,0,0,0,0
random_missing_e3e67f80ace84677bd00ca768c1921a4.png,0,0,0,0,0,0
random_missing_73d3a78bacef4765a8f2196d0245bfe3.png,0,0,0,0,0,0
random_missing_a039dd3b5dd8403aa99eb3da9d510ec0.png,0,0,0,0,0,0
random_missing_331dc395d0d1478992b400fadd6dd0ec.png,0,0,0,0,0,0
random_missing_e70ab9f04c4e4c5384e506e1de5eed24.png,0,0,0,0,0,0
random_missing_4bd5975a0118493aa85d0185de800811.png,0,0,0,0,0,0
random_missing_6e13bfb3008d4bb8b62eb526c9dc9535.png,0,0,0,0,0,0
random_missing_eac50fda1a0b496da5ff49899627c3d9.png,0,0,0,0,0,0
random_missing_555df315b07248d283e6ed66191a8be2.png,0,0,0,0,0,0
random_missing_542ab743856446098179828202a175e2.png,0,0,0,0,0,0
random_missing_e25d00a46e134e58ac854365916101b9.png,0,0,0,0,0,0
random_missing_9c9ef52523cb498cba479b733094b5a2.png,0,0,0,0,0,0
random_missing_1123b09c05c04f08ad5a070157356378.png,0,0,0,0,0,0
